id,host_id,neighbourhood_group,neighbourhood,latitude,longitude,room_type,price,minimum_nights,number_of_reviews,last_review,reviews_per_month,calculated_host_listings_count,availability_365
1,42496,Manhattan,Midtown,40.770061,-73.973201,Entire home/apt,158.83,3,10,2021-12-15,1.12,1,120
2,71102,Bronx,Fordham,40.918809,-73.839362,Entire home/apt,69.37,30,34,2024-06-30,5.14,2,87
3,77792,Brooklyn,Bushwick,40.580505,-74.050371,Private room,112.15,1,27,2024-03-04,0.47,1,25
4,38577,Brooklyn,Park Slope,40.674341,-74.016964,Entire home/apt,120.05,30,6,2023-07-03,1.27,1,38
5,38928,Manhattan,Chelsea,40.796071,-73.970355,Private room,224.72,7,23,2023-07-16,0.72,1,309
6,96876,Manhattan,Lower East Side,40.786408,-73.985335,Entire home/apt,279.92,2,4,2024-06-24,0.82,1,149
7,33701,Manhattan,Chelsea,40.817928,-73.914348,Private room,149.02,1,10,2024-08-15,0.09,1,352
8,3676,Queens,Astoria,40.705913,-73.766657,Private room,64.41,7,5,2024-02-28,1.75,5,224
9,17864,Brooklyn,Williamsburg,40.684045,-73.959781,Entire home/apt,261.55,3,20,2023-03-23,0.33,1,354
10,60631,Brooklyn,Crown Heights,40.628276,-74.009298,Entire home/apt,262.63,14,19,2024-04-27,0.95,3,344
11,84389,Manhattan,Chelsea,40.760388,-73.963095,Entire home/apt,329.3,7,11,2024-05-14,0.85,1,98
12,77918,Bronx,Mott Haven,40.818816,-73.993715,Private room,68.19,14,19,2023-09-08,0.95,3,24
13,25187,Queens,Jamaica,40.763789,-73.797961,Private room,66.14,5,23,2024-05-25,0.71,2,109
14,75088,Manhattan,Upper East Side,40.810033,-73.963738,Private room,178.88,14,16,2024-02-09,0.42,1,100
15,60012,Manhattan,Tribeca,40.753527,-74.015794,Entire home/apt,251.59,3,59,2024-06-05,0.89,1,122
16,54315,Manhattan,Upper East Side,40.768711,-73.983702,Entire home/apt,288.26,2,40,2024-06-08,0.07,1,265
17,25996,Manhattan,Tribeca,40.801963,-73.971377,Entire home/apt,258.04,5,28,2024-07-26,0.42,1,207
18,74027,Brooklyn,Park Slope,40.746221,-74.02369,Entire home/apt,159.91,1,9,2024-08-16,2.3,1,108
19,85696,Brooklyn,Crown Heights,40.736116,-73.900941,Private room,72.87,2,15,2023-08-09,2.78,1,305
20,14343,Manhattan,Midtown,40.742735,-73.944748,Private room,173.62,5,11,2024-07-28,1.88,5,28
21,22261,Brooklyn,Bed-Stuy,40.683808,-73.920677,Private room,162.16,14,36,2024-08-21,1.5,1,313
22,38338,Manhattan,Lower East Side,40.765802,-73.945695,Entire home/apt,460.08,14,21,2024-03-28,2.5,1,259
23,4262,Manhattan,Harlem,40.759383,-73.954558,Shared room,49.0,3,9,2024-04-12,0.21,1,67
24,63587,Manhattan,Upper East Side,40.799512,-73.990683,Private room,241.17,5,10,2024-04-04,1.12,20,78
25,93445,Brooklyn,Crown Heights,40.797202,-73.930308,Shared room,47.55,30,7,2024-05-11,0.19,1,254
26,48308,Queens,Forest Hills,40.780511,-73.91707,Private room,91.56,5,7,2024-08-05,2.26,1,131
27,50631,Manhattan,Midtown,40.825455,-73.995691,Entire home/apt,200.43,14,49,2024-08-29,1.1,1,12
28,25820,Brooklyn,Bushwick,40.739693,-74.003886,Entire home/apt,203.22,14,13,2024-08-24,2.49,3,177
29,87698,Brooklyn,Greenpoint,40.641061,-73.896875,Private room,108.84,2,11,2023-04-04,2.41,2,52
30,49412,Manhattan,Upper East Side,40.803651,-73.996626,Entire home/apt,159.03,14,35,2024-04-18,0.94,1,55
31,57790,Brooklyn,Williamsburg,40.743628,-73.881501,Entire home/apt,244.89,5,21,2024-06-02,1.03,1,325
32,81251,Manhattan,Tribeca,40.764341,-73.939227,Private room,246.7,7,19,2024-05-29,0.04,1,324
33,74293,Manhattan,Upper East Side,40.753963,-73.983695,Private room,134.28,14,34,2024-02-24,1.11,2,54
34,59569,Bronx,South Bronx,40.86875,-73.907478,Private room,93.73,2,5,2024-06-08,1.7,2,288
35,62382,Bronx,Riverdale,40.857991,-73.852746,Entire home/apt,100.85,7,7,2023-11-20,0.4,1,68
36,20442,Queens,Long Island City,40.713234,-73.728308,Entire home/apt,202.28,5,0,,0.0,1,239
37,48357,Manhattan,Chelsea,40.778533,-73.966569,Private room,59.29,14,14,2024-07-09,5.52,1,57
38,47714,Manhattan,Harlem,40.806029,-73.955386,Shared room,213.14,30,4,2024-06-11,0.5,1,291
39,26689,Brooklyn,Park Slope,40.725361,-74.013151,Private room,174.61,7,1,2023-04-29,1.87,1,268
40,77195,Brooklyn,Williamsburg,40.709688,-73.99691,Shared room,48.19,30,13,2024-07-09,0.05,1,347
41,35547,Manhattan,Lower East Side,40.757472,-73.972634,Private room,65.43,3,35,2024-02-19,1.64,1,134
42,1638,Brooklyn,Bed-Stuy,40.623942,-73.896763,Private room,107.72,14,17,2024-06-12,1.47,5,56
43,34208,Manhattan,Tribeca,40.799391,-74.009253,Entire home/apt,161.64,3,15,2024-05-10,2.59,1,136
44,19075,Bronx,Fordham,40.803385,-73.937789,Private room,64.99,5,8,2024-08-24,0.54,1,281
45,13397,Manhattan,Upper East Side,40.773847,-73.962096,Private room,169.77,7,64,2024-07-31,3.16,1,352
46,87518,Brooklyn,Greenpoint,40.663663,-73.979586,Private room,65.88,5,15,2024-08-13,2.93,1,310
47,68371,Manhattan,Lower East Side,40.809104,-74.017297,Entire home/apt,450.95,3,14,2023-10-02,1.66,1,22
48,60818,Brooklyn,Bushwick,40.752412,-73.976857,Private room,132.5,7,32,2023-01-23,0.96,1,356
49,63006,Brooklyn,Bushwick,40.673513,-73.975842,Entire home/apt,283.67,3,36,2024-08-20,1.45,1,183
50,18402,Manhattan,Chelsea,40.813958,-73.99582,Entire home/apt,289.02,7,31,2024-08-18,1.96,2,153
51,67647,Bronx,South Bronx,40.845387,-73.838428,Entire home/apt,61.76,14,28,2024-04-10,5.55,1,115
52,31656,Queens,Flushing,40.59932,-73.868492,Private room,106.46,2,18,2024-04-28,0.19,1,74
53,95312,Bronx,South Bronx,40.837391,-73.909133,Entire home/apt,97.65,5,17,2024-02-25,0.56,1,76
54,38786,Queens,Astoria,40.662953,-73.822889,Entire home/apt,82.59,30,7,2024-01-05,2.28,20,51
55,12904,Brooklyn,Crown Heights,40.717175,-73.964763,Entire home/apt,329.74,30,6,2023-11-19,0.79,1,188
56,5617,Bronx,South Bronx,40.898721,-73.914688,Private room,125.98,14,15,2024-08-03,1.67,1,271
57,4626,Manhattan,Lower East Side,40.758062,-73.932673,Entire home/apt,283.29,14,6,2024-08-26,0.21,1,348
58,73072,Manhattan,Hell Kitchen,40.769941,-73.997418,Entire home/apt,683.08,7,17,2023-08-03,1.85,1,147
59,65796,Manhattan,Chelsea,40.748259,-73.949698,Private room,149.36,14,15,2024-05-10,1.68,1,95
60,67049,Manhattan,Chelsea,40.776274,-73.976274,Entire home/apt,247.34,14,8,2022-12-03,1.32,1,251
61,97593,Manhattan,Chelsea,40.779916,-73.950941,Shared room,62.95,7,11,2024-04-18,2.17,1,72
62,98293,Manhattan,Midtown,40.779509,-73.924319,Shared room,155.91,2,45,2024-04-26,3.18,1,131
63,32293,Queens,Forest Hills,40.738901,-73.709957,Entire home/apt,105.4,1,12,2024-03-10,2.65,1,305
64,53278,Manhattan,Upper East Side,40.799205,-73.971929,Entire home/apt,386.48,2,18,2024-07-30,0.2,1,297
65,60652,Manhattan,Upper East Side,40.771361,-73.964561,Private room,115.14,7,23,2024-07-11,2.05,1,110
66,26975,Brooklyn,Bed-Stuy,40.708806,-73.978555,Entire home/apt,159.71,14,64,2023-07-04,0.9,1,137
67,81621,Manhattan,Tribeca,40.786427,-73.946476,Entire home/apt,434.88,14,6,2024-07-21,0.61,2,55
68,81068,Queens,Astoria,40.893796,-73.72655,Entire home/apt,123.69,30,43,2024-07-16,3.18,2,202
69,84905,Manhattan,Upper East Side,40.820355,-73.983787,Shared room,68.89,1,34,2024-04-26,1.23,1,321
70,26126,Staten Island,St. George,40.614594,-74.096659,Entire home/apt,156.06,14,6,2024-03-01,1.04,1,219
71,67710,Queens,Forest Hills,40.656493,-73.833747,Private room,136.4,3,6,2024-09-01,2.3,1,189
72,77027,Manhattan,Tribeca,40.817858,-73.990702,Private room,186.36,5,10,2024-05-15,1.21,1,139
73,7641,Manhattan,Tribeca,40.756277,-73.94064,Entire home/apt,221.64,30,15,2024-06-02,2.93,1,39
74,55677,Queens,Jamaica,40.823941,-73.76033,Entire home/apt,117.4,1,10,2023-09-06,0.16,2,300
75,26500,Brooklyn,Crown Heights,40.675457,-73.970511,Hotel room,148.68,3,10,2023-10-08,2.25,1,247
76,52955,Brooklyn,Bed-Stuy,40.695117,-73.849412,Entire home/apt,218.3,14,66,2023-07-04,0.27,1,225
77,26739,Queens,Flushing,40.747285,-73.621543,Private room,48.5,30,6,2023-10-05,0.38,1,35
78,15348,Manhattan,Tribeca,40.765141,-73.971594,Entire home/apt,384.59,7,4,2023-11-28,0.3,1,309
79,91745,Manhattan,Upper East Side,40.775639,-73.992903,Entire home/apt,298.02,1,9,2023-09-15,0.41,1,38
80,14191,Manhattan,Tribeca,40.780038,-73.962853,Entire home/apt,144.99,2,64,2024-07-29,1.97,1,320
81,82517,Queens,Flushing,40.770138,-73.621264,Entire home/apt,99.31,14,10,2024-06-18,1.6,1,11
82,38015,Brooklyn,Greenpoint,40.706068,-73.875192,Entire home/apt,156.94,5,20,2024-02-07,0.39,1,253
83,97475,Manhattan,Midtown,40.784422,-73.937639,Private room,139.86,14,29,2023-05-29,0.47,1,0
84,51980,Manhattan,Tribeca,40.831069,-73.960578,Entire home/apt,613.19,30,9,2024-02-17,0.16,1,83
85,64834,Manhattan,Hell Kitchen,40.763247,-73.982176,Entire home/apt,316.79,2,9,2024-07-22,0.8,1,163
86,9867,Manhattan,Harlem,40.788739,-73.96207,Entire home/apt,205.75,2,29,2023-03-31,0.71,1,165
87,65072,Brooklyn,Bushwick,40.720106,-73.916588,Private room,104.86,5,14,2023-12-19,0.24,1,258
88,71670,Brooklyn,Bushwick,40.678619,-73.982372,Entire home/apt,166.78,2,17,2024-01-19,2.7,1,177
89,84258,Queens,Jamaica,40.760291,-73.646501,Private room,81.99,7,41,2023-12-18,2.87,1,172
90,51651,Brooklyn,Bushwick,40.739396,-73.912118,Entire home/apt,242.19,2,2,2024-02-21,0.17,1,147
91,15862,Manhattan,Midtown,40.803691,-73.978621,Entire home/apt,467.15,30,19,2024-08-28,0.46,20,237
92,24651,Brooklyn,Crown Heights,40.647704,-73.989067,Entire home/apt,190.14,7,17,2024-07-11,2.0,3,173
93,64317,Queens,Forest Hills,40.718177,-73.82866,Private room,138.69,2,0,,0.0,2,327
94,66168,Brooklyn,Bushwick,40.750696,-73.972719,Entire home/apt,276.08,14,10,2023-02-15,0.11,2,138
95,56189,Queens,Flushing,40.663982,-73.639494,Entire home/apt,108.51,7,9,2024-07-02,3.49,1,363
96,85182,Brooklyn,Bed-Stuy,40.651117,-73.934988,Entire home/apt,464.72,1,7,2023-12-11,0.1,1,29
97,14531,Brooklyn,Park Slope,40.705279,-74.012402,Private room,109.41,7,5,2024-05-25,1.51,1,59
98,94776,Brooklyn,Bed-Stuy,40.752329,-73.905973,Entire home/apt,137.48,30,29,2023-07-01,0.03,1,179
99,5434,Manhattan,Midtown,40.814268,-73.984784,Entire home/apt,557.87,14,27,2024-04-08,3.95,1,19
100,76788,Manhattan,Chelsea,40.785083,-73.970413,Entire home/apt,661.21,5,34,2024-03-06,0.65,1,109
101,46548,Manhattan,Harlem,40.788378,-74.000292,Entire home/apt,284.22,2,12,2024-07-14,1.57,1,285
102,38420,Brooklyn,Park Slope,40.68485,-74.029788,Private room,78.48,14,3,2024-08-22,0.31,1,300
103,69385,Manhattan,Tribeca,40.790267,-74.013773,Private room,134.41,1,12,2023-12-22,0.58,1,203
104,79958,Brooklyn,Bed-Stuy,40.567105,-73.895087,Entire home/apt,255.54,2,18,2024-08-20,2.06,1,267
105,8055,Bronx,Mott Haven,40.817458,-73.914193,Entire home/apt,181.39,14,8,2024-01-15,5.42,2,294
106,61458,Manhattan,Tribeca,40.808517,-73.964647,Entire home/apt,361.82,7,13,2024-04-09,7.25,1,65
107,78244,Brooklyn,Greenpoint,40.730525,-73.954175,Entire home/apt,199.97,2,5,2023-10-29,2.49,1,214
108,56389,Queens,Astoria,40.94257,-73.843261,Entire home/apt,262.18,30,29,2024-07-22,2.82,1,175
109,94058,Manhattan,Tribeca,40.81799,-73.972427,Private room,127.06,14,9,2024-04-14,5.23,1,268
110,16674,Manhattan,Tribeca,40.75001,-73.961543,Shared room,122.34,3,13,2024-03-14,0.06,1,317
111,97383,Manhattan,Harlem,40.789395,-73.992226,Hotel room,192.49,1,35,2024-08-19,0.28,2,17
112,37243,Manhattan,Chelsea,40.764656,-73.971694,Private room,171.1,14,19,2024-01-04,0.08,1,146
113,5213,Bronx,Riverdale,40.862287,-73.988333,Private room,51.98,3,31,2024-06-05,1.04,1,154
114,11494,Queens,Long Island City,40.81245,-73.83446,Private room,70.41,2,15,2024-08-08,4.77,1,29
115,57991,Brooklyn,Williamsburg,40.598295,-73.887736,Entire home/apt,165.1,7,30,2024-06-05,1.31,1,128
116,58748,Queens,Astoria,40.726311,-73.697607,Private room,123.3,1,29,2024-08-14,1.22,2,135
117,5141,Queens,Astoria,40.763236,-73.795021,Entire home/apt,107.41,14,6,2023-08-04,2.63,1,62
118,19932,Manhattan,Harlem,40.780045,-73.961546,Entire home/apt,214.19,1,9,2024-05-15,3.97,1,149
119,89004,Queens,Jamaica,40.695117,-73.863106,Private room,168.18,30,8,2024-08-06,1.8,1,147
120,62936,Brooklyn,Bed-Stuy,40.714795,-73.952869,Entire home/apt,283.9,7,44,2024-07-11,3.39,3,333
121,27487,Queens,Flushing,40.730885,-73.70775,Entire home/apt,55.47,1,27,2024-01-13,0.29,1,141
122,56765,Queens,Flushing,40.71909,-73.793697,Shared room,32.3,30,19,2023-11-29,1.05,1,335
123,13998,Manhattan,Upper East Side,40.771107,-73.962585,Entire home/apt,139.51,14,7,2024-08-25,0.68,1,146
124,41297,Manhattan,Lower East Side,40.790097,-73.953184,Entire home/apt,196.9,7,24,2024-08-21,0.61,1,294
125,69809,Manhattan,Lower East Side,40.771517,-73.980356,Shared room,23.08,14,7,2023-06-11,0.36,3,92
126,57243,Brooklyn,Williamsburg,40.725728,-73.929067,Private room,90.88,3,7,2024-06-21,3.37,1,293
127,99895,Queens,Jamaica,40.655703,-73.690376,Private room,45.6,2,28,2024-07-25,0.9,5,305
128,97872,Queens,Astoria,40.592324,-73.732157,Entire home/apt,147.49,1,1,2024-08-09,1.13,1,25
129,96899,Manhattan,Tribeca,40.757796,-73.933484,Entire home/apt,150.34,1,38,2024-05-08,0.49,10,176
130,94523,Brooklyn,Greenpoint,40.585524,-73.875065,Private room,99.24,1,6,2023-12-11,4.94,1,99
131,39297,Brooklyn,Bed-Stuy,40.673302,-73.966196,Private room,81.32,3,3,2024-04-22,1.42,1,19
132,47077,Manhattan,Chelsea,40.786808,-73.958562,Entire home/apt,525.18,7,67,2024-08-29,0.0,2,360
133,81974,Manhattan,Upper East Side,40.765012,-73.987516,Entire home/apt,506.49,14,17,2024-05-05,0.47,1,152
134,84944,Manhattan,Harlem,40.796092,-74.005347,Entire home/apt,394.29,7,11,2024-06-26,11.0,1,135
135,31813,Bronx,Riverdale,40.815589,-73.712766,Shared room,26.85,3,18,2024-02-08,5.52,1,110
136,17139,Manhattan,Harlem,40.76374,-73.948244,Entire home/apt,637.22,2,16,2024-04-21,1.18,1,103
137,76902,Brooklyn,Crown Heights,40.643043,-73.913657,Private room,51.58,14,17,2023-01-05,1.25,5,127
138,3761,Brooklyn,Park Slope,40.717461,-73.876463,Entire home/apt,109.52,3,10,2024-03-21,3.48,1,20
139,94274,Manhattan,Harlem,40.779095,-73.931422,Private room,139.25,14,16,2024-03-05,1.85,1,202
140,10591,Staten Island,St. George,40.550033,-74.140831,Shared room,68.73,1,24,2024-04-22,4.04,1,174
141,50172,Bronx,Fordham,40.857064,-73.920898,Private room,50.17,2,27,2024-06-26,0.98,1,89
142,20510,Manhattan,Midtown,40.777383,-73.96797,Entire home/apt,267.65,5,17,2024-03-06,5.59,1,70
143,51063,Brooklyn,Park Slope,40.652273,-73.797745,Private room,53.92,30,10,2024-06-21,1.16,1,140
144,92172,Manhattan,Chelsea,40.766328,-73.947612,Private room,210.23,2,13,2024-01-18,1.55,1,239
145,37780,Manhattan,Upper East Side,40.800229,-73.971477,Entire home/apt,421.67,14,21,2024-07-15,0.13,1,87
146,96317,Manhattan,Tribeca,40.765796,-73.986565,Private room,197.44,3,35,2024-06-11,1.42,50,151
147,76046,Brooklyn,Bushwick,40.647122,-74.051344,Private room,74.64,14,21,2024-03-28,2.19,1,225
148,9872,Brooklyn,Bed-Stuy,40.617992,-74.033149,Shared room,40.7,30,15,2024-03-07,0.87,1,38
149,7421,Manhattan,Hell Kitchen,40.810018,-73.958831,Private room,85.85,1,40,2024-02-16,1.05,2,195
150,63000,Manhattan,Tribeca,40.798819,-73.959423,Entire home/apt,297.83,30,8,2024-01-29,0.75,1,83
151,46008,Bronx,South Bronx,40.853148,-73.791766,Entire home/apt,70.62,14,4,2024-06-25,5.21,1,204
152,42616,Manhattan,Upper East Side,40.770885,-73.969067,Entire home/apt,179.83,2,14,2023-07-28,0.97,1,56
153,21889,Manhattan,Tribeca,40.798041,-73.997624,Shared room,68.37,7,10,2024-08-27,0.2,1,310
154,69708,Brooklyn,Bed-Stuy,40.863995,-73.942486,Private room,78.94,2,42,2024-07-26,0.04,1,315
155,69389,Staten Island,Stapleton,40.586599,-74.099925,Private room,40.0,5,28,2024-08-19,2.22,1,308
156,2445,Manhattan,Lower East Side,40.801399,-73.970438,Entire home/apt,347.07,14,27,2024-02-14,1.19,1,356
157,54032,Brooklyn,Greenpoint,40.686008,-74.034449,Entire home/apt,198.17,14,9,2024-07-06,0.0,1,150
158,63076,Queens,Long Island City,40.683683,-73.753523,Private room,64.16,14,35,2024-07-24,0.72,1,171
159,51281,Manhattan,Hell Kitchen,40.791978,-73.946777,Entire home/apt,309.87,30,42,2024-05-07,3.68,1,76
160,91864,Brooklyn,Greenpoint,40.67097,-74.027437,Entire home/apt,129.14,2,14,2024-03-12,4.43,1,313
161,52010,Manhattan,Lower East Side,40.804235,-73.942478,Private room,150.19,30,15,2024-03-12,0.08,1,364
162,23131,Brooklyn,Greenpoint,40.732095,-73.954018,Entire home/apt,203.92,2,26,2024-04-08,0.2,2,163
163,74741,Brooklyn,Park Slope,40.740863,-73.738465,Entire home/apt,105.24,14,9,2022-04-17,0.01,1,55
164,54735,Brooklyn,Bushwick,40.685109,-74.022904,Entire home/apt,285.94,2,20,2023-09-13,3.05,20,168
165,37977,Manhattan,Upper East Side,40.771374,-73.95869,Entire home/apt,202.43,1,21,2024-07-14,0.11,1,74
166,60131,Queens,Forest Hills,40.599816,-73.781348,Hotel room,111.97,3,23,2023-12-21,0.17,1,143
167,12493,Manhattan,Upper East Side,40.790707,-73.940498,Entire home/apt,458.85,1,17,2024-04-03,0.39,1,331
168,63529,Manhattan,Hell Kitchen,40.809304,-73.953908,Entire home/apt,417.06,2,17,2024-08-19,3.74,1,272
169,72110,Manhattan,Tribeca,40.739846,-73.952779,Entire home/apt,291.98,7,19,2024-08-23,1.75,1,158
170,12941,Brooklyn,Williamsburg,40.720531,-73.928843,Private room,83.04,7,23,2023-11-17,1.44,1,199
171,44562,Brooklyn,Crown Heights,40.574387,-73.990806,Entire home/apt,280.48,7,23,2024-04-13,2.3,1,268
172,57566,Manhattan,Tribeca,40.759764,-74.0115,Private room,188.61,30,26,2024-04-02,1.77,5,150
173,55136,Brooklyn,Crown Heights,40.678025,-73.992069,Entire home/apt,149.93,2,36,2024-06-20,2.06,2,260
174,50917,Manhattan,Chelsea,40.835606,-73.974575,Entire home/apt,209.56,2,17,2023-05-11,0.11,1,258
175,53568,Brooklyn,Greenpoint,40.755825,-74.038346,Entire home/apt,83.81,5,17,2024-01-21,1.34,1,126
176,95844,Manhattan,Harlem,40.772498,-73.969262,Private room,153.15,5,17,2023-05-17,2.1,1,297
177,69089,Brooklyn,Williamsburg,40.623711,-73.969532,Shared room,52.24,30,8,2024-08-14,1.25,1,297
178,2580,Manhattan,Hell Kitchen,40.778741,-73.975878,Entire home/apt,453.7,3,33,2024-03-28,0.02,1,280
179,71117,Bronx,Riverdale,40.937556,-73.845889,Private room,62.8,2,9,2024-03-03,0.36,1,95
180,19942,Manhattan,Harlem,40.79269,-73.960407,Shared room,138.12,2,25,2024-08-08,4.94,1,79
181,59350,Manhattan,Midtown,40.795353,-73.972858,Entire home/apt,217.9,7,8,2024-06-17,1.83,20,74
182,17394,Manhattan,Lower East Side,40.776685,-73.967864,Private room,227.03,30,8,2024-07-20,1.75,1,151
183,8578,Bronx,Mott Haven,40.90264,-73.808488,Entire home/apt,88.05,5,12,2022-08-14,1.62,1,104
184,50012,Queens,Flushing,40.708968,-73.733473,Shared room,55.28,14,11,2024-04-13,0.21,1,87
185,38307,Manhattan,Tribeca,40.779208,-73.970523,Private room,80.34,14,36,2024-06-25,0.01,1,125
186,69003,Brooklyn,Bed-Stuy,40.649789,-73.955099,Shared room,59.33,1,8,2024-02-18,0.87,5,315
187,5024,Queens,Flushing,40.835506,-73.787506,Private room,32.55,5,7,2024-02-21,0.88,1,45
188,32500,Brooklyn,Crown Heights,40.686317,-74.031033,Entire home/apt,172.54,14,12,2024-06-17,2.51,1,337
189,14934,Brooklyn,Williamsburg,40.659645,-73.958679,Shared room,64.4,30,16,2022-02-26,0.3,1,64
190,6531,Manhattan,Midtown,40.766517,-73.970767,Entire home/apt,233.83,3,37,2023-11-09,0.48,1,139
191,5191,Manhattan,Hell Kitchen,40.774516,-73.9696,Entire home/apt,189.2,30,10,2024-06-01,0.12,1,86
192,56237,Queens,Jamaica,40.73792,-73.87136,Private room,101.0,1,20,2024-02-20,0.77,1,263
193,16762,Bronx,Fordham,40.824865,-73.860931,Private room,52.19,7,1,2024-01-22,0.44,1,352
194,7670,Brooklyn,Williamsburg,40.749258,-73.928797,Shared room,44.4,30,34,2024-07-29,0.46,3,267
195,40254,Manhattan,Upper East Side,40.769861,-73.96322,Entire home/apt,292.87,5,2,2023-08-20,0.44,1,80
196,4183,Manhattan,Chelsea,40.817251,-73.952866,Private room,413.43,14,16,2023-10-23,0.4,1,221
197,87551,Brooklyn,Crown Heights,40.711052,-73.900665,Private room,152.28,2,21,2023-12-23,0.58,3,358
198,50205,Queens,Flushing,40.843396,-73.70885,Entire home/apt,229.26,14,7,2024-07-18,1.15,1,234
199,43551,Queens,Long Island City,40.773541,-73.709409,Entire home/apt,171.41,30,10,2024-08-06,0.86,3,76
200,10449,Queens,Jamaica,40.641668,-73.915081,Entire home/apt,153.92,3,15,2024-07-28,0.1,1,124
201,37599,Brooklyn,Bed-Stuy,40.687626,-73.940079,Entire home/apt,73.63,3,52,2024-08-15,0.83,1,264
202,80278,Manhattan,Midtown,40.772222,-73.954683,Hotel room,164.63,1,30,2023-04-13,2.81,3,118
203,13547,Manhattan,Upper East Side,40.745843,-73.981895,Private room,118.82,1,21,2023-09-24,0.16,1,283
204,23689,Queens,Astoria,40.689404,-73.925804,Private room,34.01,30,29,2024-08-15,4.33,1,209
205,38042,Brooklyn,Bushwick,40.767884,-74.025752,Hotel room,90.64,3,35,2024-02-11,0.55,1,169
206,77006,Manhattan,Tribeca,40.771333,-73.95304,Entire home/apt,130.4,5,7,2024-07-13,0.02,1,288
207,76546,Manhattan,Midtown,40.796021,-73.993363,Private room,141.81,2,22,2024-08-29,0.44,3,301
208,57298,Brooklyn,Williamsburg,40.719149,-73.926813,Entire home/apt,266.4,7,1,2024-07-01,0.11,2,319
209,85718,Manhattan,Chelsea,40.829761,-73.963121,Private room,224.2,2,23,2024-05-20,1.25,1,64
210,66205,Manhattan,Chelsea,40.780275,-73.98833,Entire home/apt,339.98,30,10,2024-08-29,0.57,2,310
211,47991,Brooklyn,Crown Heights,40.633545,-73.993746,Shared room,36.73,30,12,2024-06-23,2.47,1,191
212,16967,Brooklyn,Crown Heights,40.760466,-73.943122,Entire home/apt,88.65,5,32,2024-01-29,1.98,1,121
213,38432,Brooklyn,Bed-Stuy,40.712115,-73.853345,Entire home/apt,95.08,1,16,2024-07-17,0.95,1,210
214,46114,Manhattan,Chelsea,40.735931,-73.945623,Private room,86.68,7,5,2024-05-05,1.23,1,3
215,12560,Brooklyn,Williamsburg,40.681524,-73.918097,Entire home/apt,134.55,2,12,2023-08-05,1.41,1,6
216,59028,Manhattan,Harlem,40.766532,-73.986302,Private room,135.09,2,8,2024-08-27,0.47,1,111
217,91978,Manhattan,Chelsea,40.792877,-73.923508,Entire home/apt,191.96,7,49,2023-11-29,0.23,1,330
218,29740,Brooklyn,Bushwick,40.738399,-73.868269,Private room,109.94,3,7,2024-06-06,0.71,1,92
219,86398,Brooklyn,Bushwick,40.66668,-73.980212,Entire home/apt,174.97,7,4,2024-04-14,0.15,1,252
220,26773,Queens,Flushing,40.665736,-73.833962,Entire home/apt,144.61,2,3,2024-07-16,0.57,1,263
221,48460,Brooklyn,Bushwick,40.555033,-73.987695,Entire home/apt,302.96,7,24,2024-03-30,1.21,1,300
222,37734,Brooklyn,Greenpoint,40.644579,-73.954721,Entire home/apt,119.75,14,16,2024-01-09,1.17,3,260
223,10779,Manhattan,Midtown,40.785735,-73.963951,Entire home/apt,340.51,2,24,2024-07-23,0.19,3,62
224,49333,Manhattan,Harlem,40.782801,-73.982829,Entire home/apt,286.39,14,8,2024-06-18,0.01,2,329
225,91996,Manhattan,Hell Kitchen,40.743833,-73.982706,Entire home/apt,252.03,5,7,2024-04-04,0.14,1,170
226,4104,Manhattan,Chelsea,40.763651,-73.961879,Entire home/apt,410.37,30,51,2024-05-27,0.06,2,87
227,50130,Staten Island,New Dorp,40.624964,-74.112657,Private room,70.5,14,28,2024-07-01,0.77,1,144
228,61344,Manhattan,Tribeca,40.798239,-73.973871,Shared room,55.47,30,17,2024-05-16,0.74,1,238
229,45194,Queens,Long Island City,40.686444,-73.854668,Entire home/apt,133.88,3,11,2024-07-02,0.41,1,330
230,27345,Brooklyn,Williamsburg,40.58775,-73.884689,Private room,107.43,7,10,2024-06-29,0.36,1,33
231,56221,Queens,Jamaica,40.714223,-73.894607,Private room,64.55,5,33,2024-03-16,0.76,1,343
232,13520,Brooklyn,Park Slope,40.628611,-73.996218,Entire home/apt,242.62,5,20,2024-05-08,0.14,1,263
233,74838,Brooklyn,Williamsburg,40.680781,-73.880152,Private room,107.43,30,9,2024-02-11,0.36,1,248
234,11725,Brooklyn,Bushwick,40.657321,-74.079352,Entire home/apt,399.62,3,0,,0.0,1,129
235,34493,Manhattan,Midtown,40.779316,-73.974324,Entire home/apt,156.15,1,24,2023-10-10,0.15,1,286
236,85967,Brooklyn,Park Slope,40.664705,-73.981848,Entire home/apt,182.82,7,4,2023-04-05,2.76,1,110
237,63519,Manhattan,Lower East Side,40.787449,-73.969877,Private room,100.12,14,19,2024-08-03,1.69,1,299
238,93481,Manhattan,Midtown,40.782603,-73.962947,Private room,183.36,3,6,2024-03-08,0.72,3,57
239,7024,Brooklyn,Bed-Stuy,40.65241,-73.973395,Entire home/apt,100.55,14,15,2024-03-28,0.24,5,255
240,92485,Manhattan,Tribeca,40.810702,-73.960013,Entire home/apt,330.79,30,11,2023-09-04,0.32,2,3
241,35788,Bronx,Fordham,40.886147,-73.803495,Hotel room,63.42,3,12,2023-07-22,0.19,1,203
242,50021,Bronx,Mott Haven,40.871097,-73.818381,Entire home/apt,81.11,2,13,2023-12-19,0.26,3,118
243,34426,Bronx,South Bronx,40.765833,-73.854592,Entire home/apt,61.0,3,1,2024-03-23,0.82,1,358
244,64038,Manhattan,Harlem,40.779446,-73.937646,Shared room,67.25,3,17,2024-07-23,0.42,1,79
245,82595,Manhattan,Harlem,40.801653,-73.983809,Private room,222.21,7,17,2024-07-05,3.24,1,21
246,74138,Bronx,Mott Haven,40.86344,-73.856416,Private room,53.85,3,14,2024-03-19,4.86,1,208
247,47408,Brooklyn,Crown Heights,40.70546,-74.005331,Private room,123.4,14,5,2024-08-05,1.76,1,185
248,56695,Bronx,Mott Haven,40.862801,-73.876208,Private room,105.87,3,18,2024-07-27,2.48,5,270
249,92609,Bronx,Fordham,40.858922,-73.901019,Entire home/apt,120.91,1,6,2023-06-23,0.44,2,147
250,77621,Queens,Jamaica,40.681395,-73.700993,Entire home/apt,115.16,5,32,2023-02-16,1.64,1,286
251,86150,Manhattan,Upper East Side,40.762069,-73.990755,Entire home/apt,347.19,7,17,2024-09-01,0.09,1,241
252,32061,Manhattan,Hell Kitchen,40.782068,-73.986638,Shared room,65.15,1,7,2023-09-10,4.84,1,324
253,25992,Queens,Forest Hills,40.657398,-73.786494,Private room,58.84,14,15,2023-04-20,1.66,1,221
254,45583,Manhattan,Harlem,40.752999,-73.991359,Entire home/apt,156.81,7,1,2024-04-20,0.57,1,181
255,86118,Manhattan,Hell Kitchen,40.824182,-73.96201,Private room,208.58,30,38,2024-05-17,2.22,1,186
256,23238,Brooklyn,Greenpoint,40.633406,-73.919107,Entire home/apt,164.53,5,13,2023-06-08,0.02,1,245
257,23354,Bronx,Riverdale,40.873167,-73.815079,Entire home/apt,117.02,30,25,2024-08-31,0.71,1,253
258,17773,Brooklyn,Park Slope,40.670571,-73.88561,Private room,63.43,3,18,2023-10-07,3.39,1,218
259,23957,Brooklyn,Williamsburg,40.555893,-74.007578,Entire home/apt,228.58,3,34,2024-06-30,0.46,1,365
260,69391,Manhattan,Midtown,40.786377,-73.964607,Private room,106.17,14,2,2024-03-01,1.65,1,131
261,24294,Brooklyn,Greenpoint,40.623493,-73.928635,Entire home/apt,181.42,2,17,2024-06-23,0.67,1,195
262,86162,Staten Island,Stapleton,40.548308,-74.161278,Private room,70.47,30,36,2024-04-21,0.75,1,66
263,26453,Manhattan,Tribeca,40.803595,-73.953021,Private room,197.57,5,23,2023-11-09,2.06,1,262
264,69553,Brooklyn,Park Slope,40.618376,-74.007635,Entire home/apt,190.32,3,21,2024-07-28,3.62,1,294
265,12760,Queens,Jamaica,40.695306,-73.79704,Hotel room,53.24,7,8,2024-02-18,0.27,2,226
266,58867,Brooklyn,Bed-Stuy,40.638726,-73.881761,Entire home/apt,635.63,14,6,2023-07-18,0.49,1,332
267,80193,Brooklyn,Crown Heights,40.699043,-73.919835,Entire home/apt,386.0,30,46,2023-07-13,1.0,1,291
268,3819,Brooklyn,Park Slope,40.602208,-73.874163,Entire home/apt,256.36,7,38,2023-07-25,1.43,3,50
269,2138,Manhattan,Midtown,40.726697,-73.954519,Private room,106.54,2,31,2024-04-23,0.95,1,291
270,28450,Manhattan,Lower East Side,40.801786,-73.979848,Entire home/apt,275.21,3,12,2023-12-14,2.46,1,110
271,25624,Queens,Forest Hills,40.830033,-73.799948,Entire home/apt,115.87,7,20,2024-05-18,2.19,1,219
272,84716,Queens,Flushing,40.733195,-73.767738,Entire home/apt,238.74,14,35,2024-05-14,0.78,1,287
273,34148,Queens,Jamaica,40.983126,-73.687345,Entire home/apt,159.94,5,1,2024-07-03,0.06,1,235
274,95615,Bronx,Fordham,40.879857,-73.91044,Private room,39.75,14,14,2024-07-03,0.32,1,205
275,54094,Brooklyn,Williamsburg,40.686815,-73.992987,Entire home/apt,159.05,2,25,2024-08-26,1.0,1,162
276,52106,Brooklyn,Crown Heights,40.727527,-73.935772,Entire home/apt,300.66,3,9,2024-04-18,3.94,5,122
277,72812,Queens,Astoria,40.638238,-73.78841,Entire home/apt,273.1,14,10,2024-06-27,1.26,1,357
278,41708,Brooklyn,Williamsburg,40.627235,-73.935127,Entire home/apt,353.83,30,10,2024-07-26,1.13,1,127
279,10415,Brooklyn,Bed-Stuy,40.626655,-73.942551,Shared room,73.1,3,11,2024-08-09,1.93,2,302
280,71901,Queens,Jamaica,40.788238,-73.799144,Entire home/apt,130.16,2,28,2024-06-17,0.25,1,315
281,68776,Queens,Flushing,40.696929,-73.778638,Hotel room,29.53,30,18,2023-07-17,0.24,1,115
282,46574,Manhattan,Upper East Side,40.797044,-73.993344,Entire home/apt,324.35,30,26,2024-04-24,0.64,20,189
283,58358,Manhattan,Harlem,40.788313,-73.944849,Entire home/apt,287.79,1,22,2024-04-08,7.9,2,362
284,87172,Manhattan,Harlem,40.794573,-73.970045,Shared room,85.66,14,9,2024-08-22,3.13,1,176
285,43609,Brooklyn,Bushwick,40.716584,-73.91705,Entire home/apt,196.18,7,30,2024-04-22,1.71,1,11
286,90601,Manhattan,Midtown,40.798172,-74.011679,Private room,84.72,7,5,2024-02-16,0.74,1,71
287,36513,Brooklyn,Park Slope,40.584993,-73.88391,Hotel room,179.97,2,3,2024-08-03,1.21,1,108
288,10542,Brooklyn,Bushwick,40.587883,-73.920108,Entire home/apt,247.25,3,23,2022-08-24,0.54,1,337
289,6897,Manhattan,Lower East Side,40.776059,-73.991124,Entire home/apt,378.38,1,4,2023-06-16,1.68,1,145
290,31168,Brooklyn,Williamsburg,40.699179,-73.932138,Private room,140.19,5,10,2022-03-21,0.81,2,329
291,96833,Manhattan,Upper East Side,40.825307,-73.983696,Entire home/apt,366.71,30,13,2024-06-13,0.19,1,197
292,77227,Manhattan,Chelsea,40.811902,-73.964152,Entire home/apt,244.43,3,23,2023-10-27,0.36,1,260
293,80815,Queens,Flushing,40.675318,-73.73096,Entire home/apt,139.98,7,20,2024-06-22,1.41,1,108
294,84468,Manhattan,Upper East Side,40.794415,-73.970483,Entire home/apt,298.69,30,23,2023-12-28,1.78,1,86
295,62604,Manhattan,Upper East Side,40.788426,-73.98314,Private room,150.34,2,5,2023-03-20,0.15,1,88
296,48355,Brooklyn,Williamsburg,40.628653,-73.898633,Entire home/apt,286.23,1,3,2024-08-02,2.48,1,262
297,15172,Queens,Jamaica,40.710285,-73.801307,Entire home/apt,186.29,30,14,2024-08-05,2.61,1,298
298,76354,Manhattan,Upper East Side,40.788696,-73.965894,Private room,330.55,7,48,2024-08-13,1.93,1,300
299,44144,Brooklyn,Bed-Stuy,40.59244,-73.867025,Entire home/apt,464.09,7,25,2023-11-18,1.73,1,196
300,94133,Manhattan,Lower East Side,40.785524,-73.975253,Entire home/apt,297.32,14,23,2024-02-17,0.4,1,286
301,11876,Manhattan,Upper East Side,40.791717,-73.966469,Private room,31.04,3,18,2024-04-22,3.78,2,146
302,2738,Brooklyn,Bed-Stuy,40.724224,-73.911921,Entire home/apt,314.89,2,6,2023-12-09,0.47,1,114
303,42176,Brooklyn,Crown Heights,40.721271,-73.86314,Private room,77.34,1,30,2023-09-26,0.3,1,43
304,28734,Brooklyn,Williamsburg,40.731217,-73.953829,Shared room,39.19,3,1,2023-03-14,1.53,1,113
305,13230,Brooklyn,Greenpoint,40.610826,-73.844132,Entire home/apt,163.71,5,11,2024-07-23,0.68,1,290
306,59188,Staten Island,St. George,40.567614,-74.169124,Private room,41.49,7,10,2024-05-20,4.06,1,170
307,81616,Brooklyn,Greenpoint,40.573996,-73.923892,Entire home/apt,245.28,3,17,2023-05-29,0.92,2,248
308,42959,Manhattan,Upper East Side,40.786078,-74.001502,Entire home/apt,154.34,14,34,2024-05-13,0.27,1,127
309,11736,Queens,Long Island City,40.764462,-73.834755,Shared room,26.32,7,56,2024-05-04,4.74,1,72
310,59039,Manhattan,Lower East Side,40.836906,-73.982587,Shared room,92.92,3,13,2023-04-07,1.09,1,215
311,59541,Brooklyn,Williamsburg,40.652088,-73.996687,Entire home/apt,246.33,2,8,2024-01-07,1.1,1,145
312,84345,Manhattan,Harlem,40.808658,-73.978656,Private room,186.13,14,21,2024-04-10,0.73,1,316
313,5680,Manhattan,Tribeca,40.768602,-73.957061,Shared room,59.12,1,6,2024-06-14,2.71,1,171
314,35645,Bronx,Riverdale,40.775782,-73.833544,Shared room,20.69,2,10,2023-06-15,0.51,1,328
315,80988,Queens,Jamaica,40.870712,-73.749571,Entire home/apt,117.58,30,33,2024-08-31,0.02,1,180
316,16990,Brooklyn,Crown Heights,40.716474,-73.891996,Entire home/apt,211.33,7,9,2024-06-24,1.03,1,311
317,63778,Brooklyn,Greenpoint,40.780782,-73.871606,Entire home/apt,347.82,7,13,2023-03-26,3.9,1,101
318,91428,Manhattan,Midtown,40.791893,-73.953122,Shared room,35.71,3,17,2024-04-30,0.48,5,289
319,15830,Manhattan,Upper East Side,40.765381,-73.955674,Entire home/apt,263.66,14,13,2024-03-09,0.46,1,160
320,10651,Manhattan,Midtown,40.762989,-73.97854,Private room,84.5,3,13,2024-04-18,2.01,1,259
321,97520,Brooklyn,Williamsburg,40.493246,-73.920114,Entire home/apt,99.15,3,36,2024-06-02,2.24,1,211
322,32977,Brooklyn,Bushwick,40.639568,-73.877531,Entire home/apt,282.67,7,21,2024-02-17,0.86,1,305
323,55207,Brooklyn,Greenpoint,40.701612,-73.876754,Entire home/apt,238.73,1,7,2023-12-15,2.69,1,217
324,80885,Manhattan,Midtown,40.761428,-73.950432,Hotel room,258.54,30,16,2024-06-12,0.28,1,170
325,68915,Bronx,Riverdale,40.950093,-73.826592,Entire home/apt,157.26,5,8,2024-03-25,0.69,1,294
326,3279,Brooklyn,Bed-Stuy,40.725621,-73.934024,Private room,79.24,5,0,,0.0,1,31
327,57592,Brooklyn,Bed-Stuy,40.64672,-73.898528,Entire home/apt,161.49,5,7,2024-08-17,0.56,1,239
328,20984,Brooklyn,Williamsburg,40.587835,-73.969265,Entire home/apt,460.26,5,17,2024-04-12,0.37,2,114
329,51482,Brooklyn,Greenpoint,40.571937,-73.986419,Entire home/apt,173.97,2,12,2023-12-29,0.62,1,347
330,1439,Manhattan,Upper East Side,40.795941,-73.961092,Entire home/apt,386.45,1,23,2024-03-27,0.03,1,87
331,89983,Manhattan,Lower East Side,40.784118,-73.967792,Entire home/apt,288.74,5,7,2023-08-19,1.82,5,12
332,97497,Queens,Astoria,40.577331,-73.824705,Entire home/apt,68.75,30,39,2024-07-03,1.73,1,352
333,36440,Manhattan,Midtown,40.769473,-73.984381,Entire home/apt,127.12,1,15,2024-05-03,0.9,1,11
334,52235,Manhattan,Lower East Side,40.795092,-73.98841,Entire home/apt,228.46,14,5,2024-08-16,0.58,1,124
335,26917,Manhattan,Chelsea,40.771006,-74.012941,Shared room,123.58,1,13,2024-01-29,0.85,1,141
336,86009,Manhattan,Hell Kitchen,40.777218,-73.992957,Shared room,111.03,5,15,2024-05-19,4.14,1,12
337,98780,Queens,Jamaica,40.734536,-73.870989,Entire home/apt,207.56,14,45,2024-04-18,1.39,1,175
338,93027,Brooklyn,Park Slope,40.684473,-73.952881,Private room,64.69,2,2,2024-08-08,1.97,1,60
339,11806,Brooklyn,Bushwick,40.778523,-73.914367,Shared room,103.06,3,19,2021-09-29,0.39,1,318
340,94545,Manhattan,Tribeca,40.746307,-73.996498,Entire home/apt,195.78,3,6,2023-12-10,0.15,1,164
341,15971,Brooklyn,Williamsburg,40.681512,-73.999991,Private room,104.53,2,27,2024-06-01,0.13,1,346
342,43468,Brooklyn,Crown Heights,40.500098,-73.863227,Shared room,53.78,7,8,2024-04-03,0.96,5,131
343,46888,Manhattan,Chelsea,40.797504,-73.96078,Entire home/apt,268.65,30,28,2024-03-12,1.89,1,195
344,21745,Brooklyn,Bed-Stuy,40.641761,-73.918539,Entire home/apt,327.97,5,9,2023-01-28,2.23,1,231
345,69475,Manhattan,Hell Kitchen,40.769013,-73.967103,Shared room,61.09,14,24,2023-12-13,1.91,5,184
346,78572,Brooklyn,Bed-Stuy,40.622965,-73.853223,Private room,55.95,7,40,2024-06-16,3.66,1,317
347,33488,Brooklyn,Bushwick,40.583986,-73.870263,Entire home/apt,193.54,1,2,2022-10-18,0.08,1,271
348,56644,Manhattan,Lower East Side,40.783878,-73.980989,Entire home/apt,245.43,3,32,2024-06-29,2.9,1,38
349,24794,Manhattan,Upper East Side,40.78644,-73.956533,Entire home/apt,1000.0,7,8,2024-03-31,1.62,1,318
350,78279,Brooklyn,Bed-Stuy,40.760205,-73.925411,Private room,125.83,30,5,2024-01-28,0.29,1,359
351,88546,Brooklyn,Greenpoint,40.624758,-73.940862,Private room,81.5,1,12,2024-07-07,1.72,1,81
352,31046,Queens,Astoria,40.873543,-73.687086,Hotel room,70.79,1,31,2023-02-16,1.08,1,271
353,9356,Brooklyn,Bed-Stuy,40.732726,-73.896459,Entire home/apt,90.5,2,10,2024-07-20,0.67,1,174
354,3208,Manhattan,Midtown,40.797089,-73.948025,Private room,95.56,1,4,2024-05-20,0.43,1,217
355,90309,Manhattan,Hell Kitchen,40.773967,-73.998302,Private room,150.78,7,45,2024-07-28,0.94,1,22
356,41038,Brooklyn,Williamsburg,40.68234,-73.993255,Entire home/apt,339.82,1,40,2023-08-24,0.41,1,119
357,48113,Manhattan,Chelsea,40.762,-73.985606,Entire home/apt,451.08,30,15,2024-07-18,0.13,1,111
358,22951,Brooklyn,Bed-Stuy,40.827319,-73.936033,Hotel room,157.82,5,24,2024-08-26,2.81,1,111
359,62625,Bronx,South Bronx,40.862895,-73.925918,Private room,47.8,14,25,2024-08-25,1.35,3,193
360,92298,Brooklyn,Bushwick,40.567575,-73.993343,Entire home/apt,213.8,2,5,2024-05-28,0.68,1,312
361,41496,Manhattan,Upper East Side,40.811864,-73.964514,Private room,117.02,5,17,2024-04-21,0.89,1,165
362,48259,Brooklyn,Greenpoint,40.714116,-73.899886,Entire home/apt,381.78,7,26,2024-08-25,3.0,1,4
363,28702,Brooklyn,Bushwick,40.642719,-73.860922,Private room,89.0,14,24,2024-08-15,0.58,1,302
364,20402,Brooklyn,Crown Heights,40.640232,-73.859826,Private room,92.74,1,13,2024-08-14,0.72,1,207
365,9876,Bronx,South Bronx,40.866915,-73.954252,Entire home/apt,44.84,30,2,2024-02-16,2.18,1,47
366,85895,Manhattan,Harlem,40.76814,-74.006899,Hotel room,199.76,7,20,2024-06-29,0.34,1,40
367,92560,Bronx,Riverdale,40.902964,-73.866037,Private room,76.02,1,13,2024-04-06,1.61,1,178
368,23649,Bronx,Riverdale,40.733383,-73.846013,Entire home/apt,70.98,1,0,,0.0,1,36
369,45692,Manhattan,Midtown,40.772357,-74.000876,Private room,106.65,1,16,2024-08-19,1.04,1,148
370,45363,Manhattan,Harlem,40.816659,-73.969054,Entire home/apt,395.46,30,48,2023-07-29,2.32,2,205
371,62023,Manhattan,Hell Kitchen,40.777231,-73.979188,Entire home/apt,159.54,2,30,2024-06-28,7.47,1,136
372,77354,Manhattan,Hell Kitchen,40.752834,-73.997291,Entire home/apt,439.69,7,31,2023-12-05,2.67,1,24
373,80947,Manhattan,Midtown,40.808798,-73.980678,Entire home/apt,232.78,2,9,2023-10-22,0.26,1,276
374,61601,Brooklyn,Park Slope,40.679524,-74.06686,Private room,82.18,1,7,2022-06-30,0.38,1,173
375,62900,Manhattan,Lower East Side,40.756738,-73.959004,Entire home/apt,183.72,14,17,2024-01-02,0.79,1,225
376,51517,Manhattan,Tribeca,40.790654,-73.936132,Private room,167.51,30,9,2024-05-19,1.91,1,25
377,64717,Queens,Astoria,40.835637,-73.813357,Private room,192.6,2,8,2024-08-03,1.07,1,253
378,2051,Manhattan,Midtown,40.792559,-73.977532,Entire home/apt,393.69,2,3,2024-08-24,3.48,1,117
379,46043,Queens,Astoria,40.892585,-73.702979,Private room,50.96,3,15,2023-08-07,0.07,1,323
380,75297,Manhattan,Upper East Side,40.786494,-73.967192,Entire home/apt,453.6,2,2,2024-05-18,0.45,1,152
381,34540,Manhattan,Midtown,40.811997,-73.959608,Entire home/apt,253.73,7,11,2023-12-27,0.37,1,159
382,7749,Brooklyn,Greenpoint,40.771718,-74.075819,Entire home/apt,332.72,5,22,2024-05-01,2.04,1,61
383,75207,Brooklyn,Greenpoint,40.705874,-73.975126,Entire home/apt,265.12,7,2,2023-08-17,0.94,1,28
384,1827,Queens,Jamaica,40.86871,-73.671188,Entire home/apt,44.37,30,11,2023-12-27,0.02,1,97
385,54292,Brooklyn,Park Slope,40.68017,-73.852062,Private room,64.25,30,28,2024-08-16,2.23,1,18
386,72544,Queens,Forest Hills,40.870849,-73.788947,Entire home/apt,210.1,30,16,2023-12-25,0.67,1,177
387,87931,Manhattan,Tribeca,40.832539,-73.971827,Entire home/apt,306.01,7,18,2024-07-08,0.45,1,325
388,35664,Manhattan,Midtown,40.77881,-73.953883,Shared room,53.78,5,22,2023-12-10,0.3,1,147
389,71137,Queens,Forest Hills,40.699897,-73.788073,Private room,55.88,2,11,2023-03-18,4.38,1,96
390,54896,Queens,Astoria,40.840955,-73.793362,Private room,33.59,5,22,2023-05-11,4.27,1,341
391,24814,Staten Island,St. George,40.494749,-74.135507,Entire home/apt,95.75,30,19,2024-08-08,0.12,5,289
392,85102,Brooklyn,Park Slope,40.636422,-73.892284,Private room,232.44,5,5,2024-08-22,0.4,1,338
393,4801,Manhattan,Lower East Side,40.797024,-73.941772,Private room,198.7,7,23,2023-12-06,1.56,1,119
394,32072,Queens,Jamaica,40.800803,-73.70768,Private room,172.92,14,16,2024-01-23,1.66,1,232
395,88089,Manhattan,Tribeca,40.769718,-73.95512,Private room,204.95,7,33,2024-07-29,0.81,1,168
396,41670,Bronx,Mott Haven,40.943223,-73.899232,Entire home/apt,164.1,14,16,2024-02-07,1.26,2,292
397,12789,Queens,Flushing,40.872179,-73.838848,Entire home/apt,317.17,3,21,2024-08-30,1.82,1,67
398,32965,Brooklyn,Bed-Stuy,40.627082,-73.926428,Entire home/apt,223.27,30,1,2024-03-06,4.51,1,196
399,19722,Queens,Jamaica,40.785473,-73.72196,Entire home/apt,133.61,1,13,2023-10-16,1.94,1,191
400,52730,Queens,Forest Hills,40.651259,-73.760137,Private room,108.82,2,4,2024-03-01,0.18,1,331
401,44322,Manhattan,Tribeca,40.769389,-74.000978,Entire home/apt,515.17,5,23,2024-08-20,1.9,1,96
402,78119,Bronx,Fordham,40.798363,-73.902345,Shared room,25.25,7,37,2022-05-08,0.11,1,50
403,61096,Brooklyn,Bed-Stuy,40.709496,-73.875067,Shared room,40.46,14,24,2024-06-14,1.05,1,58
404,73191,Queens,Forest Hills,40.610343,-73.766743,Entire home/apt,152.22,7,19,2024-06-07,1.12,1,126
405,42873,Manhattan,Upper East Side,40.759566,-73.958618,Entire home/apt,401.64,2,8,2024-08-17,2.26,1,171
406,31657,Queens,Astoria,40.678382,-73.879006,Shared room,55.73,3,23,2024-07-31,0.02,1,92
407,79231,Manhattan,Harlem,40.799093,-73.982938,Shared room,45.82,7,34,2024-07-07,3.12,2,92
408,1230,Manhattan,Hell Kitchen,40.776781,-74.0156,Entire home/apt,618.69,5,24,2023-11-18,1.64,1,172
409,77931,Bronx,Fordham,40.892128,-73.823755,Entire home/apt,84.19,2,16,2024-02-03,0.05,1,179
410,79332,Manhattan,Hell Kitchen,40.783209,-74.001752,Private room,129.51,5,24,2024-03-28,0.26,1,16
411,82411,Manhattan,Midtown,40.807287,-73.984525,Private room,100.36,1,12,2023-09-09,0.06,1,34
412,50940,Bronx,South Bronx,40.822132,-73.749198,Entire home/apt,320.17,7,16,2021-08-27,2.18,3,12
413,89090,Bronx,Riverdale,40.809618,-73.82769,Private room,59.93,14,28,2024-06-06,0.28,1,45
414,80037,Brooklyn,Crown Heights,40.711926,-73.92079,Entire home/apt,136.61,2,26,2024-06-04,0.07,1,3
415,32319,Brooklyn,Bed-Stuy,40.69512,-73.921617,Entire home/apt,271.26,7,12,2024-01-06,0.22,1,316
416,18050,Brooklyn,Williamsburg,40.694516,-73.947315,Entire home/apt,261.16,1,13,2024-02-28,1.23,1,192
417,99426,Manhattan,Harlem,40.813326,-73.997453,Entire home/apt,267.17,2,6,2024-08-30,1.03,2,42
418,38311,Manhattan,Hell Kitchen,40.803529,-73.954753,Entire home/apt,403.11,30,3,2024-02-23,0.42,2,282
419,37387,Brooklyn,Greenpoint,40.720104,-73.877181,Entire home/apt,138.02,5,25,2024-01-17,4.3,20,219
420,66597,Queens,Forest Hills,40.720792,-73.944418,Entire home/apt,118.23,5,25,2022-07-27,2.89,1,88
421,36246,Queens,Astoria,40.722417,-73.874196,Entire home/apt,64.44,1,2,2024-03-26,0.57,1,278
422,72905,Queens,Astoria,40.669651,-73.894294,Entire home/apt,84.79,7,10,2024-02-07,0.97,3,306
423,41831,Manhattan,Chelsea,40.773553,-73.983132,Hotel room,445.11,2,5,2023-11-27,1.09,5,341
424,94505,Brooklyn,Bed-Stuy,40.535546,-73.902187,Entire home/apt,370.21,5,3,2024-08-14,2.12,5,337
425,29968,Manhattan,Tribeca,40.827506,-73.959075,Entire home/apt,295.68,5,6,2024-01-07,0.84,1,183
426,50369,Brooklyn,Park Slope,40.666025,-73.947485,Private room,186.7,7,29,2024-04-12,1.19,1,307
427,70036,Brooklyn,Williamsburg,40.652941,-73.938798,Hotel room,135.07,30,19,2024-08-14,0.8,1,53
428,82998,Queens,Jamaica,40.725239,-73.862184,Entire home/apt,130.64,1,11,2024-02-15,2.16,1,143
429,28388,Manhattan,Tribeca,40.816758,-74.000943,Private room,147.29,1,2,2024-07-15,1.22,1,223
430,67071,Manhattan,Harlem,40.797467,-73.973224,Private room,136.98,1,12,2024-04-16,2.64,5,322
431,25978,Manhattan,Hell Kitchen,40.821117,-73.964383,Private room,132.12,5,7,2024-07-04,0.08,1,256
432,66360,Queens,Astoria,40.699408,-73.814717,Entire home/apt,227.51,30,22,2024-08-13,3.52,1,97
433,16427,Brooklyn,Greenpoint,40.680594,-74.012767,Private room,101.94,30,9,2024-07-12,2.57,1,359
434,80331,Manhattan,Hell Kitchen,40.767763,-74.006899,Entire home/apt,382.97,5,13,2024-05-21,2.56,1,299
435,81167,Manhattan,Harlem,40.76464,-73.969322,Private room,217.54,30,12,2024-05-02,0.23,1,35
436,25669,Brooklyn,Bushwick,40.696211,-74.06296,Private room,112.13,5,8,2024-08-04,0.46,1,8
437,1191,Manhattan,Lower East Side,40.780356,-73.959932,Entire home/apt,195.36,14,39,2024-06-24,5.89,1,134
438,4754,Queens,Jamaica,40.715167,-73.845603,Private room,41.91,14,37,2023-09-14,4.5,1,30
439,41953,Brooklyn,Bushwick,40.65347,-73.976646,Entire home/apt,203.77,5,41,2023-06-25,0.39,1,309
440,37813,Manhattan,Chelsea,40.770365,-73.967724,Private room,134.47,5,8,2024-04-17,0.85,1,195
441,32145,Manhattan,Upper East Side,40.829254,-73.986074,Entire home/apt,298.25,5,14,2024-05-03,0.25,1,325
442,11682,Staten Island,Stapleton,40.563593,-74.152268,Entire home/apt,98.57,3,4,2024-03-29,0.46,1,202
443,53271,Manhattan,Chelsea,40.769353,-73.949235,Entire home/apt,809.48,14,28,2024-07-20,0.31,3,103
444,79125,Manhattan,Lower East Side,40.735682,-73.981821,Shared room,47.58,2,13,2022-03-08,0.13,1,204
445,29212,Queens,Astoria,40.793665,-73.818428,Entire home/apt,64.96,1,14,2023-12-30,1.3,1,328
446,46843,Bronx,Riverdale,40.803758,-73.842762,Entire home/apt,124.27,2,17,2024-07-14,0.41,5,50
447,15313,Staten Island,Stapleton,40.624817,-74.141775,Entire home/apt,85.33,14,14,2024-07-06,7.29,1,145
448,30818,Queens,Flushing,40.664102,-73.758404,Private room,81.7,7,6,2024-02-26,1.09,1,25
449,72733,Manhattan,Harlem,40.775059,-73.956296,Private room,181.88,1,11,2024-06-23,0.67,2,214
450,64412,Manhattan,Chelsea,40.812765,-74.023312,Entire home/apt,481.35,14,5,2024-06-14,3.67,1,50
451,66021,Queens,Astoria,40.737085,-73.933759,Entire home/apt,78.8,1,1,2023-12-03,1.45,1,189
452,33192,Brooklyn,Bed-Stuy,40.824707,-73.972287,Entire home/apt,153.67,5,49,2024-07-08,0.2,1,137
453,6184,Brooklyn,Crown Heights,40.722982,-73.946319,Entire home/apt,227.92,30,15,2024-01-26,1.03,1,39
454,2442,Bronx,Fordham,40.804646,-73.910903,Entire home/apt,148.07,5,0,,0.0,3,210
455,74351,Manhattan,Tribeca,40.814814,-73.952081,Private room,346.26,7,35,2023-04-29,2.17,1,327
456,20079,Brooklyn,Park Slope,40.794815,-73.940873,Entire home/apt,281.4,2,27,2024-08-09,1.78,1,270
457,84905,Manhattan,Midtown,40.788858,-73.976544,Entire home/apt,281.53,2,19,2024-08-04,0.69,5,323
458,87955,Brooklyn,Williamsburg,40.660975,-74.006713,Entire home/apt,134.47,30,22,2023-04-05,0.95,1,354
459,5111,Manhattan,Hell Kitchen,40.78478,-73.986985,Hotel room,172.36,2,12,2024-07-23,1.1,1,164
460,85426,Manhattan,Harlem,40.791938,-73.9678,Shared room,63.9,7,15,2024-08-29,0.82,1,203
461,68568,Manhattan,Chelsea,40.788854,-73.937697,Private room,187.15,3,12,2023-09-02,0.17,1,286
462,13607,Brooklyn,Greenpoint,40.675937,-73.898796,Entire home/apt,212.79,2,10,2024-07-04,3.54,2,335
463,40885,Brooklyn,Park Slope,40.801291,-73.865803,Entire home/apt,113.07,1,6,2024-06-30,1.67,1,340
464,57040,Brooklyn,Bushwick,40.74739,-73.962601,Entire home/apt,161.28,1,17,2024-07-17,0.95,1,182
465,27401,Bronx,Mott Haven,40.856282,-73.930714,Entire home/apt,154.55,5,27,2023-06-10,1.26,2,124
466,30324,Manhattan,Midtown,40.793078,-73.965711,Entire home/apt,331.5,14,8,2023-12-08,0.36,1,339
467,13266,Manhattan,Hell Kitchen,40.783568,-73.950656,Private room,180.78,5,18,2024-03-22,1.13,1,315
468,37643,Queens,Jamaica,40.631578,-73.664111,Private room,83.92,2,6,2024-05-16,2.06,1,121
469,81565,Manhattan,Upper East Side,40.801135,-73.972613,Private room,276.0,2,11,2024-08-05,1.14,1,177
470,40270,Bronx,Mott Haven,40.837364,-73.840769,Entire home/apt,119.57,5,8,2023-05-22,0.98,2,299
471,19132,Manhattan,Tribeca,40.813517,-73.969168,Private room,123.4,14,4,2023-12-27,0.93,1,324
472,39736,Bronx,Riverdale,40.852002,-73.863894,Entire home/apt,75.43,1,8,2024-07-05,2.15,1,135
473,53342,Manhattan,Lower East Side,40.81874,-73.978578,Entire home/apt,318.24,14,45,2023-03-21,2.1,1,263
474,42396,Queens,Forest Hills,40.725839,-73.677825,Private room,27.12,7,27,2023-04-28,2.08,1,32
475,66057,Brooklyn,Bushwick,40.687021,-73.875976,Entire home/apt,178.36,7,29,2024-02-21,0.42,3,29
476,27152,Staten Island,Stapleton,40.533936,-74.158412,Entire home/apt,91.36,7,16,2022-08-08,1.44,1,91
477,78930,Manhattan,Tribeca,40.812789,-73.984727,Entire home/apt,166.86,2,26,2024-07-26,2.26,1,242
478,69643,Brooklyn,Crown Heights,40.669122,-73.928799,Private room,66.22,7,3,2024-01-09,1.24,1,209
479,50654,Bronx,Mott Haven,40.795342,-73.885491,Private room,75.21,3,26,2024-08-03,2.26,1,121
480,90348,Brooklyn,Williamsburg,40.684958,-73.941399,Entire home/apt,210.56,14,45,2024-02-03,2.89,2,167
481,47107,Brooklyn,Crown Heights,40.755021,-73.851713,Private room,99.99,30,7,2023-06-05,0.29,1,268
482,26520,Brooklyn,Bed-Stuy,40.626835,-73.937524,Entire home/apt,217.03,2,12,2024-04-16,0.55,1,170
483,83243,Brooklyn,Bushwick,40.718655,-73.853219,Entire home/apt,199.25,14,15,2023-12-17,1.38,1,54
484,16490,Brooklyn,Crown Heights,40.721309,-73.926745,Private room,157.83,3,4,2024-08-05,0.51,1,86
485,84872,Brooklyn,Williamsburg,40.718193,-73.903774,Private room,100.86,2,16,2024-03-05,4.26,1,118
486,90267,Bronx,South Bronx,40.798414,-73.85516,Hotel room,45.54,2,4,2024-08-21,0.32,1,53
487,85290,Manhattan,Upper East Side,40.812283,-73.975347,Entire home/apt,552.81,7,24,2024-08-26,0.66,1,22
488,52655,Manhattan,Hell Kitchen,40.785689,-73.97605,Private room,166.99,2,30,2024-03-05,7.75,1,317
489,52734,Bronx,Mott Haven,40.729107,-73.86377,Private room,42.98,3,21,2024-04-01,0.31,1,335
490,33325,Queens,Flushing,40.752343,-73.835899,Shared room,24.53,30,28,2024-06-22,0.89,1,254
491,25858,Brooklyn,Park Slope,40.608922,-73.997036,Entire home/apt,224.95,14,27,2024-04-25,0.56,1,227
492,97597,Brooklyn,Bushwick,40.724051,-73.825849,Private room,91.6,1,42,2024-02-07,2.49,1,131
493,83337,Manhattan,Tribeca,40.810749,-73.998087,Private room,270.28,3,9,2024-02-28,0.54,10,11
494,14048,Manhattan,Chelsea,40.800193,-73.984463,Entire home/apt,250.79,5,2,2024-08-19,0.26,1,13
495,54440,Brooklyn,Crown Heights,40.643264,-73.971919,Entire home/apt,137.35,14,20,2024-02-10,4.06,5,15
496,30683,Manhattan,Harlem,40.797221,-73.952015,Entire home/apt,412.11,2,2,2024-02-21,0.57,1,92
497,81163,Brooklyn,Bushwick,40.672318,-73.949064,Private room,139.0,3,36,2024-02-15,2.03,1,270
498,32578,Manhattan,Hell Kitchen,40.792385,-73.95984,Shared room,86.65,7,38,2023-09-29,0.51,1,0
499,87536,Staten Island,New Dorp,40.638311,-74.201575,Private room,65.01,5,7,2024-03-31,0.3,1,283
500,93523,Staten Island,New Dorp,40.580501,-74.192921,Private room,48.86,1,9,2023-04-20,2.43,1,263
501,67072,Brooklyn,Bed-Stuy,40.675143,-73.957771,Entire home/apt,210.83,3,32,2022-09-28,0.09,3,351
502,11317,Brooklyn,Greenpoint,40.675395,-73.992185,Entire home/apt,305.97,30,7,2023-12-26,0.61,5,88
503,98264,Manhattan,Chelsea,40.753354,-74.013089,Entire home/apt,369.85,3,11,2024-06-14,2.27,1,226
504,54963,Queens,Forest Hills,40.717706,-73.82938,Entire home/apt,134.57,3,23,2024-08-05,1.08,1,75
505,92831,Brooklyn,Bed-Stuy,40.637644,-73.864847,Entire home/apt,329.78,5,11,2023-10-29,1.75,1,187
506,3094,Manhattan,Tribeca,40.765911,-73.942863,Entire home/apt,111.83,7,8,2024-08-04,0.1,1,133
507,73529,Bronx,South Bronx,40.925992,-73.962345,Entire home/apt,247.24,30,21,2024-08-04,2.08,1,190
508,64561,Queens,Jamaica,40.735591,-73.826876,Entire home/apt,72.78,5,14,2023-06-07,0.28,1,222
509,27195,Bronx,South Bronx,40.69921,-73.937032,Entire home/apt,84.66,7,14,2024-04-07,2.48,1,121
510,75426,Brooklyn,Greenpoint,40.724696,-73.823048,Entire home/apt,188.88,7,14,2024-07-01,1.25,1,8
511,65673,Brooklyn,Bed-Stuy,40.732361,-73.924782,Entire home/apt,181.07,1,20,2023-01-17,2.02,1,307
512,92951,Brooklyn,Bed-Stuy,40.67692,-73.84324,Shared room,80.77,2,35,2024-01-24,0.36,1,309
513,10668,Bronx,Fordham,40.952212,-73.894142,Private room,35.63,14,13,2024-04-17,0.75,1,211
514,48133,Queens,Jamaica,40.568201,-73.962755,Private room,79.92,2,14,2024-06-22,2.43,1,78
515,53224,Manhattan,Lower East Side,40.809538,-73.972141,Entire home/apt,228.53,3,80,2024-02-11,3.63,2,309
516,32257,Manhattan,Upper East Side,40.786765,-74.007013,Private room,162.04,2,11,2024-01-09,0.39,2,127
517,38062,Manhattan,Lower East Side,40.768036,-73.97711,Private room,140.32,14,7,2024-01-21,2.37,1,163
518,58939,Queens,Jamaica,40.744827,-73.826787,Private room,74.73,3,34,2024-07-24,0.17,1,356
519,60249,Staten Island,St. George,40.527634,-74.181583,Entire home/apt,79.61,5,12,2024-01-30,0.83,1,168
520,23975,Manhattan,Hell Kitchen,40.807266,-73.966304,Private room,117.42,2,23,2024-03-29,4.19,1,10
521,39934,Brooklyn,Greenpoint,40.714929,-73.998132,Private room,107.69,1,13,2023-09-26,4.35,1,62
522,1168,Manhattan,Tribeca,40.724024,-73.981662,Private room,210.04,1,19,2024-03-09,0.53,1,38
523,7981,Bronx,Fordham,40.801471,-73.847349,Private room,42.82,30,26,2024-08-04,0.32,20,276
524,69042,Queens,Flushing,40.991058,-73.739287,Entire home/apt,101.73,30,14,2024-06-24,0.24,1,116
525,4404,Queens,Long Island City,40.947077,-73.749398,Private room,92.02,1,6,2023-12-31,0.98,1,138
526,49321,Brooklyn,Bushwick,40.640407,-73.923325,Entire home/apt,189.52,5,9,2024-01-03,0.14,1,301
527,70552,Brooklyn,Greenpoint,40.785038,-73.834426,Private room,133.83,3,6,2024-07-18,0.66,2,74
528,26918,Manhattan,Chelsea,40.771593,-73.966136,Entire home/apt,200.47,5,22,2024-06-15,0.03,1,306
529,25460,Manhattan,Upper East Side,40.754515,-73.954707,Entire home/apt,141.34,5,11,2024-08-30,0.45,1,108
530,9914,Queens,Forest Hills,40.852468,-73.791716,Entire home/apt,116.35,30,38,2024-06-21,3.46,1,135
531,52104,Queens,Jamaica,40.674809,-73.76609,Private room,52.99,30,9,2024-08-28,0.89,1,82
532,71006,Staten Island,Stapleton,40.600373,-74.146954,Entire home/apt,96.12,5,41,2023-08-27,0.11,1,217
533,43264,Staten Island,St. George,40.588436,-74.157153,Private room,38.45,30,19,2024-02-17,1.56,1,237
534,38861,Brooklyn,Bushwick,40.737957,-73.900026,Private room,129.12,7,23,2022-12-15,4.67,1,170
535,63701,Queens,Forest Hills,40.649552,-73.875747,Entire home/apt,128.32,5,16,2023-07-29,0.93,1,33
536,13903,Bronx,Fordham,40.832081,-73.827958,Entire home/apt,115.55,30,3,2024-03-19,1.47,5,46
537,6660,Queens,Flushing,40.740045,-73.846352,Entire home/apt,153.37,2,19,2024-04-29,3.78,1,271
538,99122,Manhattan,Hell Kitchen,40.78833,-73.977816,Private room,155.68,30,11,2023-08-11,0.81,1,224
539,42326,Brooklyn,Crown Heights,40.731029,-73.924216,Private room,95.08,3,38,2024-06-30,1.64,1,162
540,44756,Manhattan,Chelsea,40.776794,-73.96657,Entire home/apt,353.26,1,15,2024-07-18,0.87,3,265
541,97598,Bronx,Mott Haven,40.910552,-73.893282,Entire home/apt,79.14,14,19,2024-05-30,4.91,3,227
542,69182,Brooklyn,Crown Heights,40.702359,-73.948428,Private room,168.03,30,46,2024-08-23,1.05,1,342
543,97802,Manhattan,Lower East Side,40.79164,-73.984291,Private room,131.0,30,4,2024-06-29,3.25,1,310
544,51178,Brooklyn,Williamsburg,40.68482,-73.877731,Private room,56.81,7,7,2024-08-17,1.06,5,124
545,89253,Brooklyn,Williamsburg,40.62198,-74.023964,Private room,103.5,3,25,2024-08-23,1.66,1,303
546,69369,Manhattan,Chelsea,40.757271,-73.994613,Entire home/apt,204.89,3,0,,0.0,1,259
547,44320,Manhattan,Chelsea,40.795006,-73.999317,Entire home/apt,375.81,5,57,2024-04-10,3.74,1,274
548,94107,Brooklyn,Crown Heights,40.660326,-73.907103,Entire home/apt,464.67,30,22,2024-01-24,1.56,1,59
549,45591,Brooklyn,Park Slope,40.7032,-73.967334,Entire home/apt,140.17,1,13,2024-04-16,0.03,5,297
550,83903,Queens,Flushing,40.743474,-73.786328,Entire home/apt,164.48,3,10,2024-08-19,0.02,1,269
551,87124,Brooklyn,Park Slope,40.664746,-73.95685,Entire home/apt,95.13,2,6,2024-06-03,1.69,1,32
552,77683,Queens,Forest Hills,40.907034,-73.730155,Entire home/apt,172.67,30,10,2024-08-11,0.18,1,53
553,97672,Brooklyn,Williamsburg,40.827039,-73.974018,Shared room,37.89,1,8,2024-02-25,1.89,1,179
554,54374,Brooklyn,Park Slope,40.673102,-74.024128,Private room,74.77,2,4,2023-10-22,0.58,1,365
555,84909,Queens,Long Island City,40.663435,-73.642747,Private room,46.35,7,19,2024-08-10,1.16,3,135
556,3117,Brooklyn,Park Slope,40.646878,-73.829043,Private room,128.66,30,14,2024-08-20,0.29,1,329
557,63383,Manhattan,Midtown,40.758233,-73.992269,Entire home/apt,430.9,3,26,2024-05-31,0.42,1,158
558,33022,Manhattan,Hell Kitchen,40.776275,-73.972475,Private room,145.35,7,9,2024-06-28,0.86,1,34
559,39534,Queens,Flushing,40.802047,-73.758838,Entire home/apt,101.91,30,58,2024-07-09,1.64,2,216
560,47105,Brooklyn,Park Slope,40.653221,-73.952199,Private room,181.3,2,19,2024-07-21,0.25,1,152
561,46880,Brooklyn,Bushwick,40.659056,-73.999079,Entire home/apt,142.21,7,19,2024-06-25,0.5,1,359
562,40704,Manhattan,Chelsea,40.765341,-73.950642,Hotel room,90.96,30,6,2023-01-05,0.35,1,365
563,68778,Manhattan,Harlem,40.746537,-73.938853,Entire home/apt,345.96,2,1,2023-09-17,2.98,1,2
564,57014,Manhattan,Chelsea,40.77624,-73.98665,Entire home/apt,185.13,30,6,2024-03-20,1.57,1,270
565,94862,Manhattan,Upper East Side,40.797895,-73.941496,Shared room,120.29,30,3,2023-11-16,0.95,20,351
566,65165,Brooklyn,Williamsburg,40.745258,-73.914089,Entire home/apt,164.85,5,35,2024-08-30,4.4,1,20
567,43924,Manhattan,Hell Kitchen,40.804837,-74.00553,Private room,183.33,5,8,2024-08-11,2.0,1,57
568,58663,Brooklyn,Williamsburg,40.64689,-73.99887,Private room,168.17,7,8,2024-07-01,4.04,1,166
569,96628,Bronx,Fordham,40.906032,-73.883974,Private room,33.54,14,19,2024-02-29,1.37,1,269
570,73746,Manhattan,Tribeca,40.800008,-73.960483,Hotel room,172.24,14,25,2023-08-12,0.22,2,291
571,60526,Brooklyn,Crown Heights,40.626462,-73.979417,Hotel room,139.71,2,30,2024-07-16,1.69,1,45
572,80531,Queens,Forest Hills,40.831705,-73.856939,Entire home/apt,266.36,3,9,2024-08-06,0.34,5,232
573,32750,Manhattan,Lower East Side,40.785597,-73.986851,Private room,110.66,30,27,2023-09-28,0.64,1,137
574,59445,Brooklyn,Bed-Stuy,40.659363,-73.94697,Private room,75.68,1,13,2024-05-30,1.07,5,151
575,94373,Queens,Astoria,40.665571,-73.871736,Private room,87.18,7,6,2024-01-29,0.26,1,94
576,53114,Bronx,Mott Haven,40.859114,-73.907037,Entire home/apt,86.37,3,32,2024-04-12,0.03,1,358
577,99020,Manhattan,Lower East Side,40.766887,-73.989981,Private room,153.06,30,4,2024-07-29,0.59,1,57
578,41992,Bronx,Mott Haven,40.840905,-73.817615,Hotel room,43.87,2,12,2024-01-28,2.61,1,155
579,72997,Brooklyn,Greenpoint,40.768592,-73.987755,Shared room,130.94,30,26,2024-05-26,0.02,1,323
580,67676,Manhattan,Tribeca,40.826106,-73.991294,Entire home/apt,167.99,2,14,2024-07-02,0.17,1,241
581,16437,Brooklyn,Park Slope,40.743213,-73.987502,Entire home/apt,168.81,7,6,2023-07-10,2.47,1,18
582,90538,Staten Island,St. George,40.535954,-74.17999,Entire home/apt,97.92,30,8,2024-08-31,0.55,1,231
583,59909,Brooklyn,Williamsburg,40.675053,-73.909402,Private room,206.32,3,18,2024-05-31,4.18,1,223
584,64611,Manhattan,Upper East Side,40.796497,-73.99008,Private room,84.76,14,3,2024-06-29,0.72,1,69
585,57154,Brooklyn,Bed-Stuy,40.61882,-73.999198,Entire home/apt,424.53,7,6,2024-08-22,2.39,1,329
586,87563,Manhattan,Tribeca,40.780873,-73.975403,Entire home/apt,389.88,5,17,2024-08-17,0.45,2,236
587,44877,Manhattan,Midtown,40.764096,-73.965808,Entire home/apt,340.29,30,14,2024-07-29,0.1,1,271
588,79538,Manhattan,Tribeca,40.828351,-73.981294,Entire home/apt,194.24,2,20,2024-04-28,3.2,1,257
589,61010,Manhattan,Upper East Side,40.77443,-73.960007,Shared room,101.79,30,13,2024-07-04,3.93,1,199
590,22091,Manhattan,Tribeca,40.771924,-73.957821,Private room,107.82,5,15,2023-10-10,1.85,1,104
591,89207,Manhattan,Midtown,40.768729,-73.934558,Entire home/apt,478.01,7,6,2024-07-14,2.2,1,166
592,1592,Brooklyn,Crown Heights,40.698886,-73.981401,Private room,65.1,2,11,2024-01-16,0.01,1,324
593,23546,Manhattan,Hell Kitchen,40.771326,-73.981476,Entire home/apt,275.25,14,0,,0.0,3,221
594,68746,Manhattan,Hell Kitchen,40.810555,-73.996575,Hotel room,172.98,14,21,2024-07-21,0.96,1,7
595,6413,Queens,Flushing,40.674765,-73.839833,Entire home/apt,97.01,7,20,2024-08-25,0.9,1,92
596,74903,Brooklyn,Crown Heights,40.677259,-73.960467,Entire home/apt,258.27,14,3,2024-07-08,1.17,1,2
597,62761,Brooklyn,Williamsburg,40.588726,-73.968189,Entire home/apt,237.86,1,15,2023-10-10,0.47,1,332
598,32733,Manhattan,Lower East Side,40.781109,-73.983762,Private room,233.55,3,1,2024-08-17,1.79,1,282
599,80718,Manhattan,Lower East Side,40.796836,-73.952812,Private room,70.66,30,4,2024-06-17,0.53,2,306
600,70466,Manhattan,Harlem,40.781532,-73.966589,Private room,220.41,2,21,2024-08-31,1.23,1,295
601,44706,Manhattan,Chelsea,40.739879,-73.979622,Entire home/apt,784.57,30,2,2024-03-06,0.22,1,242
602,8218,Manhattan,Hell Kitchen,40.803196,-73.979669,Entire home/apt,240.4,30,20,2023-04-06,1.69,2,261
603,76712,Manhattan,Upper East Side,40.768355,-73.925646,Entire home/apt,614.63,30,16,2024-06-06,0.32,1,102
604,18217,Manhattan,Harlem,40.819482,-73.961849,Private room,129.61,14,20,2024-03-31,0.28,2,48
605,10332,Manhattan,Hell Kitchen,40.805878,-74.015719,Entire home/apt,166.33,2,10,2024-05-16,0.04,1,142
606,32027,Brooklyn,Bushwick,40.630947,-73.972397,Private room,84.95,5,21,2022-11-19,0.19,1,173
607,66870,Manhattan,Tribeca,40.77838,-73.980999,Private room,219.01,1,49,2024-01-06,0.4,1,71
608,30045,Manhattan,Upper East Side,40.732099,-73.96348,Shared room,57.93,5,28,2024-08-24,0.38,1,103
609,81192,Brooklyn,Crown Heights,40.710819,-73.848086,Entire home/apt,151.01,3,25,2024-08-12,0.6,2,122
610,46483,Brooklyn,Park Slope,40.630901,-73.99641,Entire home/apt,243.45,7,16,2024-05-10,0.08,1,307
611,54367,Manhattan,Chelsea,40.7295,-73.977071,Entire home/apt,288.35,1,31,2024-03-06,4.1,1,159
612,53799,Queens,Flushing,40.800289,-73.843841,Private room,90.97,5,22,2024-07-02,0.19,1,30
613,26562,Brooklyn,Bushwick,40.806807,-73.959596,Private room,105.58,30,10,2024-02-12,1.82,1,165
614,93455,Manhattan,Hell Kitchen,40.78604,-73.998462,Entire home/apt,348.91,7,3,2024-03-31,1.15,1,310
615,48703,Queens,Astoria,40.751178,-73.953246,Entire home/apt,121.13,14,17,2024-05-22,1.21,1,226
616,54818,Bronx,Riverdale,40.879485,-73.828579,Private room,59.68,30,7,2024-03-28,0.17,2,127
617,49049,Manhattan,Midtown,40.810286,-73.991599,Private room,99.37,3,10,2023-06-13,0.42,1,185
618,26941,Manhattan,Hell Kitchen,40.786311,-73.959924,Entire home/apt,482.19,3,11,2024-07-13,2.27,1,238
619,25334,Queens,Long Island City,40.763583,-73.864124,Private room,55.87,14,16,2023-11-25,0.93,1,41
620,70879,Brooklyn,Crown Heights,40.534681,-73.923382,Entire home/apt,301.58,1,32,2024-08-30,0.92,2,168
621,55636,Manhattan,Lower East Side,40.78005,-73.982533,Entire home/apt,262.31,14,28,2024-08-17,1.18,1,249
622,78076,Manhattan,Harlem,40.798379,-73.972098,Shared room,87.82,1,14,2023-03-13,0.85,5,139
623,46146,Manhattan,Chelsea,40.756716,-74.009829,Private room,118.13,14,4,2024-01-30,2.46,1,251
624,64247,Brooklyn,Greenpoint,40.610462,-73.800619,Private room,63.94,2,19,2024-03-05,2.07,1,216
625,49376,Brooklyn,Williamsburg,40.721567,-73.932883,Entire home/apt,95.54,3,22,2024-06-20,0.57,1,219
626,66582,Manhattan,Upper East Side,40.779467,-73.976148,Private room,94.41,14,7,2024-07-27,2.51,1,146
627,88245,Brooklyn,Park Slope,40.748232,-73.973636,Entire home/apt,168.67,2,13,2024-06-07,1.1,2,98
628,87339,Brooklyn,Crown Heights,40.712815,-73.965106,Entire home/apt,208.98,7,16,2024-03-21,1.48,5,291
629,97087,Manhattan,Chelsea,40.821903,-73.956354,Private room,215.72,1,31,2024-03-04,3.02,1,31
630,67124,Manhattan,Harlem,40.808011,-73.982888,Entire home/apt,240.97,2,22,2024-07-30,0.97,2,194
631,24812,Brooklyn,Bed-Stuy,40.741688,-73.962955,Private room,67.46,3,10,2024-05-18,2.12,1,132
632,67663,Queens,Flushing,40.737003,-73.664096,Private room,40.43,30,19,2024-04-04,1.48,1,315
633,49032,Brooklyn,Park Slope,40.615633,-73.932005,Entire home/apt,232.65,7,30,2023-01-31,0.83,1,243
634,35425,Brooklyn,Park Slope,40.70448,-73.913,Entire home/apt,333.88,1,8,2024-04-11,2.33,1,81
635,89940,Manhattan,Upper East Side,40.774084,-73.929475,Entire home/apt,477.94,3,14,2024-03-29,0.17,1,169
636,1484,Brooklyn,Park Slope,40.600504,-73.856667,Entire home/apt,255.05,5,25,2023-12-16,1.31,1,306
637,84238,Brooklyn,Bed-Stuy,40.751104,-73.830147,Private room,123.94,7,12,2024-05-27,0.07,20,216
638,28986,Manhattan,Upper East Side,40.751335,-73.988577,Private room,283.97,7,21,2024-06-06,0.25,1,277
639,16849,Manhattan,Tribeca,40.812939,-74.008741,Entire home/apt,328.91,5,14,2024-03-25,1.37,1,215
640,65678,Manhattan,Lower East Side,40.750971,-73.980966,Entire home/apt,372.94,1,15,2023-12-01,0.55,1,34
641,19898,Manhattan,Midtown,40.78694,-73.939355,Private room,126.66,30,44,2024-03-03,0.46,1,21
642,32902,Manhattan,Tribeca,40.779395,-73.983365,Private room,83.51,3,19,2024-07-26,4.68,1,316
643,77533,Manhattan,Chelsea,40.789328,-73.961808,Entire home/apt,219.08,14,23,2024-06-02,0.68,1,202
644,20533,Manhattan,Tribeca,40.791925,-73.97476,Entire home/apt,286.95,7,8,2024-04-25,1.25,1,249
645,33216,Manhattan,Tribeca,40.743998,-73.989552,Private room,147.54,2,6,2024-04-21,1.15,1,124
646,82415,Queens,Long Island City,40.841822,-73.779934,Entire home/apt,311.17,14,36,2024-06-19,0.1,1,110
647,73579,Brooklyn,Bed-Stuy,40.658849,-73.87711,Entire home/apt,198.34,14,26,2024-04-21,1.68,3,210
648,33675,Brooklyn,Bushwick,40.610393,-73.957721,Private room,153.84,1,14,2024-02-13,1.08,1,100
649,20307,Queens,Jamaica,40.739221,-73.83021,Private room,60.5,30,31,2024-05-11,0.72,5,338
650,66245,Brooklyn,Williamsburg,40.684246,-73.955462,Private room,84.75,1,14,2024-05-16,0.1,1,201
651,41423,Manhattan,Tribeca,40.755113,-73.96757,Private room,84.62,3,7,2023-11-15,0.52,2,238
652,59213,Brooklyn,Park Slope,40.598499,-73.934263,Private room,71.34,5,15,2023-12-22,3.23,2,320
653,95308,Brooklyn,Crown Heights,40.760648,-73.961061,Entire home/apt,237.05,7,38,2024-05-26,0.29,1,329
654,70224,Brooklyn,Crown Heights,40.607911,-73.951819,Entire home/apt,192.58,30,11,2021-12-12,0.37,1,291
655,59294,Brooklyn,Crown Heights,40.628282,-73.908529,Entire home/apt,279.97,14,34,2024-08-20,0.34,1,148
656,42593,Manhattan,Tribeca,40.78014,-73.937005,Entire home/apt,309.66,7,16,2024-06-22,3.32,1,169
657,22970,Manhattan,Upper East Side,40.80636,-73.974262,Private room,125.06,30,17,2024-08-26,1.81,5,194
658,84433,Manhattan,Lower East Side,40.797412,-73.979065,Private room,340.06,2,6,2023-10-08,3.2,1,242
659,15762,Brooklyn,Greenpoint,40.680237,-73.965886,Shared room,52.01,2,30,2023-12-23,3.68,1,305
660,87737,Brooklyn,Bushwick,40.724187,-73.858221,Private room,152.86,2,24,2024-02-07,3.95,1,277
661,58598,Manhattan,Tribeca,40.799073,-73.952761,Entire home/apt,245.3,2,9,2024-07-20,1.0,1,349
662,90876,Staten Island,New Dorp,40.625652,-74.12815,Entire home/apt,131.76,3,7,2024-01-24,0.97,1,252
663,26787,Brooklyn,Bushwick,40.609843,-73.842142,Private room,139.15,3,27,2024-06-14,2.65,1,35
664,94482,Manhattan,Tribeca,40.819188,-73.975878,Private room,156.52,14,13,2023-09-02,0.61,5,68
665,3512,Manhattan,Upper East Side,40.775686,-73.958952,Private room,56.15,2,12,2024-07-23,0.03,1,258
666,38588,Manhattan,Tribeca,40.794116,-73.975239,Private room,145.06,2,18,2024-07-19,0.6,1,192
667,45534,Manhattan,Hell Kitchen,40.758099,-73.965086,Private room,235.57,2,1,2023-01-28,1.89,1,80
668,62002,Manhattan,Tribeca,40.794129,-73.956684,Private room,177.83,14,32,2024-04-23,0.2,1,309
669,30628,Manhattan,Upper East Side,40.790086,-73.976622,Entire home/apt,344.23,7,8,2024-05-18,2.3,1,179
670,63031,Manhattan,Lower East Side,40.80298,-73.969883,Private room,72.31,30,10,2024-06-15,2.53,1,21
671,15408,Manhattan,Tribeca,40.773802,-73.974813,Private room,107.95,3,19,2023-10-17,0.16,1,32
672,66302,Queens,Flushing,40.588522,-73.809479,Entire home/apt,169.76,1,13,2024-06-15,0.15,1,128
673,14414,Manhattan,Chelsea,40.796869,-73.964404,Private room,169.69,3,3,2024-06-14,0.33,3,131
674,34026,Brooklyn,Bushwick,40.76944,-73.959978,Entire home/apt,312.11,14,19,2024-08-09,0.66,2,168
675,65176,Brooklyn,Park Slope,40.707439,-73.896636,Shared room,50.96,3,19,2024-04-22,1.14,1,133
676,78381,Staten Island,St. George,40.696643,-74.144409,Entire home/apt,116.68,14,1,2023-05-27,1.0,1,27
677,74875,Manhattan,Chelsea,40.762216,-73.954241,Private room,144.95,30,7,2023-02-11,2.88,1,364
678,86198,Manhattan,Upper East Side,40.820415,-73.977651,Entire home/apt,194.06,7,58,2022-01-02,0.23,1,234
679,21077,Bronx,Fordham,40.886854,-73.803364,Private room,22.07,30,8,2024-05-09,1.79,3,11
680,41695,Queens,Jamaica,40.809565,-73.784855,Entire home/apt,171.09,14,4,2023-12-08,1.19,1,105
681,44589,Queens,Jamaica,40.672322,-73.801402,Entire home/apt,154.38,7,4,2024-04-10,2.0,1,175
682,15750,Manhattan,Upper East Side,40.792272,-73.953036,Entire home/apt,224.91,2,37,2024-04-12,0.63,1,185
683,67447,Manhattan,Lower East Side,40.789779,-73.978798,Shared room,42.38,5,7,2023-11-11,0.96,1,112
684,20484,Brooklyn,Williamsburg,40.711523,-73.892595,Entire home/apt,247.0,3,14,2023-10-13,0.04,1,300
685,9469,Bronx,Riverdale,40.863781,-73.906609,Entire home/apt,97.82,5,17,2024-08-29,0.19,1,288
686,80527,Brooklyn,Park Slope,40.667316,-73.887331,Private room,119.95,1,1,2023-04-06,0.7,1,148
687,26499,Brooklyn,Greenpoint,40.595219,-74.069791,Entire home/apt,404.69,2,9,2023-10-26,0.98,1,104
688,22966,Manhattan,Harlem,40.813262,-73.960972,Shared room,34.39,3,8,2024-01-16,0.13,1,248
689,55356,Queens,Flushing,40.776738,-73.881045,Entire home/apt,108.85,7,10,2023-09-24,2.61,1,313
690,48168,Manhattan,Harlem,40.797851,-73.965695,Private room,132.43,30,41,2024-04-16,4.38,1,90
691,81029,Manhattan,Upper East Side,40.751413,-73.942714,Entire home/apt,515.37,7,14,2023-12-09,1.36,1,49
692,68513,Brooklyn,Williamsburg,40.687721,-73.967965,Entire home/apt,99.78,30,1,2024-03-21,0.08,1,351
693,43241,Brooklyn,Williamsburg,40.655521,-74.065113,Private room,208.24,5,11,2024-04-14,2.01,1,0
694,6572,Manhattan,Tribeca,40.794967,-73.965963,Private room,152.04,7,4,2024-07-21,0.37,1,31
695,18163,Manhattan,Hell Kitchen,40.779218,-73.94563,Private room,138.58,5,8,2023-09-29,1.98,1,194
696,36076,Brooklyn,Bushwick,40.595168,-73.980006,Entire home/apt,177.38,2,34,2023-08-11,0.85,1,96
697,15049,Manhattan,Upper East Side,40.7661,-73.976776,Entire home/apt,241.88,30,28,2022-12-03,0.08,1,23
698,79027,Brooklyn,Bushwick,40.682248,-73.918399,Entire home/apt,292.0,30,18,2024-08-09,0.49,3,146
699,13058,Manhattan,Midtown,40.776161,-73.988747,Hotel room,140.87,5,22,2024-07-01,0.84,1,95
700,93737,Brooklyn,Bushwick,40.77936,-73.799502,Entire home/apt,220.45,3,23,2024-02-06,2.0,1,208
701,93716,Brooklyn,Bed-Stuy,40.686797,-73.989607,Entire home/apt,164.65,7,16,2023-09-20,0.21,1,11
702,33293,Manhattan,Chelsea,40.812609,-74.000135,Entire home/apt,212.32,7,25,2023-12-26,0.51,1,161
703,14762,Manhattan,Chelsea,40.776405,-73.985122,Private room,405.13,3,20,2024-05-15,0.13,1,102
704,89377,Manhattan,Upper East Side,40.759909,-73.9768,Entire home/apt,340.56,1,8,2024-01-12,1.43,2,191
705,86347,Manhattan,Chelsea,40.765817,-73.970947,Shared room,103.52,2,30,2024-08-19,0.96,5,65
706,98095,Staten Island,New Dorp,40.580859,-74.175053,Entire home/apt,156.37,5,11,2024-02-19,3.97,1,183
707,81961,Manhattan,Hell Kitchen,40.77569,-73.975817,Shared room,45.87,30,12,2024-08-31,2.02,1,38
708,52816,Queens,Long Island City,40.792988,-73.806774,Entire home/apt,290.25,2,2,2024-08-24,2.26,1,310
709,61009,Manhattan,Hell Kitchen,40.799594,-73.959484,Private room,52.79,30,20,2023-12-22,0.27,1,56
710,37661,Brooklyn,Bed-Stuy,40.712492,-73.860929,Shared room,39.71,30,10,2024-05-08,0.47,1,306
711,35796,Queens,Long Island City,40.638649,-73.832755,Entire home/apt,119.85,3,28,2024-08-21,1.08,1,63
712,6976,Brooklyn,Park Slope,40.783998,-73.959639,Shared room,68.15,2,37,2024-05-06,0.02,1,351
713,68587,Brooklyn,Crown Heights,40.509293,-73.956378,Entire home/apt,209.55,1,8,2024-08-21,3.06,3,89
714,15774,Brooklyn,Park Slope,40.686296,-74.101227,Shared room,50.51,14,21,2024-06-17,2.26,1,203
715,23153,Manhattan,Harlem,40.809779,-73.985474,Private room,143.31,14,40,2024-08-02,0.09,1,305
716,64864,Bronx,Riverdale,40.861228,-73.876099,Entire home/apt,73.57,2,12,2024-07-19,2.84,1,130
717,38931,Queens,Jamaica,40.625132,-73.880541,Entire home/apt,79.12,5,9,2024-07-24,0.01,1,200
718,55992,Bronx,Riverdale,40.798046,-73.810516,Entire home/apt,145.49,3,19,2024-06-10,0.18,1,260
719,83880,Manhattan,Harlem,40.780149,-73.981637,Entire home/apt,380.1,1,40,2024-08-12,0.09,1,200
720,3946,Brooklyn,Park Slope,40.622123,-73.872431,Entire home/apt,361.87,1,6,2024-04-19,0.98,1,353
721,33829,Bronx,Riverdale,40.91801,-73.805563,Entire home/apt,79.32,1,30,2024-05-30,2.3,1,25
722,33772,Manhattan,Upper East Side,40.792949,-73.965403,Entire home/apt,379.97,7,6,2023-10-08,0.3,1,312
723,52243,Manhattan,Hell Kitchen,40.758781,-73.976116,Private room,128.55,2,6,2023-10-23,2.21,1,254
724,6620,Brooklyn,Greenpoint,40.637168,-74.053731,Entire home/apt,309.11,5,16,2023-10-25,0.31,1,309
725,88112,Brooklyn,Bushwick,40.741623,-73.98595,Entire home/apt,288.96,7,18,2024-05-10,6.99,1,98
726,95382,Queens,Jamaica,40.823875,-73.72436,Private room,78.35,5,15,2024-07-02,2.88,1,67
727,17397,Manhattan,Tribeca,40.794234,-73.958942,Entire home/apt,251.43,5,13,2024-05-28,2.0,20,359
728,30714,Queens,Forest Hills,40.678975,-73.646272,Entire home/apt,211.49,5,7,2024-02-05,1.34,3,20
729,72180,Manhattan,Tribeca,40.783963,-73.965161,Entire home/apt,373.05,5,27,2024-04-19,0.42,1,83
730,90620,Manhattan,Tribeca,40.770118,-73.989823,Shared room,61.6,2,6,2024-03-09,0.19,1,131
731,8102,Manhattan,Midtown,40.792646,-73.96685,Private room,84.66,2,12,2024-02-02,0.93,1,95
732,49362,Queens,Forest Hills,40.665052,-73.909974,Entire home/apt,128.3,5,5,2023-06-09,0.77,1,154
733,95785,Brooklyn,Greenpoint,40.602005,-73.872432,Private room,176.01,5,5,2023-04-02,1.68,1,344
734,93957,Brooklyn,Williamsburg,40.641405,-73.964535,Private room,151.86,1,4,2023-10-07,0.28,1,326
735,24702,Manhattan,Harlem,40.812107,-73.993643,Private room,92.29,7,12,2024-08-20,1.24,1,349
736,68775,Queens,Astoria,40.67004,-73.856401,Private room,45.13,2,27,2022-10-04,1.77,1,342
737,21096,Manhattan,Harlem,40.815461,-73.931332,Private room,239.77,1,7,2024-01-27,0.53,1,28
738,28585,Queens,Forest Hills,40.788325,-73.732229,Entire home/apt,91.43,3,24,2024-02-02,2.27,1,120
739,98942,Brooklyn,Park Slope,40.643379,-73.82736,Entire home/apt,235.38,1,9,2024-08-28,0.85,2,184
740,58950,Manhattan,Chelsea,40.788454,-73.954138,Entire home/apt,225.1,7,18,2024-05-07,0.27,1,148
741,30340,Brooklyn,Greenpoint,40.671869,-73.960282,Shared room,103.11,3,34,2024-03-08,0.32,1,81
742,36725,Manhattan,Chelsea,40.816361,-73.960406,Private room,105.81,5,12,2024-07-05,0.49,20,282
743,23532,Brooklyn,Greenpoint,40.765283,-73.92888,Private room,151.67,1,10,2024-08-17,0.26,1,205
744,36274,Brooklyn,Crown Heights,40.627298,-73.979201,Hotel room,155.05,7,22,2024-04-18,1.24,1,39
745,78677,Manhattan,Hell Kitchen,40.785159,-73.98373,Entire home/apt,318.57,1,17,2024-05-18,4.47,1,233
746,54736,Queens,Flushing,40.639603,-73.698787,Private room,32.74,7,3,2024-08-24,3.4,1,263
747,2056,Manhattan,Upper East Side,40.772203,-73.968436,Private room,59.66,1,23,2024-04-23,0.59,1,124
748,94276,Brooklyn,Bushwick,40.695968,-73.979489,Hotel room,131.84,7,10,2024-08-12,3.0,1,162
749,85805,Bronx,Fordham,40.91734,-73.920657,Hotel room,90.07,5,24,2024-05-25,4.62,1,357
750,49556,Brooklyn,Bushwick,40.693898,-73.929433,Private room,61.21,30,6,2024-07-07,0.52,3,330
751,35569,Manhattan,Lower East Side,40.782015,-73.997138,Entire home/apt,186.32,7,12,2022-12-07,3.54,1,243
752,22752,Bronx,Fordham,40.888341,-73.827624,Private room,68.1,30,19,2024-08-26,8.95,1,106
753,3003,Brooklyn,Williamsburg,40.637666,-73.901751,Entire home/apt,240.48,14,20,2024-04-07,2.4,1,115
754,71728,Manhattan,Harlem,40.790598,-73.996812,Private room,136.28,2,22,2024-08-03,0.74,2,353
755,15992,Manhattan,Chelsea,40.766021,-73.948434,Shared room,110.67,30,12,2024-06-24,1.41,5,86
756,41675,Queens,Flushing,40.752953,-73.840044,Entire home/apt,90.03,1,21,2024-07-27,0.68,1,196
757,27678,Brooklyn,Greenpoint,40.626691,-73.975124,Private room,83.26,30,25,2022-01-16,8.27,1,143
758,36200,Brooklyn,Williamsburg,40.651531,-73.994958,Entire home/apt,371.16,30,19,2024-08-27,0.11,10,269
759,4434,Queens,Flushing,40.588859,-73.703699,Entire home/apt,147.99,3,2,2024-04-14,3.35,1,116
760,14712,Queens,Jamaica,40.805851,-73.89676,Entire home/apt,151.46,3,1,2024-03-17,0.12,50,96
761,52000,Manhattan,Chelsea,40.785826,-73.989245,Private room,362.2,3,47,2023-12-10,0.06,5,255
762,53902,Manhattan,Midtown,40.777869,-73.978095,Shared room,46.28,7,38,2024-03-08,4.22,1,1
763,97456,Manhattan,Chelsea,40.774543,-73.931141,Shared room,111.39,14,28,2024-07-16,3.03,2,173
764,45687,Brooklyn,Park Slope,40.65178,-73.992696,Entire home/apt,373.56,3,13,2024-03-21,0.67,1,4
765,26140,Manhattan,Chelsea,40.767848,-73.950324,Private room,126.45,7,25,2022-11-08,4.74,3,44
766,70722,Brooklyn,Williamsburg,40.579074,-73.989957,Private room,135.4,30,21,2023-09-28,2.97,1,44
767,59116,Queens,Astoria,40.843946,-73.775381,Entire home/apt,97.22,3,6,2024-05-16,3.48,1,230
768,75085,Queens,Flushing,40.743554,-73.624328,Entire home/apt,109.41,3,15,2024-05-08,1.36,2,315
769,89327,Manhattan,Chelsea,40.788027,-73.985364,Entire home/apt,335.94,14,15,2024-08-07,4.77,3,142
770,70064,Queens,Jamaica,40.705634,-73.885735,Shared room,55.74,5,29,2024-04-03,2.49,1,41
771,26484,Manhattan,Hell Kitchen,40.808219,-73.959709,Private room,225.47,5,12,2024-07-04,4.22,1,156
772,10218,Queens,Astoria,40.818153,-73.697861,Private room,134.9,5,12,2024-08-12,0.5,1,92
773,29721,Manhattan,Hell Kitchen,40.774816,-73.990095,Entire home/apt,280.33,1,2,2024-05-09,1.14,2,212
774,9501,Manhattan,Harlem,40.782066,-73.988655,Private room,232.12,7,10,2024-08-24,3.03,1,152
775,26143,Queens,Flushing,40.741397,-73.704332,Entire home/apt,125.57,30,13,2024-08-09,1.3,5,338
776,97403,Manhattan,Lower East Side,40.779737,-73.9682,Entire home/apt,413.14,7,23,2024-07-19,2.42,3,189
777,32840,Manhattan,Tribeca,40.781223,-73.955145,Private room,156.46,5,11,2022-05-15,5.42,1,140
778,47988,Brooklyn,Park Slope,40.638133,-74.075987,Entire home/apt,229.47,14,25,2023-11-09,2.45,1,189
779,34395,Brooklyn,Williamsburg,40.706452,-73.88493,Private room,113.72,5,39,2024-04-14,0.57,1,184
780,43617,Brooklyn,Crown Heights,40.704982,-73.982614,Entire home/apt,101.05,30,13,2024-07-16,0.19,1,288
781,46015,Brooklyn,Crown Heights,40.610099,-73.91453,Private room,61.23,30,53,2024-04-23,0.48,1,254
782,92697,Brooklyn,Park Slope,40.686689,-73.951748,Entire home/apt,200.04,3,5,2024-02-26,1.63,1,32
783,78929,Manhattan,Tribeca,40.819549,-73.990136,Private room,73.33,3,3,2024-09-01,0.02,1,311
784,94015,Manhattan,Hell Kitchen,40.818601,-73.970564,Entire home/apt,401.6,3,59,2022-06-30,0.32,1,365
785,51515,Manhattan,Lower East Side,40.746389,-73.974784,Entire home/apt,408.13,1,2,2024-03-08,0.59,1,214
786,19714,Bronx,Mott Haven,40.892775,-73.883053,Shared room,34.88,5,7,2022-06-25,3.12,2,250
787,29059,Brooklyn,Williamsburg,40.589713,-73.954071,Entire home/apt,122.61,5,20,2024-05-11,0.08,1,59
788,5067,Brooklyn,Crown Heights,40.62677,-73.914691,Private room,166.73,14,39,2024-03-10,0.08,1,320
789,61768,Brooklyn,Williamsburg,40.724604,-74.007576,Hotel room,325.28,30,34,2024-05-13,1.2,1,151
790,11681,Bronx,South Bronx,40.80951,-73.826968,Entire home/apt,115.39,14,13,2024-08-31,0.29,1,68
791,45670,Manhattan,Chelsea,40.765923,-73.992843,Entire home/apt,353.25,5,3,2023-09-26,0.42,1,34
792,97287,Brooklyn,Park Slope,40.607479,-73.923078,Private room,104.07,3,26,2024-05-17,0.31,1,172
793,31214,Brooklyn,Crown Heights,40.696749,-73.985243,Shared room,66.76,1,9,2024-05-10,1.31,1,140
794,13109,Brooklyn,Williamsburg,40.678505,-73.852572,Shared room,51.48,2,9,2024-06-13,0.09,2,159
795,89243,Manhattan,Hell Kitchen,40.763619,-74.010235,Entire home/apt,284.05,2,4,2024-05-22,4.22,5,182
796,63194,Queens,Flushing,40.764606,-73.803732,Private room,103.44,3,20,2024-01-13,0.2,1,361
797,4111,Bronx,South Bronx,40.809299,-73.832196,Entire home/apt,278.04,3,49,2024-01-28,4.54,3,26
798,59590,Brooklyn,Park Slope,40.728554,-74.076697,Hotel room,82.25,14,6,2023-11-09,2.26,3,87
799,47962,Brooklyn,Bushwick,40.639044,-73.805149,Shared room,51.8,5,5,2022-11-10,2.64,1,2
800,70622,Bronx,South Bronx,40.87397,-73.830995,Entire home/apt,67.85,7,1,2024-06-04,0.28,1,128
801,75590,Brooklyn,Crown Heights,40.748574,-73.943176,Entire home/apt,362.96,30,3,2024-06-19,1.66,1,318
802,45269,Manhattan,Tribeca,40.799034,-73.956839,Entire home/apt,227.66,30,14,2024-05-02,2.55,1,92
803,96474,Brooklyn,Williamsburg,40.710542,-73.963521,Entire home/apt,107.79,3,22,2024-08-02,1.22,1,172
804,92546,Brooklyn,Williamsburg,40.688524,-73.979502,Private room,123.92,3,45,2023-12-21,1.2,1,85
805,28551,Brooklyn,Bushwick,40.678969,-74.014309,Entire home/apt,385.76,2,11,2024-03-29,0.26,1,196
806,50774,Brooklyn,Greenpoint,40.630763,-73.961139,Entire home/apt,250.37,14,8,2024-07-21,0.8,1,42
807,78597,Bronx,Riverdale,40.797615,-73.890051,Entire home/apt,118.09,3,31,2023-09-08,0.24,1,122
808,72255,Bronx,Mott Haven,40.836604,-73.844687,Hotel room,96.11,30,37,2024-03-12,5.41,1,11
809,12989,Brooklyn,Park Slope,40.735155,-73.972027,Private room,169.07,7,47,2024-08-26,1.73,1,202
810,82155,Manhattan,Chelsea,40.809802,-73.952428,Entire home/apt,203.02,30,16,2024-07-24,0.07,1,142
811,90042,Staten Island,St. George,40.604705,-74.144054,Entire home/apt,94.86,5,6,2023-07-30,0.97,3,124
812,13248,Queens,Flushing,40.75373,-73.699936,Hotel room,90.11,7,11,2024-06-07,1.52,3,293
813,85484,Manhattan,Tribeca,40.807572,-73.944501,Private room,90.26,1,17,2022-08-15,0.15,2,317
814,99691,Bronx,Fordham,40.846866,-73.837052,Entire home/apt,95.41,30,9,2024-04-19,1.64,1,290
815,50628,Queens,Jamaica,40.835684,-73.844797,Entire home/apt,224.28,3,10,2024-07-22,0.29,1,239
816,9328,Brooklyn,Greenpoint,40.659095,-73.943238,Entire home/apt,240.84,3,5,2024-03-23,0.79,3,108
817,35422,Brooklyn,Crown Heights,40.732176,-73.88929,Entire home/apt,248.44,7,3,2024-08-13,1.47,5,271
818,7706,Manhattan,Lower East Side,40.778483,-74.001372,Private room,152.69,14,31,2023-11-10,0.68,1,191
819,28109,Manhattan,Hell Kitchen,40.788024,-73.989566,Shared room,99.86,1,27,2024-03-08,0.72,1,142
820,51087,Manhattan,Tribeca,40.753301,-73.996477,Entire home/apt,209.08,30,17,2023-01-12,2.78,1,223
821,58396,Queens,Astoria,40.75431,-73.686017,Private room,63.62,5,6,2024-02-04,0.55,1,63
822,33353,Manhattan,Tribeca,40.783878,-73.966972,Entire home/apt,310.99,7,29,2024-08-23,1.6,1,250
823,37039,Manhattan,Lower East Side,40.806758,-74.002089,Private room,160.91,14,17,2024-05-08,2.84,1,79
824,79794,Manhattan,Upper East Side,40.793504,-73.971432,Private room,163.68,2,16,2024-04-18,0.25,1,352
825,72649,Brooklyn,Williamsburg,40.712163,-73.973209,Entire home/apt,181.66,1,20,2023-06-12,0.07,1,167
826,37589,Bronx,Mott Haven,40.803903,-73.857775,Entire home/apt,93.55,5,38,2024-05-23,2.62,1,312
827,3911,Manhattan,Midtown,40.816084,-73.953982,Private room,509.24,1,10,2024-03-23,1.2,1,164
828,30087,Manhattan,Tribeca,40.772946,-73.998019,Entire home/apt,413.92,30,20,2024-07-26,2.64,5,230
829,16024,Brooklyn,Park Slope,40.577276,-73.865234,Entire home/apt,226.5,2,18,2024-07-13,0.36,1,31
830,8940,Brooklyn,Greenpoint,40.620895,-73.963731,Private room,87.45,1,13,2024-04-11,2.68,10,73
831,25095,Manhattan,Harlem,40.809524,-74.003478,Hotel room,180.33,7,16,2024-01-31,0.15,1,275
832,64620,Brooklyn,Crown Heights,40.767736,-73.959418,Entire home/apt,182.21,7,14,2024-05-22,3.22,1,55
833,93639,Manhattan,Harlem,40.760128,-73.976147,Private room,161.89,1,19,2024-05-22,2.59,1,90
834,49960,Manhattan,Tribeca,40.768648,-73.962384,Entire home/apt,135.75,3,19,2024-07-10,1.26,1,298
835,68269,Brooklyn,Bushwick,40.639312,-74.058899,Private room,51.24,30,10,2024-01-30,1.41,1,49
836,84942,Brooklyn,Bushwick,40.664966,-74.025593,Private room,74.41,1,15,2024-09-01,0.64,1,58
837,42112,Bronx,Riverdale,40.855016,-73.924157,Shared room,33.24,30,15,2024-04-25,0.34,1,83
838,50050,Manhattan,Chelsea,40.77334,-73.967548,Entire home/apt,261.71,7,23,2024-09-01,0.91,1,107
839,68949,Brooklyn,Park Slope,40.665452,-73.929174,Private room,173.4,5,12,2024-03-23,1.61,1,293
840,33845,Brooklyn,Bed-Stuy,40.719017,-74.013676,Private room,53.06,1,18,2024-08-27,9.72,1,154
841,54871,Manhattan,Tribeca,40.781812,-74.03779,Entire home/apt,213.24,2,2,2023-04-14,2.55,1,361
842,48176,Brooklyn,Crown Heights,40.69304,-73.962249,Entire home/apt,352.67,2,48,2024-05-08,0.85,2,291
843,47619,Manhattan,Lower East Side,40.763431,-73.964886,Entire home/apt,303.51,5,32,2024-02-07,2.04,1,103
844,83417,Bronx,Fordham,40.903435,-73.888601,Entire home/apt,155.0,5,33,2023-09-22,0.17,1,50
845,67135,Manhattan,Midtown,40.764204,-73.967899,Private room,327.12,5,32,2024-07-15,0.8,1,26
846,59046,Brooklyn,Williamsburg,40.598064,-73.983823,Entire home/apt,145.47,30,12,2024-04-15,0.83,1,58
847,23472,Manhattan,Lower East Side,40.807548,-73.969956,Entire home/apt,276.78,5,32,2023-09-09,10.12,1,309
848,82955,Staten Island,St. George,40.485527,-74.22208,Private room,44.48,1,67,2024-04-16,0.74,1,326
849,22734,Brooklyn,Bed-Stuy,40.687925,-73.892457,Entire home/apt,87.85,5,35,2024-06-04,0.13,1,263
850,28492,Brooklyn,Greenpoint,40.581143,-73.917217,Entire home/apt,169.58,5,33,2024-06-11,0.1,1,14
851,67025,Manhattan,Chelsea,40.809707,-73.933443,Entire home/apt,409.68,3,32,2024-06-06,1.8,1,284
852,80671,Brooklyn,Williamsburg,40.698073,-73.913792,Shared room,67.04,2,17,2024-03-13,0.51,2,230
853,32649,Manhattan,Upper East Side,40.740436,-73.929205,Private room,184.46,30,19,2024-08-24,3.05,1,200
854,46634,Queens,Flushing,40.682161,-73.869578,Private room,61.96,1,16,2024-05-28,0.99,5,192
855,98812,Manhattan,Tribeca,40.777996,-73.940967,Entire home/apt,221.52,30,11,2024-04-06,0.6,1,6
856,51470,Manhattan,Upper East Side,40.827261,-73.968692,Private room,239.25,7,30,2023-11-29,2.14,1,161
857,40977,Manhattan,Harlem,40.803062,-73.970336,Entire home/apt,236.05,14,20,2024-04-19,0.81,1,265
858,72331,Brooklyn,Greenpoint,40.615932,-73.855595,Entire home/apt,215.97,14,4,2023-05-21,2.01,1,104
859,40745,Brooklyn,Williamsburg,40.640872,-73.852068,Entire home/apt,204.96,3,15,2024-05-19,1.88,3,303
860,46584,Manhattan,Tribeca,40.809071,-73.958919,Private room,258.4,3,5,2024-02-25,1.93,1,69
861,57818,Queens,Flushing,40.874518,-73.616312,Entire home/apt,212.38,7,26,2024-08-29,2.92,1,203
862,22045,Brooklyn,Greenpoint,40.667685,-73.992728,Entire home/apt,114.36,30,40,2024-07-14,2.83,1,359
863,89168,Brooklyn,Bed-Stuy,40.566344,-73.809519,Entire home/apt,119.4,3,9,2023-11-02,1.64,2,296
864,62592,Brooklyn,Park Slope,40.651819,-73.876098,Entire home/apt,242.03,1,16,2024-03-27,4.72,2,358
865,84348,Brooklyn,Crown Heights,40.633725,-73.851904,Private room,93.56,2,28,2023-03-26,0.03,1,77
866,73092,Brooklyn,Bushwick,40.636193,-74.015703,Entire home/apt,160.04,30,8,2023-12-25,4.0,1,267
867,45930,Manhattan,Midtown,40.77893,-73.981836,Private room,216.17,5,20,2024-05-17,0.24,1,210
868,27598,Manhattan,Midtown,40.795026,-73.972228,Entire home/apt,310.43,3,4,2023-12-05,0.36,2,169
869,31539,Queens,Forest Hills,40.778416,-73.818182,Private room,73.53,14,50,2024-05-11,2.55,2,219
870,60446,Bronx,Mott Haven,40.811545,-73.893978,Private room,74.31,1,12,2024-06-21,0.77,1,52
871,88218,Manhattan,Tribeca,40.823999,-73.966697,Entire home/apt,247.87,3,23,2024-08-24,0.83,3,210
872,39745,Manhattan,Chelsea,40.743425,-73.981604,Entire home/apt,539.35,1,10,2023-09-06,0.45,5,44
873,1806,Brooklyn,Williamsburg,40.684012,-73.833476,Private room,70.04,3,13,2024-05-27,0.38,1,98
874,49798,Brooklyn,Bed-Stuy,40.739922,-73.999503,Private room,124.85,1,69,2024-02-06,0.17,1,22
875,81034,Manhattan,Tribeca,40.831467,-73.971823,Entire home/apt,511.06,5,7,2024-08-03,0.33,1,79
876,3171,Manhattan,Tribeca,40.808027,-73.9943,Entire home/apt,166.01,30,9,2023-10-20,1.25,1,228
877,84451,Brooklyn,Greenpoint,40.53431,-74.028706,Private room,83.68,1,72,2023-10-25,1.84,1,59
878,16358,Brooklyn,Park Slope,40.48318,-73.817475,Private room,151.6,7,28,2024-05-06,2.01,1,20
879,63234,Manhattan,Midtown,40.787391,-73.989693,Entire home/apt,457.54,30,12,2024-02-14,0.69,2,58
880,26242,Manhattan,Chelsea,40.792152,-73.967413,Entire home/apt,268.91,3,8,2024-04-22,3.83,1,167
881,13151,Manhattan,Harlem,40.795519,-73.947009,Entire home/apt,214.67,5,20,2024-04-10,0.6,1,256
882,66814,Brooklyn,Crown Heights,40.660805,-73.99699,Private room,140.71,30,1,2023-08-03,0.18,1,365
883,77401,Manhattan,Hell Kitchen,40.799656,-73.955153,Entire home/apt,462.38,30,0,,0.0,1,243
884,39107,Manhattan,Chelsea,40.785115,-73.927649,Hotel room,135.56,14,7,2022-12-28,1.17,1,228
885,86237,Queens,Flushing,40.693174,-73.866889,Entire home/apt,88.97,3,1,2024-06-11,5.33,50,15
886,3638,Manhattan,Lower East Side,40.791462,-73.984699,Entire home/apt,315.15,1,0,,0.0,2,288
887,67535,Brooklyn,Bushwick,40.707931,-73.99418,Private room,123.48,3,14,2024-06-21,2.12,1,21
888,57388,Manhattan,Lower East Side,40.775095,-73.933383,Shared room,71.87,30,22,2024-06-28,0.17,1,322
889,21313,Manhattan,Hell Kitchen,40.774988,-73.987177,Private room,188.96,14,5,2023-12-11,2.89,1,194
890,67030,Manhattan,Lower East Side,40.806514,-73.992221,Entire home/apt,216.78,2,23,2024-01-14,0.28,1,42
891,55128,Brooklyn,Bed-Stuy,40.636623,-73.909606,Private room,41.2,14,5,2024-08-24,0.11,1,62
892,72317,Queens,Forest Hills,40.803273,-73.697262,Private room,60.77,1,13,2024-08-16,0.15,1,363
893,43740,Queens,Jamaica,40.668422,-73.747219,Entire home/apt,147.69,14,9,2024-02-27,1.22,1,24
894,96176,Manhattan,Midtown,40.773778,-73.983313,Entire home/apt,257.91,14,1,2024-07-06,0.52,1,293
895,5475,Brooklyn,Bed-Stuy,40.750393,-73.977173,Entire home/apt,120.79,30,10,2024-08-15,4.86,1,180
896,72680,Manhattan,Hell Kitchen,40.788664,-73.968088,Entire home/apt,139.31,1,3,2024-05-28,2.87,3,143
897,12406,Manhattan,Chelsea,40.761685,-73.951878,Shared room,65.94,3,9,2023-08-21,2.44,1,223
898,81820,Queens,Astoria,40.773022,-73.953803,Entire home/apt,206.21,5,43,2024-06-11,2.49,1,92
899,71749,Manhattan,Tribeca,40.788648,-73.986659,Shared room,133.88,7,43,2024-01-31,3.32,1,69
900,50218,Manhattan,Upper East Side,40.805042,-74.000108,Private room,231.57,5,31,2023-07-14,3.01,3,358
901,26029,Manhattan,Hell Kitchen,40.77597,-73.96396,Private room,103.9,7,24,2024-07-30,3.95,1,339
902,55238,Manhattan,Midtown,40.784187,-73.955941,Private room,90.77,14,15,2024-03-16,4.09,1,324
903,13983,Manhattan,Chelsea,40.752732,-73.938162,Entire home/apt,351.29,30,3,2023-07-01,0.53,5,326
904,16640,Brooklyn,Greenpoint,40.709709,-73.862617,Entire home/apt,247.53,2,20,2024-07-25,0.37,1,359
905,2354,Brooklyn,Crown Heights,40.730654,-73.944897,Entire home/apt,225.33,7,18,2022-06-17,1.55,1,309
906,25637,Queens,Jamaica,40.625464,-73.839984,Private room,32.17,5,12,2024-06-12,0.2,1,311
907,51090,Queens,Astoria,40.855365,-73.684065,Entire home/apt,101.81,7,5,2024-07-19,0.36,1,312
908,81013,Manhattan,Chelsea,40.770708,-74.027566,Private room,142.3,7,0,,0.0,1,142
909,25944,Manhattan,Tribeca,40.778846,-73.976954,Entire home/apt,349.97,2,26,2023-10-10,1.57,1,211
910,8544,Manhattan,Midtown,40.778105,-73.960629,Entire home/apt,391.46,7,8,2024-05-11,1.58,1,15
911,57755,Brooklyn,Park Slope,40.730773,-73.884782,Entire home/apt,203.4,3,24,2024-02-15,4.51,1,232
912,37378,Manhattan,Upper East Side,40.792014,-74.007215,Shared room,92.46,30,13,2024-05-03,1.65,1,148
913,57371,Brooklyn,Bushwick,40.657728,-73.805955,Private room,99.31,14,0,,0.0,1,330
914,45264,Brooklyn,Greenpoint,40.700653,-73.922131,Entire home/apt,252.58,2,21,2024-02-29,0.49,1,67
915,46056,Brooklyn,Williamsburg,40.699769,-73.919277,Entire home/apt,217.6,30,15,2024-08-26,0.62,3,152
916,63852,Brooklyn,Bushwick,40.535213,-73.958571,Entire home/apt,197.12,2,27,2024-06-16,0.49,1,321
917,93983,Manhattan,Harlem,40.782342,-73.94557,Hotel room,194.01,3,10,2024-02-22,0.05,3,321
918,19623,Bronx,Fordham,40.847184,-73.947126,Private room,56.2,30,45,2024-06-16,0.45,20,218
919,17148,Queens,Flushing,40.762607,-73.859206,Entire home/apt,174.8,2,35,2023-12-07,2.71,1,94
920,20047,Manhattan,Upper East Side,40.758764,-73.987883,Private room,160.26,2,1,2023-01-27,1.95,1,302
921,99404,Queens,Astoria,40.7716,-73.694199,Entire home/apt,167.69,5,52,2024-08-26,1.46,1,199
922,28873,Brooklyn,Greenpoint,40.707176,-73.906279,Shared room,92.39,14,10,2023-09-20,3.49,1,111
923,34601,Queens,Flushing,40.766044,-73.786794,Entire home/apt,160.11,30,37,2024-07-30,0.46,1,327
924,47583,Queens,Long Island City,40.783954,-73.988402,Private room,55.54,5,7,2023-06-11,1.29,1,132
925,40282,Brooklyn,Bed-Stuy,40.684865,-74.006896,Entire home/apt,273.4,14,12,2023-03-23,0.05,1,362
926,91129,Manhattan,Harlem,40.806358,-73.974143,Private room,83.37,14,9,2024-04-03,3.34,1,196
927,57846,Manhattan,Lower East Side,40.783719,-74.001301,Private room,93.43,30,10,2024-05-07,0.89,1,47
928,28309,Brooklyn,Greenpoint,40.73921,-73.90656,Private room,109.8,14,4,2023-12-21,0.29,1,165
929,85000,Brooklyn,Crown Heights,40.711617,-73.992981,Private room,118.03,1,24,2023-06-09,0.41,1,326
930,29915,Manhattan,Hell Kitchen,40.767627,-73.966728,Shared room,49.23,1,21,2024-07-16,2.83,1,273
931,14578,Manhattan,Upper East Side,40.76921,-73.962502,Entire home/apt,247.11,2,7,2024-06-07,0.17,1,24
932,49050,Queens,Long Island City,40.555327,-73.833904,Entire home/apt,113.0,30,11,2024-05-27,3.89,1,66
933,36356,Staten Island,Stapleton,40.669338,-74.132621,Entire home/apt,81.65,30,31,2023-10-01,0.7,1,88
934,65007,Brooklyn,Bushwick,40.688208,-73.825086,Hotel room,210.03,2,17,2024-08-06,0.43,1,94
935,9128,Manhattan,Midtown,40.736381,-73.987506,Entire home/apt,382.05,14,28,2024-03-10,0.6,1,365
936,59909,Manhattan,Hell Kitchen,40.775077,-73.954033,Private room,142.9,30,23,2024-06-16,0.79,1,304
937,23378,Manhattan,Midtown,40.800613,-73.98852,Private room,115.75,3,17,2023-08-08,1.19,3,79
938,50737,Bronx,Fordham,40.894698,-73.884966,Entire home/apt,63.41,30,25,2024-06-19,1.33,1,307
939,74516,Manhattan,Chelsea,40.807333,-73.991853,Entire home/apt,508.28,14,4,2022-10-16,0.89,1,319
940,17958,Brooklyn,Bed-Stuy,40.670801,-73.97361,Entire home/apt,243.31,3,57,2024-08-30,0.89,1,341
941,52720,Manhattan,Harlem,40.804221,-73.981656,Entire home/apt,217.09,2,15,2024-07-14,0.5,3,114
942,55065,Brooklyn,Bushwick,40.675653,-73.913791,Entire home/apt,256.04,7,17,2024-05-14,0.73,1,124
943,96923,Brooklyn,Bed-Stuy,40.710916,-73.890983,Entire home/apt,186.68,5,22,2024-07-10,0.94,1,220
944,29982,Queens,Long Island City,40.74509,-73.82836,Private room,64.19,7,20,2024-01-05,1.37,1,203
945,55762,Manhattan,Harlem,40.776106,-73.970687,Shared room,96.4,14,39,2023-11-03,0.21,1,117
946,12023,Manhattan,Midtown,40.788092,-73.974143,Entire home/apt,214.08,14,8,2024-01-30,2.17,1,42
947,15338,Manhattan,Chelsea,40.783484,-74.001545,Entire home/apt,251.0,5,10,2022-12-08,1.71,1,318
948,59881,Bronx,Mott Haven,40.878168,-73.855744,Entire home/apt,114.22,14,1,2024-05-15,0.53,2,153
949,64931,Queens,Forest Hills,40.80835,-73.794887,Private room,58.96,2,37,2022-09-30,0.92,1,201
950,40367,Brooklyn,Park Slope,40.573896,-73.965707,Private room,125.46,30,7,2024-08-09,4.4,1,280
951,27360,Brooklyn,Park Slope,40.666204,-73.899626,Entire home/apt,405.5,5,16,2023-10-01,0.03,2,88
952,67364,Brooklyn,Park Slope,40.553984,-73.941729,Entire home/apt,141.99,1,32,2024-08-25,2.5,1,106
953,85485,Manhattan,Lower East Side,40.793374,-73.98443,Private room,73.98,14,41,2024-04-18,1.08,3,131
954,90068,Bronx,South Bronx,40.848531,-73.896152,Private room,24.43,2,25,2024-05-05,1.45,1,337
955,58970,Brooklyn,Park Slope,40.634426,-73.968705,Entire home/apt,180.78,2,37,2023-09-18,1.73,1,59
956,57941,Manhattan,Chelsea,40.768886,-73.957528,Private room,110.45,2,9,2024-01-28,0.91,1,298
957,26589,Brooklyn,Park Slope,40.634103,-73.998375,Entire home/apt,208.65,14,2,2024-05-20,0.32,1,71
958,71412,Manhattan,Hell Kitchen,40.818459,-73.951985,Entire home/apt,303.69,3,48,2023-07-23,3.61,2,262
959,73277,Manhattan,Hell Kitchen,40.74587,-73.986495,Private room,75.83,14,33,2023-08-08,2.02,1,148
960,5178,Brooklyn,Park Slope,40.692748,-73.924775,Private room,46.45,2,11,2024-08-28,1.23,1,1
961,14227,Manhattan,Tribeca,40.75329,-73.948029,Entire home/apt,324.19,2,5,2023-08-30,0.89,5,31
962,13167,Brooklyn,Crown Heights,40.727713,-73.915286,Shared room,57.01,14,13,2024-04-20,1.04,1,204
963,47104,Manhattan,Chelsea,40.810235,-73.962154,Entire home/apt,242.9,2,21,2023-10-09,2.6,1,28
964,58504,Manhattan,Hell Kitchen,40.792072,-73.940046,Private room,74.21,14,12,2024-07-27,0.02,1,132
965,15528,Manhattan,Harlem,40.805124,-73.98803,Entire home/apt,347.76,14,13,2024-08-03,3.01,3,117
966,23336,Manhattan,Upper East Side,40.795764,-73.984485,Shared room,134.72,7,18,2024-01-15,0.07,1,345
967,82012,Brooklyn,Park Slope,40.708449,-73.915603,Shared room,60.35,5,7,2024-07-06,1.44,1,351
968,56768,Manhattan,Midtown,40.755431,-73.973637,Entire home/apt,205.2,1,22,2024-04-07,0.61,1,111
969,98806,Brooklyn,Park Slope,40.694115,-73.970377,Shared room,54.97,2,22,2024-02-04,1.7,1,16
970,72218,Brooklyn,Park Slope,40.697083,-73.895846,Private room,55.58,5,8,2024-03-16,0.13,1,206
971,31846,Brooklyn,Crown Heights,40.676364,-73.930724,Private room,146.57,1,32,2024-01-29,1.22,1,238
972,65829,Bronx,Riverdale,40.913971,-73.84114,Entire home/apt,112.42,5,4,2024-03-11,2.9,1,200
973,81730,Brooklyn,Bushwick,40.690249,-74.001685,Private room,47.33,2,33,2024-06-08,1.02,1,288
974,84515,Manhattan,Harlem,40.796521,-73.964597,Private room,127.68,5,55,2024-08-15,0.13,1,265
975,55199,Manhattan,Chelsea,40.808775,-73.970262,Entire home/apt,346.64,5,45,2023-09-19,0.06,1,174
976,22277,Manhattan,Tribeca,40.746775,-74.005202,Shared room,70.9,5,17,2023-10-01,1.46,1,362
977,94384,Brooklyn,Bushwick,40.722341,-73.978412,Entire home/apt,171.94,2,4,2024-08-31,0.11,1,128
978,5641,Manhattan,Hell Kitchen,40.791835,-73.968915,Entire home/apt,176.48,3,11,2023-10-07,0.11,1,39
979,32335,Brooklyn,Bushwick,40.66819,-73.949982,Private room,120.42,3,17,2024-08-03,0.83,1,72
980,44815,Brooklyn,Bushwick,40.626277,-73.945147,Private room,74.07,5,15,2024-06-21,0.35,1,21
981,16726,Manhattan,Harlem,40.77141,-73.978645,Private room,60.78,14,31,2024-05-29,0.34,1,25
982,6642,Queens,Forest Hills,40.702308,-73.813035,Entire home/apt,124.13,14,20,2024-02-10,0.98,1,290
983,4278,Manhattan,Lower East Side,40.801543,-73.973796,Shared room,119.93,30,23,2024-08-15,0.49,5,32
984,72154,Manhattan,Lower East Side,40.803574,-73.940443,Entire home/apt,246.7,2,4,2023-10-22,0.37,1,9
985,2308,Brooklyn,Park Slope,40.729497,-73.912132,Entire home/apt,384.79,30,20,2023-04-06,1.08,1,188
986,3781,Brooklyn,Park Slope,40.69781,-73.892278,Entire home/apt,227.94,14,6,2023-03-02,0.52,1,122
987,89586,Brooklyn,Bed-Stuy,40.683562,-73.885126,Private room,109.93,5,15,2024-08-15,0.13,1,195
988,66920,Brooklyn,Williamsburg,40.715046,-73.96579,Shared room,51.3,3,30,2023-06-06,1.72,1,338
989,6584,Manhattan,Hell Kitchen,40.801017,-73.96937,Private room,140.12,7,13,2024-04-03,1.32,1,134
990,48294,Queens,Long Island City,40.719709,-73.832996,Private room,64.8,30,48,2024-01-12,0.36,1,139
991,93141,Queens,Astoria,40.741482,-73.715183,Entire home/apt,127.6,14,48,2023-05-10,1.31,1,90
992,8883,Brooklyn,Bed-Stuy,40.731536,-73.922996,Private room,118.71,7,0,,0.0,1,282
993,52770,Manhattan,Tribeca,40.795093,-73.945766,Entire home/apt,198.07,14,13,2024-02-20,4.7,1,84
994,10707,Brooklyn,Park Slope,40.669202,-74.011125,Entire home/apt,124.85,5,30,2024-05-15,1.14,1,309
995,81474,Manhattan,Tribeca,40.809123,-73.981796,Entire home/apt,183.77,3,24,2024-04-20,0.15,1,338
996,98571,Manhattan,Chelsea,40.769293,-74.007124,Private room,326.38,14,20,2024-02-07,0.92,1,114
997,54902,Bronx,Fordham,40.873364,-73.945873,Entire home/apt,134.51,7,35,2023-03-30,0.04,1,6
998,95814,Manhattan,Hell Kitchen,40.768095,-73.959435,Private room,162.65,7,5,2023-08-02,0.8,1,333
999,99008,Bronx,Mott Haven,40.880896,-73.897385,Entire home/apt,71.27,5,25,2024-03-31,3.6,1,200
1000,95267,Brooklyn,Williamsburg,40.670151,-73.996556,Entire home/apt,246.37,5,18,2024-07-21,0.95,1,36
1001,94217,Manhattan,Upper East Side,40.772132,-73.965876,Private room,137.44,3,5,2024-06-17,1.2,5,305
1002,85669,Brooklyn,Crown Heights,40.648101,-73.958853,Entire home/apt,209.17,14,16,2024-06-13,0.26,1,53
1003,78839,Queens,Flushing,40.611023,-73.704264,Private room,48.72,1,13,2024-07-02,0.02,3,47
1004,32638,Brooklyn,Greenpoint,40.708804,-73.896626,Private room,102.36,14,9,2023-12-29,7.53,2,264
1005,88328,Queens,Long Island City,40.831434,-73.860917,Entire home/apt,121.54,30,49,2023-10-12,0.62,1,179
1006,82021,Brooklyn,Park Slope,40.656696,-74.05789,Shared room,39.76,7,16,2024-06-24,0.49,1,234
1007,64068,Brooklyn,Bed-Stuy,40.866625,-73.953175,Entire home/apt,257.53,1,16,2023-10-01,1.27,2,29
1008,42983,Queens,Forest Hills,40.811298,-73.893953,Entire home/apt,77.85,30,66,2024-01-07,2.05,1,333
1009,62919,Manhattan,Hell Kitchen,40.803028,-73.934048,Private room,180.5,7,21,2024-05-20,0.43,1,187
1010,11639,Brooklyn,Bed-Stuy,40.674583,-74.004853,Entire home/apt,252.47,7,16,2024-01-30,1.11,2,258
1011,88118,Manhattan,Harlem,40.780324,-74.015735,Private room,101.29,7,15,2023-12-12,0.61,3,179
1012,76476,Staten Island,Stapleton,40.577606,-74.117361,Private room,35.73,5,25,2024-04-06,0.98,1,151
1013,47221,Bronx,Fordham,40.843012,-73.879007,Hotel room,74.64,30,17,2024-05-19,0.26,10,155
1014,87804,Manhattan,Upper East Side,40.793651,-73.95912,Entire home/apt,322.39,1,4,2024-08-13,1.07,10,166
1015,26815,Brooklyn,Williamsburg,40.578606,-73.938871,Entire home/apt,180.61,2,26,2024-09-01,0.07,1,182
1016,13664,Bronx,Fordham,40.966599,-73.931551,Private room,64.7,5,9,2023-04-22,2.75,1,330
1017,73518,Manhattan,Midtown,40.781392,-73.932365,Entire home/apt,582.98,7,24,2024-07-07,1.48,1,208
1018,47238,Brooklyn,Bushwick,40.744451,-73.975004,Private room,78.36,1,3,2024-02-19,4.26,1,81
1019,9213,Bronx,Fordham,40.855107,-73.864906,Private room,27.39,1,17,2023-04-04,1.37,1,208
1020,37888,Manhattan,Tribeca,40.768139,-73.972685,Entire home/apt,400.75,3,13,2023-10-31,0.3,1,152
1021,10773,Brooklyn,Greenpoint,40.661402,-73.937435,Entire home/apt,376.46,5,7,2024-08-09,0.99,1,360
1022,67601,Manhattan,Harlem,40.768132,-73.996732,Private room,168.5,2,5,2023-11-15,1.64,1,269
1023,52744,Bronx,Mott Haven,40.842736,-73.779044,Private room,35.21,30,39,2024-01-12,0.7,1,266
1024,64075,Staten Island,New Dorp,40.58361,-74.163464,Entire home/apt,94.4,3,20,2024-06-22,1.21,1,174
1025,99649,Bronx,South Bronx,40.882504,-73.872716,Entire home/apt,69.55,1,13,2024-02-04,0.27,1,282
1026,80772,Brooklyn,Crown Heights,40.790282,-73.944435,Entire home/apt,248.3,3,4,2023-10-23,2.25,1,3
1027,5910,Queens,Long Island City,40.78424,-73.855268,Private room,41.94,7,44,2024-07-01,3.6,1,104
1028,32301,Queens,Forest Hills,40.768447,-73.772893,Entire home/apt,127.71,5,13,2023-09-02,0.57,1,289
1029,99770,Manhattan,Harlem,40.78197,-73.981235,Private room,96.36,2,10,2024-08-18,2.36,1,70
1030,44505,Queens,Flushing,40.677158,-73.772312,Entire home/apt,151.49,14,23,2024-04-20,0.14,2,273
1031,69919,Manhattan,Lower East Side,40.795679,-73.973743,Private room,124.37,2,5,2024-07-16,0.42,1,18
1032,95409,Brooklyn,Greenpoint,40.695436,-73.946475,Entire home/apt,206.07,1,20,2024-01-11,0.93,1,142
1033,33611,Manhattan,Harlem,40.785071,-73.975209,Private room,145.29,3,54,2024-07-29,0.73,1,74
1034,95767,Manhattan,Midtown,40.783459,-73.917239,Entire home/apt,194.09,2,20,2024-06-18,1.45,10,139
1035,13082,Manhattan,Hell Kitchen,40.789333,-73.958294,Private room,185.04,30,24,2024-08-08,1.24,1,290
1036,41137,Brooklyn,Williamsburg,40.704481,-73.959969,Entire home/apt,188.29,2,17,2023-11-06,0.14,1,35
1037,36279,Manhattan,Midtown,40.80898,-73.977023,Private room,96.97,7,10,2024-08-07,0.21,1,244
1038,12150,Brooklyn,Crown Heights,40.741503,-73.964252,Private room,235.27,7,22,2024-01-14,0.08,1,241
1039,68952,Manhattan,Hell Kitchen,40.763901,-73.963892,Entire home/apt,348.46,1,12,2024-01-24,4.57,1,143
1040,48329,Manhattan,Harlem,40.761007,-73.960487,Private room,135.44,14,11,2024-08-05,1.55,1,219
1041,71573,Brooklyn,Crown Heights,40.60655,-73.96334,Private room,169.09,3,8,2024-04-04,2.9,1,171
1042,7247,Queens,Long Island City,40.613662,-73.568967,Entire home/apt,300.83,7,9,2024-05-01,1.17,10,230
1043,6941,Manhattan,Hell Kitchen,40.750021,-73.971004,Entire home/apt,271.73,3,34,2024-03-23,0.32,1,299
1044,65949,Brooklyn,Park Slope,40.746798,-73.882017,Entire home/apt,220.62,30,32,2023-04-22,1.48,1,15
1045,81846,Queens,Flushing,40.796307,-73.820278,Private room,48.5,14,52,2024-08-17,1.06,1,335
1046,76328,Brooklyn,Park Slope,40.759265,-73.889397,Private room,90.51,30,2,2023-10-28,0.79,1,112
1047,81375,Manhattan,Tribeca,40.787346,-73.966388,Entire home/apt,265.96,1,29,2023-09-11,0.7,1,83
1048,40357,Manhattan,Chelsea,40.777022,-73.989393,Entire home/apt,310.1,5,15,2024-08-08,1.58,1,8
1049,45485,Queens,Astoria,40.827172,-73.689923,Private room,82.25,1,16,2024-02-22,1.44,1,124
1050,88034,Manhattan,Upper East Side,40.765418,-73.974276,Shared room,101.33,30,11,2024-01-28,0.25,1,45
1051,61330,Queens,Forest Hills,40.716726,-73.797512,Entire home/apt,158.36,5,18,2024-04-11,2.54,5,222
1052,46573,Brooklyn,Williamsburg,40.682058,-73.887388,Shared room,33.27,7,21,2024-04-29,1.52,1,273
1053,61786,Bronx,Mott Haven,40.807439,-73.907117,Private room,37.37,2,22,2024-06-25,1.15,1,213
1054,71083,Queens,Long Island City,40.82713,-73.831912,Entire home/apt,115.73,1,19,2024-02-04,2.07,1,294
1055,2673,Staten Island,Stapleton,40.516348,-74.169605,Private room,44.3,3,9,2024-07-03,0.25,1,321
1056,38495,Manhattan,Tribeca,40.776499,-73.940101,Entire home/apt,438.46,30,12,2024-05-14,3.78,20,121
1057,17554,Queens,Astoria,40.802186,-73.703098,Entire home/apt,90.44,3,12,2023-09-17,0.47,1,322
1058,75108,Brooklyn,Crown Heights,40.727398,-73.887425,Entire home/apt,166.42,30,13,2024-08-16,0.46,1,347
1059,69214,Brooklyn,Crown Heights,40.636915,-73.956116,Private room,140.55,14,71,2024-04-19,2.53,10,330
1060,4317,Brooklyn,Greenpoint,40.618805,-73.956829,Private room,85.15,5,4,2024-05-05,0.61,1,73
1061,43632,Queens,Astoria,40.782928,-73.784133,Entire home/apt,173.12,3,3,2024-06-08,2.66,2,83
1062,55080,Staten Island,Stapleton,40.645074,-74.195857,Entire home/apt,93.81,7,33,2024-03-22,0.6,1,94
1063,59034,Queens,Long Island City,40.768219,-73.894764,Entire home/apt,159.58,5,11,2024-08-30,1.2,1,50
1064,72351,Brooklyn,Williamsburg,40.683851,-73.89978,Private room,87.62,2,1,2024-05-02,0.39,1,243
1065,42680,Brooklyn,Bed-Stuy,40.66533,-73.911132,Entire home/apt,250.72,1,6,2024-05-05,1.97,1,118
1066,56678,Brooklyn,Greenpoint,40.620616,-74.044021,Private room,51.74,5,12,2024-04-24,0.27,20,81
1067,10072,Manhattan,Upper East Side,40.794241,-73.93632,Entire home/apt,249.05,30,31,2024-07-21,3.45,1,11
1068,82035,Manhattan,Upper East Side,40.763179,-73.946756,Entire home/apt,324.27,14,4,2024-07-22,0.7,1,206
1069,50709,Manhattan,Midtown,40.783968,-73.997914,Entire home/apt,356.54,14,21,2024-02-27,0.96,1,353
1070,48464,Manhattan,Lower East Side,40.76047,-73.970884,Entire home/apt,523.29,7,10,2024-08-15,0.04,2,44
1071,81742,Manhattan,Tribeca,40.775011,-73.997458,Shared room,69.27,5,9,2024-06-28,5.58,1,91
1072,23287,Manhattan,Hell Kitchen,40.749219,-73.988134,Entire home/apt,520.48,7,12,2023-10-18,2.52,1,191
1073,63541,Manhattan,Hell Kitchen,40.786976,-73.971328,Entire home/apt,221.26,30,7,2024-08-13,0.89,5,171
1074,3606,Manhattan,Midtown,40.773075,-73.967162,Entire home/apt,490.01,14,7,2024-05-11,3.79,1,270
1075,21923,Staten Island,St. George,40.631501,-74.134435,Entire home/apt,137.57,5,16,2024-02-16,4.01,1,226
1076,50720,Brooklyn,Bushwick,40.670921,-73.888516,Entire home/apt,133.23,5,13,2024-08-05,1.14,1,74
1077,76838,Manhattan,Tribeca,40.763903,-73.975698,Entire home/apt,325.63,30,30,2024-06-26,0.4,1,316
1078,22789,Brooklyn,Crown Heights,40.666135,-74.018417,Private room,94.05,2,4,2024-04-07,1.0,1,243
1079,90836,Manhattan,Hell Kitchen,40.774703,-74.012699,Private room,184.94,5,14,2024-06-22,0.59,1,88
1080,87020,Bronx,Riverdale,40.940409,-73.911671,Entire home/apt,99.5,7,14,2024-08-12,0.89,2,3
1081,6774,Queens,Astoria,40.855089,-73.791853,Entire home/apt,127.35,5,18,2024-07-16,3.64,1,41
1082,41825,Manhattan,Hell Kitchen,40.794397,-73.980976,Shared room,140.06,3,28,2024-08-12,0.5,1,213
1083,25350,Brooklyn,Park Slope,40.690676,-73.905171,Entire home/apt,184.57,2,15,2022-08-24,2.74,2,151
1084,62329,Queens,Astoria,40.781364,-73.732918,Entire home/apt,200.41,7,33,2024-07-15,4.11,1,18
1085,28212,Bronx,Riverdale,40.826383,-73.888818,Entire home/apt,99.42,1,11,2024-04-18,2.45,1,40
1086,87442,Brooklyn,Bed-Stuy,40.582549,-73.912807,Entire home/apt,373.96,30,3,2024-05-24,1.12,1,90
1087,52179,Brooklyn,Williamsburg,40.743143,-73.847241,Private room,73.19,30,17,2024-04-03,1.25,1,210
1088,84711,Manhattan,Midtown,40.789203,-73.98653,Entire home/apt,225.27,14,16,2024-04-30,2.57,1,360
1089,85018,Staten Island,St. George,40.494645,-74.108533,Private room,91.27,5,18,2024-01-12,0.07,1,140
1090,35187,Manhattan,Midtown,40.747174,-73.978012,Entire home/apt,241.04,30,17,2023-08-27,2.0,2,65
1091,19804,Bronx,South Bronx,40.833585,-73.868273,Entire home/apt,206.43,7,11,2024-07-03,1.13,1,346
1092,75706,Brooklyn,Greenpoint,40.680348,-73.935911,Private room,137.15,3,37,2024-07-27,0.76,1,63
1093,6522,Brooklyn,Park Slope,40.533278,-73.943321,Entire home/apt,180.48,5,44,2022-08-15,2.18,1,139
1094,76405,Brooklyn,Park Slope,40.544425,-73.900267,Private room,46.48,3,52,2023-09-06,0.46,1,28
1095,37176,Manhattan,Chelsea,40.771997,-74.014341,Entire home/apt,285.78,5,6,2024-06-12,3.39,1,213
1096,48681,Manhattan,Chelsea,40.766816,-73.982602,Private room,149.97,5,1,2023-07-24,1.75,1,285
1097,6734,Manhattan,Hell Kitchen,40.806914,-73.967267,Entire home/apt,459.37,14,16,2024-02-15,1.41,1,72
1098,55776,Manhattan,Hell Kitchen,40.789989,-73.947576,Private room,271.83,14,20,2024-05-21,1.11,2,196
1099,99725,Queens,Astoria,40.720508,-73.734565,Entire home/apt,109.49,1,7,2023-08-26,0.36,1,99
1100,8124,Manhattan,Lower East Side,40.796777,-73.996929,Private room,198.4,1,20,2024-02-12,1.44,1,12
1101,9371,Manhattan,Chelsea,40.81256,-73.999606,Entire home/apt,391.16,3,2,2023-10-22,1.94,1,129
1102,76158,Bronx,Riverdale,40.890668,-73.940654,Private room,83.57,2,31,2024-05-27,0.02,1,32
1103,80965,Queens,Astoria,40.776299,-73.645947,Entire home/apt,175.79,14,6,2023-11-18,0.68,1,259
1104,69160,Bronx,Riverdale,40.834151,-73.877618,Shared room,14.07,5,10,2024-06-11,2.68,1,73
1105,64493,Staten Island,Stapleton,40.610022,-74.163376,Entire home/apt,93.22,1,16,2024-01-06,1.5,1,352
1106,12470,Manhattan,Lower East Side,40.819466,-73.967356,Entire home/apt,181.4,2,4,2024-05-22,1.43,1,257
1107,18827,Manhattan,Midtown,40.776697,-73.982006,Entire home/apt,265.58,3,14,2024-05-31,0.39,3,124
1108,32961,Queens,Astoria,40.653564,-73.84512,Entire home/apt,213.11,14,22,2023-11-20,1.5,1,190
1109,48605,Brooklyn,Bushwick,40.65716,-73.973458,Entire home/apt,216.93,7,6,2024-08-08,2.31,1,267
1110,83749,Manhattan,Hell Kitchen,40.769936,-73.929223,Shared room,128.21,14,34,2023-05-16,0.77,1,143
1111,11938,Queens,Flushing,40.645792,-73.783169,Hotel room,123.82,14,72,2024-04-27,0.3,3,59
1112,7593,Manhattan,Chelsea,40.79495,-73.958598,Entire home/apt,171.34,1,1,2024-03-04,0.12,1,226
1113,35570,Manhattan,Chelsea,40.781928,-73.976014,Shared room,29.55,30,27,2024-05-31,1.06,5,328
1114,13906,Brooklyn,Bushwick,40.705293,-73.928209,Private room,101.89,5,21,2024-02-28,1.73,1,130
1115,3671,Brooklyn,Bushwick,40.662662,-74.037913,Entire home/apt,176.25,30,5,2024-01-23,0.27,2,219
1116,19569,Brooklyn,Bed-Stuy,40.650125,-74.012993,Private room,64.95,1,6,2023-09-02,0.82,5,179
1117,21483,Manhattan,Harlem,40.769757,-73.970536,Private room,72.93,5,26,2023-09-21,1.26,1,15
1118,77690,Queens,Flushing,40.756899,-73.652464,Hotel room,80.5,14,17,2024-06-14,0.25,1,210
1119,33473,Manhattan,Midtown,40.772352,-73.955707,Entire home/apt,266.44,14,35,2024-03-13,0.47,1,229
1120,67001,Manhattan,Upper East Side,40.789219,-73.94528,Private room,187.95,1,1,2023-12-03,1.41,1,173
1121,41959,Queens,Long Island City,40.774298,-73.875579,Entire home/apt,155.29,3,13,2023-12-16,1.94,1,286
1122,5669,Bronx,Mott Haven,40.758648,-73.849237,Entire home/apt,207.0,3,1,2023-07-31,1.52,2,0
1123,65937,Queens,Long Island City,40.685924,-73.873325,Entire home/apt,95.16,30,5,2023-10-16,1.88,5,29
1124,57348,Queens,Jamaica,40.626794,-73.782022,Hotel room,153.63,3,7,2024-01-18,1.31,3,15
1125,78006,Brooklyn,Bed-Stuy,40.768662,-73.96872,Private room,97.83,3,16,2023-12-28,2.71,10,67
1126,44947,Brooklyn,Bed-Stuy,40.713616,-73.950336,Private room,126.75,3,25,2023-11-10,2.63,1,87
1127,43495,Manhattan,Harlem,40.757312,-73.956504,Entire home/apt,241.86,5,7,2023-10-10,2.39,1,167
1128,29448,Brooklyn,Bed-Stuy,40.612518,-73.942902,Entire home/apt,294.76,30,8,2024-06-15,1.29,1,86
1129,93585,Manhattan,Midtown,40.77627,-73.953338,Entire home/apt,324.1,5,8,2023-12-02,7.71,1,16
1130,74098,Manhattan,Hell Kitchen,40.761937,-73.963383,Entire home/apt,219.46,7,0,,0.0,1,98
1131,8891,Brooklyn,Bed-Stuy,40.627812,-73.974866,Entire home/apt,191.08,14,24,2023-03-15,0.33,1,281
1132,8642,Brooklyn,Greenpoint,40.460088,-73.818674,Private room,87.23,3,56,2024-07-16,2.48,1,290
1133,30941,Manhattan,Hell Kitchen,40.794111,-73.986547,Private room,175.12,2,21,2024-08-24,2.63,1,327
1134,43354,Manhattan,Harlem,40.760607,-73.981113,Entire home/apt,179.66,5,18,2024-08-19,2.56,1,244
1135,66272,Brooklyn,Bushwick,40.721213,-74.057725,Entire home/apt,189.76,5,9,2024-07-20,3.09,3,142
1136,40554,Manhattan,Hell Kitchen,40.780268,-73.935787,Entire home/apt,337.34,7,19,2023-06-05,0.82,1,116
1137,27575,Queens,Astoria,40.637484,-73.788469,Entire home/apt,145.91,5,42,2024-08-08,4.03,1,259
1138,55299,Brooklyn,Crown Heights,40.810399,-73.906271,Shared room,92.55,1,2,2023-12-29,0.35,1,280
1139,20571,Brooklyn,Park Slope,40.685755,-73.913802,Private room,130.84,14,9,2023-09-04,4.15,1,135
1140,22940,Brooklyn,Greenpoint,40.654148,-73.866222,Private room,95.71,5,71,2023-08-21,1.22,1,27
1141,50903,Queens,Long Island City,40.696254,-73.951635,Entire home/apt,157.04,1,17,2024-05-27,0.27,1,362
1142,62454,Manhattan,Chelsea,40.775274,-73.990535,Entire home/apt,324.16,7,19,2024-05-01,2.0,2,5
1143,64527,Brooklyn,Crown Heights,40.661328,-73.959745,Entire home/apt,225.61,1,45,2024-06-23,0.53,3,310
1144,59841,Brooklyn,Park Slope,40.750045,-73.902482,Private room,46.25,14,12,2024-08-04,0.37,1,66
1145,24075,Manhattan,Harlem,40.788365,-73.971259,Private room,127.64,30,31,2024-07-21,0.28,1,179
1146,36098,Queens,Jamaica,40.643491,-73.969394,Entire home/apt,79.52,2,13,2024-08-06,0.04,1,200
1147,95449,Queens,Flushing,40.737253,-73.731329,Entire home/apt,240.12,30,8,2024-05-30,2.17,1,39
1148,46186,Brooklyn,Park Slope,40.6717,-73.976291,Entire home/apt,187.38,5,28,2024-07-30,1.0,1,83
1149,11370,Queens,Flushing,40.76536,-73.801567,Private room,66.64,2,5,2024-06-01,5.78,1,143
1150,37438,Queens,Astoria,40.86306,-73.696282,Shared room,57.98,3,16,2023-09-25,0.87,1,73
1151,62124,Brooklyn,Williamsburg,40.73577,-73.898736,Private room,113.67,7,14,2024-02-23,2.78,1,77
1152,14121,Queens,Jamaica,40.624987,-73.741861,Private room,45.84,7,10,2024-02-19,5.17,1,14
1153,68771,Brooklyn,Park Slope,40.70078,-73.907815,Entire home/apt,186.63,5,2,2023-11-06,0.03,1,168
1154,32203,Brooklyn,Park Slope,40.707757,-73.917034,Entire home/apt,167.91,14,5,2024-08-25,0.17,1,345
1155,45156,Brooklyn,Park Slope,40.840252,-73.948771,Entire home/apt,95.55,30,20,2023-11-22,0.64,1,9
1156,2665,Queens,Forest Hills,40.803107,-73.832579,Entire home/apt,109.26,5,36,2024-07-24,3.06,1,315
1157,68698,Manhattan,Lower East Side,40.798913,-73.952414,Private room,133.81,7,17,2024-06-17,2.73,1,292
1158,21942,Queens,Long Island City,40.757354,-73.66136,Private room,68.76,5,9,2024-06-27,0.69,1,255
1159,39721,Queens,Flushing,40.657458,-73.833878,Entire home/apt,79.59,1,20,2024-08-12,0.33,1,269
1160,70731,Manhattan,Hell Kitchen,40.787348,-73.953584,Private room,228.26,14,5,2024-07-29,2.43,1,221
1161,10691,Queens,Forest Hills,40.742554,-73.692039,Entire home/apt,138.24,14,22,2023-02-16,1.36,1,157
1162,9909,Manhattan,Tribeca,40.769866,-73.994012,Entire home/apt,292.36,1,17,2024-03-20,0.05,1,354
1163,62195,Manhattan,Hell Kitchen,40.789263,-73.972744,Entire home/apt,338.06,14,15,2024-05-09,2.45,1,222
1164,27594,Brooklyn,Williamsburg,40.710772,-73.945844,Entire home/apt,140.09,1,13,2023-12-21,4.72,1,101
1165,1903,Manhattan,Tribeca,40.7763,-73.972699,Entire home/apt,345.68,7,41,2023-11-04,0.06,1,145
1166,11847,Queens,Flushing,40.730508,-73.819299,Entire home/apt,124.34,7,35,2024-08-11,0.51,1,326
1167,2811,Queens,Jamaica,40.711949,-73.827187,Entire home/apt,100.6,14,49,2024-01-02,2.57,1,4
1168,93402,Brooklyn,Bed-Stuy,40.7296,-73.932559,Hotel room,181.13,2,24,2023-05-06,1.32,1,88
1169,70710,Manhattan,Tribeca,40.828235,-73.967986,Entire home/apt,523.03,3,11,2024-03-27,6.81,1,271
1170,25766,Manhattan,Lower East Side,40.772083,-73.917786,Entire home/apt,384.86,5,20,2024-03-14,3.71,1,206
1171,12929,Brooklyn,Bushwick,40.703018,-73.884793,Entire home/apt,277.74,30,12,2023-08-31,0.29,1,339
1172,54144,Staten Island,New Dorp,40.609105,-74.12528,Private room,40.28,7,2,2024-02-10,1.68,1,40
1173,1824,Brooklyn,Bushwick,40.710339,-74.010325,Entire home/apt,101.34,2,6,2022-01-12,1.59,1,187
1174,47802,Manhattan,Harlem,40.790451,-73.997697,Private room,261.35,30,22,2024-07-04,0.18,1,85
1175,71459,Brooklyn,Bushwick,40.667738,-73.987737,Entire home/apt,436.72,3,12,2023-10-01,0.14,1,282
1176,63966,Brooklyn,Greenpoint,40.699648,-73.924152,Private room,177.94,1,19,2024-03-15,1.26,1,267
1177,37978,Queens,Jamaica,40.766692,-73.771916,Private room,62.95,5,29,2024-06-12,0.77,1,151
1178,3527,Manhattan,Lower East Side,40.770963,-73.97642,Entire home/apt,181.47,7,18,2023-08-12,1.18,1,153
1179,21246,Queens,Astoria,40.801832,-73.709471,Entire home/apt,94.02,2,34,2021-12-01,0.41,20,353
1180,28583,Brooklyn,Greenpoint,40.609393,-74.036056,Entire home/apt,97.91,30,26,2024-08-22,1.22,1,275
1181,88565,Bronx,Mott Haven,40.808456,-73.81254,Private room,52.11,1,49,2023-05-23,0.73,1,199
1182,80957,Manhattan,Chelsea,40.807398,-73.989694,Entire home/apt,547.43,3,17,2024-07-23,3.28,1,177
1183,67269,Brooklyn,Crown Heights,40.696639,-73.834134,Entire home/apt,181.42,14,25,2024-07-22,0.55,1,117
1184,25155,Bronx,Fordham,40.865566,-73.793725,Hotel room,92.09,2,5,2024-08-25,3.07,1,207
1185,66019,Manhattan,Tribeca,40.803075,-73.989404,Entire home/apt,499.3,3,53,2023-05-31,0.74,1,161
1186,33551,Bronx,Mott Haven,40.835301,-73.863062,Private room,46.28,14,22,2023-12-20,1.29,1,119
1187,18592,Brooklyn,Bushwick,40.684448,-73.88922,Private room,216.71,7,28,2024-08-23,0.51,1,95
1188,51717,Manhattan,Midtown,40.791274,-74.029924,Entire home/apt,638.93,14,8,2024-03-05,2.48,1,239
1189,77674,Manhattan,Midtown,40.756843,-74.014948,Entire home/apt,273.29,2,9,2024-08-09,2.78,1,285
1190,42719,Brooklyn,Bushwick,40.688722,-73.929771,Entire home/apt,152.4,5,4,2023-12-26,2.48,1,143
1191,94410,Manhattan,Tribeca,40.788764,-73.990379,Private room,190.32,1,30,2024-05-30,1.53,1,175
1192,78763,Brooklyn,Park Slope,40.718649,-73.901224,Private room,83.54,2,58,2024-08-23,0.55,1,181
1193,22857,Manhattan,Upper East Side,40.757997,-74.000521,Private room,90.67,30,4,2023-10-19,1.52,1,158
1194,86100,Brooklyn,Park Slope,40.678192,-73.836693,Shared room,90.15,7,34,2024-04-02,4.81,3,161
1195,77490,Manhattan,Midtown,40.817095,-73.959932,Private room,234.25,7,9,2023-12-10,1.57,1,61
1196,15668,Queens,Flushing,40.6698,-73.723953,Entire home/apt,153.24,3,6,2024-02-12,4.7,1,207
1197,7721,Staten Island,Stapleton,40.556879,-74.1809,Entire home/apt,59.86,3,50,2024-05-22,0.54,1,87
1198,16011,Bronx,South Bronx,40.737602,-73.859681,Private room,33.27,5,39,2024-01-30,2.81,1,143
1199,74652,Brooklyn,Williamsburg,40.640408,-73.938414,Entire home/apt,200.41,7,16,2024-08-30,1.9,1,334
1200,40349,Manhattan,Midtown,40.737113,-73.967803,Entire home/apt,235.81,30,3,2024-06-19,2.57,1,30
1201,27527,Queens,Jamaica,40.53371,-73.707865,Private room,62.82,7,9,2023-12-06,1.86,1,179
1202,86334,Manhattan,Lower East Side,40.793538,-73.976773,Entire home/apt,433.44,7,39,2023-12-17,0.98,1,311
1203,9110,Manhattan,Harlem,40.794354,-73.990761,Shared room,108.61,1,22,2023-08-05,1.74,10,198
1204,57656,Manhattan,Hell Kitchen,40.784548,-73.955305,Private room,249.9,1,15,2024-03-16,4.03,1,299
1205,55993,Brooklyn,Greenpoint,40.492543,-73.971033,Entire home/apt,129.19,7,11,2023-04-07,0.81,2,126
1206,53895,Queens,Flushing,40.726388,-73.810603,Shared room,35.31,1,20,2024-04-08,4.55,1,230
1207,64503,Brooklyn,Crown Heights,40.765626,-74.011634,Entire home/apt,260.11,7,22,2024-04-30,0.08,1,115
1208,17525,Brooklyn,Park Slope,40.64093,-74.059152,Entire home/apt,229.69,3,9,2024-07-24,0.02,20,279
1209,42025,Manhattan,Hell Kitchen,40.813306,-73.976126,Entire home/apt,531.61,3,24,2023-12-05,1.02,2,316
1210,63149,Staten Island,Stapleton,40.55758,-74.152299,Entire home/apt,117.37,30,48,2024-02-02,2.83,1,253
1211,8129,Brooklyn,Bushwick,40.716374,-73.923358,Entire home/apt,402.12,1,12,2024-05-13,0.43,1,115
1212,56222,Brooklyn,Crown Heights,40.837073,-73.916964,Entire home/apt,238.29,3,7,2024-08-16,1.77,1,114
1213,65599,Manhattan,Midtown,40.773795,-73.982427,Entire home/apt,440.46,14,14,2024-08-08,1.19,1,141
1214,15521,Queens,Astoria,40.696779,-73.915047,Entire home/apt,126.52,3,6,2024-08-11,0.52,1,289
1215,66574,Brooklyn,Bed-Stuy,40.680592,-73.897192,Private room,96.55,30,29,2024-06-09,0.5,1,237
1216,21906,Manhattan,Upper East Side,40.770833,-73.987348,Private room,207.3,30,54,2024-08-01,0.11,1,275
1217,37382,Manhattan,Midtown,40.813419,-73.99973,Entire home/apt,549.03,5,14,2023-09-13,1.15,2,318
1218,74791,Brooklyn,Crown Heights,40.554131,-74.013374,Entire home/apt,257.03,5,9,2023-07-16,0.9,1,77
1219,64480,Brooklyn,Bed-Stuy,40.585774,-73.921026,Entire home/apt,185.72,7,27,2023-09-18,0.51,1,337
1220,76009,Manhattan,Upper East Side,40.775886,-73.975594,Entire home/apt,499.64,2,16,2024-03-17,5.28,1,34
1221,34066,Bronx,Mott Haven,40.902447,-73.899367,Private room,22.64,2,11,2024-03-22,2.56,5,62
1222,13031,Manhattan,Midtown,40.798602,-73.940974,Private room,81.53,5,10,2023-07-31,1.12,1,336
1223,88591,Brooklyn,Crown Heights,40.65086,-73.899979,Entire home/apt,252.18,14,52,2024-05-31,1.11,2,175
1224,15393,Bronx,Riverdale,40.832709,-73.818595,Entire home/apt,109.42,7,7,2024-08-21,0.32,1,172
1225,96059,Brooklyn,Crown Heights,40.583911,-74.042931,Entire home/apt,244.62,5,16,2024-05-10,1.57,1,214
1226,65624,Brooklyn,Crown Heights,40.654724,-73.997535,Private room,98.51,3,17,2024-04-09,4.61,1,213
1227,7229,Manhattan,Midtown,40.772766,-73.975591,Entire home/apt,361.89,7,8,2024-04-11,3.43,20,30
1228,69095,Manhattan,Tribeca,40.7975,-73.979353,Hotel room,155.95,14,6,2024-08-01,0.13,1,28
1229,8926,Staten Island,New Dorp,40.538307,-74.164261,Private room,62.31,7,22,2023-12-01,0.08,1,280
1230,26494,Brooklyn,Park Slope,40.632051,-74.00024,Entire home/apt,285.79,2,18,2024-01-09,4.88,1,223
1231,51585,Queens,Flushing,40.599159,-73.789342,Private room,117.32,2,1,2024-07-16,0.33,1,222
1232,1746,Manhattan,Hell Kitchen,40.771726,-73.951874,Shared room,181.25,2,3,2024-04-10,1.2,1,261
1233,53468,Manhattan,Lower East Side,40.754152,-73.982042,Private room,158.77,1,25,2023-11-25,0.12,1,36
1234,21701,Manhattan,Harlem,40.819358,-73.989992,Entire home/apt,321.35,3,38,2024-08-31,2.78,1,144
1235,99028,Brooklyn,Park Slope,40.664008,-74.017151,Entire home/apt,104.4,30,15,2024-07-06,0.19,1,286
1236,91440,Manhattan,Upper East Side,40.756131,-73.940254,Private room,116.43,3,16,2024-05-10,1.55,1,57
1237,47502,Queens,Long Island City,40.741883,-73.784206,Private room,66.65,3,6,2023-10-02,0.09,1,129
1238,91356,Brooklyn,Crown Heights,40.576421,-73.922676,Private room,146.13,3,10,2023-11-18,0.26,1,262
1239,73223,Bronx,Riverdale,40.902671,-73.807326,Private room,42.6,14,11,2024-08-03,1.08,1,346
1240,62355,Manhattan,Chelsea,40.796467,-73.99379,Shared room,111.38,3,7,2024-05-13,0.07,1,149
1241,70630,Queens,Jamaica,40.75325,-73.741493,Shared room,40.47,14,24,2024-06-28,0.33,5,3
1242,13363,Queens,Astoria,40.584645,-73.884602,Entire home/apt,134.15,3,7,2024-06-01,0.22,1,300
1243,40627,Queens,Long Island City,40.799253,-73.724816,Private room,79.54,1,4,2024-04-14,0.06,1,84
1244,99394,Queens,Long Island City,40.604313,-73.731298,Private room,61.57,7,6,2024-04-30,5.31,1,98
1245,42261,Queens,Jamaica,40.735824,-73.732419,Private room,60.65,2,2,2024-08-05,0.9,1,200
1246,91649,Brooklyn,Crown Heights,40.640129,-73.905489,Private room,48.54,2,18,2024-08-09,2.94,1,91
1247,50258,Manhattan,Tribeca,40.799977,-73.978227,Entire home/apt,260.81,2,12,2024-08-07,0.67,1,137
1248,59573,Manhattan,Tribeca,40.783455,-73.98417,Private room,118.85,14,5,2023-10-06,0.07,1,214
1249,34162,Bronx,Riverdale,40.927382,-73.870814,Private room,44.26,3,11,2024-08-29,1.78,1,151
1250,65097,Brooklyn,Williamsburg,40.622879,-73.98715,Entire home/apt,226.84,2,1,2024-07-23,0.06,1,312
1251,85999,Queens,Long Island City,40.738342,-73.734634,Entire home/apt,187.4,14,7,2023-02-18,1.21,1,131
1252,75406,Brooklyn,Williamsburg,40.59805,-73.83334,Entire home/apt,210.69,1,35,2024-08-20,0.22,1,336
1253,74475,Manhattan,Upper East Side,40.789274,-73.961871,Entire home/apt,428.86,30,13,2024-08-26,1.67,1,175
1254,87208,Manhattan,Lower East Side,40.781156,-73.970815,Entire home/apt,362.56,3,41,2024-06-05,3.35,1,215
1255,11914,Brooklyn,Park Slope,40.669303,-73.883132,Entire home/apt,170.63,30,12,2024-08-03,4.68,1,57
1256,46556,Brooklyn,Williamsburg,40.677724,-73.898177,Private room,79.77,3,7,2024-04-04,1.13,1,356
1257,66541,Manhattan,Tribeca,40.774423,-73.967287,Private room,163.19,1,25,2024-06-19,1.14,1,193
1258,97370,Brooklyn,Bed-Stuy,40.629965,-73.871208,Private room,120.77,7,9,2024-07-21,0.06,1,295
1259,41001,Manhattan,Chelsea,40.766425,-73.9777,Private room,251.88,1,29,2021-06-06,2.2,1,47
1260,1978,Brooklyn,Bushwick,40.659302,-73.965437,Entire home/apt,309.19,1,22,2024-06-18,4.69,1,180
1261,78918,Manhattan,Hell Kitchen,40.79755,-73.977533,Entire home/apt,231.92,30,31,2024-03-01,0.87,1,261
1262,41116,Queens,Forest Hills,40.839714,-73.860378,Private room,69.12,30,14,2023-08-25,2.37,1,246
1263,3770,Manhattan,Lower East Side,40.786488,-73.986716,Entire home/apt,376.67,1,1,2023-05-30,2.4,1,61
1264,93054,Brooklyn,Williamsburg,40.703458,-73.945157,Hotel room,220.75,30,17,2024-05-29,2.31,1,35
1265,41904,Manhattan,Tribeca,40.779999,-73.947431,Private room,209.64,7,38,2022-10-30,2.13,1,276
1266,7162,Manhattan,Hell Kitchen,40.770013,-73.95947,Entire home/apt,280.73,14,3,2024-01-13,0.36,1,152
1267,99828,Manhattan,Midtown,40.767721,-73.968946,Hotel room,130.8,2,7,2024-03-28,2.09,1,53
1268,10149,Brooklyn,Bed-Stuy,40.606465,-73.983951,Entire home/apt,128.76,1,37,2024-02-02,0.23,1,115
1269,60515,Brooklyn,Bed-Stuy,40.673271,-73.835321,Entire home/apt,214.12,3,11,2024-06-13,1.87,1,26
1270,25839,Manhattan,Hell Kitchen,40.785116,-73.938107,Private room,165.13,2,11,2024-05-25,0.01,1,77
1271,3424,Brooklyn,Greenpoint,40.691419,-73.967425,Entire home/apt,123.72,2,13,2024-03-27,3.77,1,131
1272,22595,Queens,Jamaica,40.851349,-73.759939,Shared room,41.23,14,22,2024-06-22,2.64,3,109
1273,86338,Queens,Flushing,40.676782,-73.757254,Entire home/apt,185.36,5,9,2023-12-13,1.72,1,263
1274,88333,Manhattan,Tribeca,40.777248,-74.010981,Private room,90.86,1,19,2024-07-11,0.15,1,218
1275,56657,Brooklyn,Park Slope,40.734358,-73.878504,Private room,149.36,2,4,2023-11-20,2.61,1,125
1276,40752,Manhattan,Lower East Side,40.819859,-73.962757,Private room,123.82,3,5,2024-08-03,3.12,2,292
1277,41718,Manhattan,Midtown,40.778126,-73.9545,Entire home/apt,476.28,7,14,2024-07-19,1.75,1,130
1278,20992,Staten Island,St. George,40.621991,-74.084669,Entire home/apt,80.14,7,13,2023-12-25,5.59,1,176
1279,53736,Manhattan,Midtown,40.782207,-73.974512,Private room,95.5,14,2,2024-07-09,0.15,2,283
1280,3506,Brooklyn,Greenpoint,40.635267,-73.911952,Entire home/apt,159.85,2,68,2023-11-21,1.85,2,101
1281,69057,Brooklyn,Greenpoint,40.585304,-73.897635,Private room,92.41,7,14,2023-12-01,1.12,1,117
1282,81037,Brooklyn,Crown Heights,40.71347,-73.909096,Private room,82.18,30,2,2024-07-10,0.24,2,214
1283,71816,Brooklyn,Greenpoint,40.686494,-73.852221,Private room,88.05,5,14,2024-08-19,1.61,1,338
1284,38730,Manhattan,Tribeca,40.80054,-73.983342,Private room,164.58,7,22,2024-07-31,2.41,1,312
1285,67541,Manhattan,Chelsea,40.771316,-73.988793,Entire home/apt,268.94,7,35,2023-12-25,0.27,10,140
1286,3458,Brooklyn,Crown Heights,40.711277,-74.004208,Private room,93.49,7,21,2023-09-30,2.37,1,249
1287,94619,Manhattan,Chelsea,40.804768,-73.944741,Private room,72.68,3,30,2024-06-07,0.15,1,168
1288,98099,Manhattan,Chelsea,40.76552,-73.974911,Entire home/apt,336.85,5,8,2024-07-31,1.34,1,113
1289,1723,Manhattan,Midtown,40.783432,-73.95352,Shared room,78.16,5,30,2024-08-18,2.4,5,109
1290,84211,Manhattan,Tribeca,40.815287,-74.00491,Entire home/apt,548.44,7,20,2024-07-20,0.24,1,327
1291,73057,Manhattan,Chelsea,40.776736,-73.97652,Entire home/apt,197.78,2,5,2022-10-01,1.27,1,156
1292,83681,Manhattan,Tribeca,40.755087,-73.980902,Entire home/apt,139.72,14,5,2024-07-30,0.83,1,305
1293,95213,Brooklyn,Crown Heights,40.703866,-73.960921,Shared room,69.15,30,19,2024-08-16,1.4,1,49
1294,22459,Brooklyn,Bushwick,40.585523,-73.771755,Entire home/apt,220.55,14,23,2023-11-29,0.83,1,302
1295,55486,Queens,Astoria,40.749494,-73.785964,Private room,48.1,3,15,2024-03-13,0.43,1,325
1296,9654,Manhattan,Tribeca,40.761141,-73.965986,Shared room,43.93,2,17,2024-04-17,0.44,1,55
1297,46438,Manhattan,Hell Kitchen,40.779816,-74.00897,Entire home/apt,532.68,1,28,2024-05-18,3.0,2,144
1298,86339,Manhattan,Chelsea,40.761695,-73.955301,Entire home/apt,507.05,3,10,2024-01-28,0.26,5,28
1299,12041,Brooklyn,Bed-Stuy,40.794841,-73.92217,Private room,35.49,14,1,2024-01-30,0.2,3,55
1300,55663,Brooklyn,Park Slope,40.744385,-73.953545,Entire home/apt,159.85,7,21,2024-05-25,0.15,1,231
1301,49083,Manhattan,Tribeca,40.781369,-73.94938,Private room,280.2,3,22,2024-07-15,0.12,1,51
1302,71149,Bronx,Mott Haven,40.927939,-73.799745,Entire home/apt,89.93,3,25,2023-10-06,0.02,2,1
1303,38051,Manhattan,Midtown,40.761773,-73.972539,Entire home/apt,236.68,2,8,2024-07-31,0.26,2,288
1304,97409,Brooklyn,Williamsburg,40.694851,-73.959781,Private room,85.73,14,18,2024-04-17,0.32,1,186
1305,37016,Brooklyn,Crown Heights,40.701471,-73.894965,Entire home/apt,122.63,1,33,2024-02-02,0.47,1,236
1306,29798,Queens,Long Island City,40.808425,-73.66003,Entire home/apt,72.81,3,9,2024-03-02,0.2,5,166
1307,86133,Brooklyn,Crown Heights,40.658434,-74.026042,Entire home/apt,292.51,1,16,2024-03-12,0.15,1,54
1308,12155,Queens,Flushing,40.756859,-73.644195,Entire home/apt,68.9,1,10,2024-02-19,1.17,2,34
1309,27025,Manhattan,Harlem,40.77356,-73.957463,Private room,158.97,2,13,2023-08-23,1.9,1,286
1310,77524,Queens,Long Island City,40.78386,-73.779585,Private room,102.65,14,26,2024-06-12,1.49,1,158
1311,15328,Manhattan,Harlem,40.783238,-73.989669,Entire home/apt,161.17,14,31,2024-03-08,1.22,1,25
1312,44376,Queens,Astoria,40.545667,-73.883848,Private room,49.75,2,17,2024-01-31,0.87,1,235
1313,94120,Brooklyn,Bushwick,40.654782,-73.878355,Private room,155.96,30,15,2024-03-25,1.51,1,223
1314,21054,Queens,Jamaica,40.71995,-73.836422,Entire home/apt,178.21,7,4,2023-07-10,3.48,1,304
1315,68389,Brooklyn,Park Slope,40.624741,-73.904792,Entire home/apt,149.99,30,13,2024-02-23,1.48,1,315
1316,63183,Brooklyn,Park Slope,40.759701,-73.880394,Shared room,87.35,7,44,2024-05-25,0.09,1,240
1317,82807,Brooklyn,Greenpoint,40.714569,-74.032737,Private room,155.55,3,11,2023-10-01,1.27,1,305
1318,62356,Brooklyn,Williamsburg,40.6571,-73.827362,Private room,106.91,7,4,2024-05-03,1.11,1,121
1319,87438,Manhattan,Lower East Side,40.805539,-74.00195,Private room,100.46,30,45,2024-04-19,0.9,1,187
1320,34682,Manhattan,Hell Kitchen,40.781988,-73.963938,Entire home/apt,244.1,14,53,2024-03-28,1.26,3,147
1321,10095,Manhattan,Hell Kitchen,40.767857,-74.017384,Private room,161.48,2,33,2024-06-23,1.67,1,174
1322,3711,Manhattan,Lower East Side,40.785076,-73.986955,Entire home/apt,267.07,7,5,2024-01-15,0.06,1,1
1323,87900,Queens,Forest Hills,40.665493,-73.823274,Private room,104.82,7,81,2024-08-14,0.98,1,230
1324,87263,Manhattan,Hell Kitchen,40.780426,-73.971382,Entire home/apt,156.19,7,19,2023-09-02,2.55,1,62
1325,29687,Staten Island,Stapleton,40.535301,-74.159008,Entire home/apt,54.57,14,11,2023-12-24,1.14,1,364
1326,59360,Manhattan,Chelsea,40.747952,-73.964979,Entire home/apt,309.61,1,4,2024-06-15,0.11,1,204
1327,21893,Manhattan,Lower East Side,40.725974,-73.97699,Shared room,66.54,7,1,2024-07-17,2.24,2,306
1328,84084,Queens,Flushing,40.801735,-73.879647,Entire home/apt,112.06,2,2,2024-06-05,4.25,1,69
1329,27324,Brooklyn,Greenpoint,40.721186,-73.874856,Entire home/apt,94.66,30,31,2023-11-12,2.86,1,41
1330,42298,Brooklyn,Williamsburg,40.479726,-73.953282,Entire home/apt,193.51,1,15,2024-08-27,0.68,1,263
1331,76930,Brooklyn,Williamsburg,40.505654,-73.951293,Entire home/apt,187.99,7,4,2024-05-11,1.15,1,281
1332,34259,Brooklyn,Greenpoint,40.67777,-74.093153,Private room,124.68,7,14,2024-07-11,1.34,1,73
1333,41997,Manhattan,Midtown,40.821597,-73.96548,Private room,148.02,2,3,2023-08-24,1.89,5,183
1334,77978,Staten Island,New Dorp,40.537049,-74.091585,Entire home/apt,94.08,3,9,2024-05-28,1.65,1,363
1335,30327,Staten Island,Stapleton,40.489719,-74.199367,Entire home/apt,158.85,2,52,2024-01-30,0.33,1,64
1336,55317,Brooklyn,Park Slope,40.540233,-73.836137,Private room,56.79,5,20,2024-06-14,2.78,2,321
1337,19942,Manhattan,Harlem,40.789747,-73.958012,Entire home/apt,356.92,2,18,2024-06-21,2.84,1,170
1338,40025,Brooklyn,Park Slope,40.69626,-73.909774,Entire home/apt,98.4,3,6,2024-06-23,0.78,1,34
1339,14744,Manhattan,Midtown,40.784662,-73.965782,Entire home/apt,205.95,2,24,2024-02-10,0.21,1,246
1340,10615,Manhattan,Tribeca,40.785252,-73.983372,Entire home/apt,177.31,1,4,2023-01-11,1.41,1,192
1341,33010,Manhattan,Harlem,40.782168,-73.965728,Entire home/apt,393.76,1,66,2024-07-21,0.66,1,195
1342,60801,Brooklyn,Williamsburg,40.684833,-74.032866,Private room,93.52,2,4,2024-02-29,2.03,1,87
1343,23479,Queens,Flushing,40.620601,-73.708273,Private room,71.61,30,8,2024-07-08,0.57,1,310
1344,72694,Brooklyn,Greenpoint,40.65978,-73.909116,Private room,61.66,1,18,2024-04-11,0.46,1,255
1345,26785,Brooklyn,Bushwick,40.612673,-74.032589,Entire home/apt,170.31,3,7,2024-04-14,3.03,1,336
1346,81209,Brooklyn,Bed-Stuy,40.627584,-73.957554,Entire home/apt,141.47,5,25,2024-05-17,1.43,1,152
1347,24569,Manhattan,Tribeca,40.769797,-73.945321,Entire home/apt,335.74,5,12,2024-04-30,0.13,20,314
1348,20652,Manhattan,Chelsea,40.78669,-73.934221,Hotel room,145.31,3,40,2023-08-17,1.75,5,38
1349,16169,Staten Island,New Dorp,40.59972,-74.246702,Private room,84.43,7,12,2024-08-16,2.1,1,363
1350,24837,Manhattan,Hell Kitchen,40.804221,-74.001391,Private room,73.67,7,14,2023-10-18,0.4,3,306
1351,56454,Queens,Astoria,40.746643,-73.856875,Entire home/apt,104.29,5,4,2024-05-13,5.15,1,29
1352,4736,Brooklyn,Williamsburg,40.806763,-73.857824,Entire home/apt,375.54,1,25,2024-06-20,0.7,1,198
1353,18770,Brooklyn,Bushwick,40.633691,-73.951841,Entire home/apt,161.33,1,16,2024-07-28,4.23,1,282
1354,34630,Brooklyn,Park Slope,40.692876,-73.892395,Private room,56.74,7,24,2023-11-03,0.52,1,132
1355,16826,Brooklyn,Crown Heights,40.679949,-74.005694,Shared room,58.95,5,25,2024-03-24,1.41,1,153
1356,35806,Queens,Long Island City,40.670795,-73.795259,Shared room,33.49,2,3,2024-01-11,1.09,1,245
1357,33737,Bronx,Fordham,40.906523,-73.843408,Private room,38.94,14,5,2024-06-25,7.27,1,361
1358,19641,Brooklyn,Bushwick,40.631795,-73.905298,Entire home/apt,123.86,2,15,2024-06-04,0.79,1,183
1359,29646,Manhattan,Midtown,40.77536,-73.953392,Shared room,245.13,1,39,2023-06-19,0.3,1,206
1360,61351,Brooklyn,Williamsburg,40.829821,-73.96573,Private room,86.81,3,36,2023-01-26,2.69,2,43
1361,3543,Bronx,South Bronx,40.88488,-73.90207,Entire home/apt,50.36,14,16,2024-01-03,0.06,1,244
1362,67464,Manhattan,Tribeca,40.780855,-73.970609,Entire home/apt,523.45,30,14,2023-12-27,3.24,1,88
1363,55252,Brooklyn,Greenpoint,40.666579,-73.796419,Entire home/apt,245.16,7,9,2024-02-01,0.18,1,335
1364,3178,Brooklyn,Greenpoint,40.659804,-73.908989,Entire home/apt,141.3,1,17,2024-03-26,1.27,1,95
1365,97785,Brooklyn,Park Slope,40.562395,-73.91828,Entire home/apt,132.19,14,1,2024-03-23,1.87,1,25
1366,33099,Manhattan,Midtown,40.805941,-73.981752,Private room,188.52,3,19,2023-01-13,0.61,5,68
1367,91547,Brooklyn,Bed-Stuy,40.527587,-73.946519,Entire home/apt,173.94,3,17,2023-12-26,2.79,1,9
1368,61249,Bronx,South Bronx,40.845659,-73.828596,Entire home/apt,50.36,30,2,2024-02-23,1.35,1,74
1369,79683,Manhattan,Upper East Side,40.823318,-73.978801,Entire home/apt,588.66,30,17,2024-07-26,0.75,1,352
1370,41223,Manhattan,Midtown,40.765974,-73.994538,Private room,121.05,30,5,2022-10-23,0.59,2,56
1371,76846,Staten Island,Stapleton,40.589404,-74.131026,Private room,90.22,7,16,2024-04-22,0.18,2,335
1372,30727,Manhattan,Hell Kitchen,40.772187,-73.955626,Entire home/apt,480.26,3,2,2023-04-03,1.53,2,1
1373,74896,Queens,Flushing,40.765431,-73.791441,Shared room,27.14,30,12,2024-01-20,0.68,10,156
1374,99723,Brooklyn,Crown Heights,40.624055,-73.973112,Shared room,81.64,3,10,2024-08-25,0.58,1,107
1375,95293,Manhattan,Chelsea,40.734505,-73.966484,Entire home/apt,221.93,14,5,2024-04-15,4.49,1,85
1376,54128,Queens,Astoria,40.730307,-73.779822,Entire home/apt,68.25,7,14,2023-07-28,0.48,3,74
1377,39672,Brooklyn,Greenpoint,40.708459,-73.921051,Private room,81.0,14,7,2024-08-23,3.14,1,351
1378,24561,Brooklyn,Greenpoint,40.671577,-73.94128,Private room,112.55,5,19,2023-09-05,5.53,3,132
1379,32578,Manhattan,Upper East Side,40.755014,-73.982874,Shared room,67.31,14,22,2024-03-14,2.6,1,306
1380,81223,Brooklyn,Bed-Stuy,40.681228,-73.988351,Shared room,47.76,2,29,2024-08-24,0.03,1,203
1381,69440,Manhattan,Upper East Side,40.800303,-73.984373,Private room,227.52,5,3,2024-06-09,3.04,5,124
1382,48230,Manhattan,Tribeca,40.787426,-73.968869,Private room,150.27,2,34,2024-08-27,0.36,1,130
1383,50680,Bronx,Mott Haven,40.882114,-73.81976,Entire home/apt,77.65,2,8,2024-09-01,0.65,5,223
1384,4705,Manhattan,Harlem,40.796981,-74.01332,Entire home/apt,381.37,7,9,2023-07-21,7.17,1,277
1385,94750,Brooklyn,Bushwick,40.749849,-73.852562,Entire home/apt,207.8,5,36,2023-12-28,0.78,1,318
1386,40118,Manhattan,Harlem,40.773458,-73.966467,Private room,52.52,30,1,2024-07-02,1.6,1,283
1387,50258,Queens,Forest Hills,40.656933,-73.95077,Private room,85.46,14,12,2024-08-11,0.56,1,217
1388,45794,Manhattan,Tribeca,40.768326,-73.982003,Private room,168.43,7,3,2024-08-22,0.69,1,44
1389,52013,Bronx,Riverdale,40.827057,-73.912746,Entire home/apt,109.68,14,36,2023-06-11,1.37,1,202
1390,7867,Brooklyn,Greenpoint,40.634194,-73.94486,Private room,137.14,5,23,2024-03-09,4.44,1,26
1391,39722,Manhattan,Tribeca,40.767695,-73.96033,Entire home/apt,220.08,3,15,2024-08-01,0.5,1,106
1392,15683,Manhattan,Harlem,40.796733,-73.923592,Entire home/apt,329.49,14,8,2024-02-09,0.43,5,262
1393,74858,Manhattan,Tribeca,40.805614,-73.966338,Private room,76.94,1,31,2021-04-26,0.04,3,229
1394,41932,Brooklyn,Greenpoint,40.640984,-73.926575,Private room,112.98,5,15,2023-11-27,0.34,1,362
1395,98211,Manhattan,Chelsea,40.789632,-73.981466,Hotel room,471.78,5,28,2024-05-18,0.46,1,328
1396,63748,Queens,Jamaica,40.790899,-73.906748,Entire home/apt,96.72,30,8,2023-11-04,0.1,1,302
1397,90549,Brooklyn,Williamsburg,40.663536,-73.910848,Entire home/apt,141.68,3,10,2023-12-31,1.24,1,303
1398,55150,Manhattan,Tribeca,40.777348,-73.975335,Entire home/apt,216.8,30,7,2024-08-16,0.2,1,122
1399,68179,Brooklyn,Williamsburg,40.669933,-73.994336,Entire home/apt,202.25,3,5,2023-05-23,1.07,1,353
1400,56939,Brooklyn,Crown Heights,40.748634,-74.005282,Private room,62.75,30,8,2023-08-11,0.31,1,298
1401,10393,Manhattan,Lower East Side,40.789463,-73.962927,Private room,170.43,2,8,2024-03-25,4.12,1,25
1402,67324,Manhattan,Midtown,40.764128,-73.969738,Shared room,113.66,1,15,2024-04-27,0.55,2,325
1403,18624,Manhattan,Harlem,40.764907,-73.943379,Entire home/apt,356.63,1,18,2024-07-17,0.15,1,331
1404,5488,Brooklyn,Bed-Stuy,40.609873,-73.983434,Private room,47.32,1,21,2023-10-14,2.71,1,252
1405,96931,Brooklyn,Williamsburg,40.604746,-74.025662,Entire home/apt,285.88,14,7,2024-05-23,0.77,1,249
1406,32691,Brooklyn,Williamsburg,40.773673,-73.911634,Shared room,78.57,5,13,2024-03-30,2.57,3,120
1407,23539,Queens,Flushing,40.739423,-73.847426,Entire home/apt,200.71,5,23,2024-07-30,0.56,1,49
1408,68895,Queens,Flushing,40.800809,-73.860838,Entire home/apt,167.16,7,59,2024-07-20,1.04,1,299
1409,71148,Brooklyn,Bushwick,40.725818,-73.996551,Entire home/apt,209.68,2,7,2022-08-05,0.88,1,231
1410,37316,Queens,Long Island City,40.676639,-73.734237,Shared room,61.21,3,6,2024-05-02,1.22,1,126
1411,51970,Manhattan,Lower East Side,40.800377,-73.959251,Entire home/apt,621.64,3,2,2023-11-02,0.77,1,0
1412,31896,Manhattan,Tribeca,40.762107,-73.980135,Entire home/apt,196.71,3,13,2023-10-19,1.03,1,290
1413,83204,Manhattan,Midtown,40.786238,-73.988186,Private room,221.64,7,24,2022-09-14,1.71,1,323
1414,75998,Manhattan,Upper East Side,40.810519,-74.019239,Entire home/apt,278.24,7,15,2022-08-31,0.8,1,295
1415,12360,Brooklyn,Crown Heights,40.631476,-73.974774,Entire home/apt,182.29,5,14,2024-05-15,1.73,1,199
1416,91759,Bronx,Fordham,40.702603,-73.934611,Entire home/apt,58.84,7,14,2023-03-11,1.88,1,65
1417,53381,Manhattan,Hell Kitchen,40.795606,-73.970594,Entire home/apt,256.99,7,8,2024-06-12,2.07,1,11
1418,44873,Manhattan,Midtown,40.814563,-73.940295,Shared room,54.36,3,31,2024-03-17,0.95,1,114
1419,97606,Brooklyn,Bushwick,40.704183,-73.925406,Private room,79.74,14,8,2023-10-27,0.01,3,199
1420,13672,Bronx,South Bronx,40.848097,-73.997554,Entire home/apt,70.12,14,26,2023-06-18,2.1,1,250
1421,99210,Manhattan,Lower East Side,40.755209,-73.969186,Hotel room,180.5,7,3,2024-04-21,3.6,1,168
1422,76218,Brooklyn,Park Slope,40.715162,-73.92682,Entire home/apt,163.21,30,3,2024-05-27,1.59,1,84
1423,67550,Manhattan,Lower East Side,40.765251,-73.952452,Entire home/apt,299.36,30,13,2024-01-11,1.12,1,222
1424,39573,Manhattan,Hell Kitchen,40.812749,-73.95244,Entire home/apt,150.97,2,7,2024-05-15,1.23,10,287
1425,13598,Staten Island,Stapleton,40.62898,-74.172569,Entire home/apt,55.64,30,25,2024-02-14,1.54,10,147
1426,82005,Bronx,Fordham,40.898597,-73.857512,Entire home/apt,125.75,7,33,2023-11-13,9.78,1,238
1427,52792,Manhattan,Tribeca,40.793331,-73.963891,Shared room,58.88,30,12,2023-10-06,0.1,1,82
1428,74833,Bronx,Mott Haven,40.838726,-73.9078,Private room,83.61,14,15,2024-07-11,0.03,1,174
1429,19974,Brooklyn,Crown Heights,40.673272,-73.884994,Entire home/apt,210.1,14,7,2024-04-02,4.99,1,221
1430,60455,Queens,Forest Hills,40.692882,-73.723432,Private room,91.78,1,8,2024-08-28,0.87,1,114
1431,77060,Brooklyn,Bed-Stuy,40.722424,-73.962136,Private room,168.78,7,21,2023-11-19,1.42,1,72
1432,56526,Brooklyn,Greenpoint,40.761528,-73.965533,Shared room,47.71,5,14,2024-08-08,2.1,1,339
1433,78738,Brooklyn,Park Slope,40.768773,-73.918152,Shared room,42.91,2,14,2023-08-29,2.03,1,145
1434,86972,Brooklyn,Bushwick,40.677248,-73.997468,Entire home/apt,272.1,7,16,2024-05-30,1.56,1,111
1435,52382,Manhattan,Tribeca,40.781335,-73.975275,Private room,176.55,5,33,2024-07-31,0.96,1,187
1436,98864,Manhattan,Midtown,40.757934,-73.975552,Private room,133.6,14,9,2023-11-21,1.29,1,285
1437,51077,Manhattan,Hell Kitchen,40.767024,-73.95948,Private room,251.24,2,59,2024-07-23,1.96,1,284
1438,77320,Brooklyn,Greenpoint,40.756577,-74.017815,Entire home/apt,176.37,7,15,2024-06-03,2.85,1,179
1439,95388,Manhattan,Upper East Side,40.817346,-73.973771,Entire home/apt,291.8,30,28,2024-04-04,0.2,2,306
1440,99098,Brooklyn,Williamsburg,40.619699,-73.898735,Private room,96.82,2,3,2024-06-13,0.49,1,157
1441,70897,Bronx,Riverdale,40.822477,-73.868887,Entire home/apt,74.86,14,10,2024-07-28,0.76,3,238
1442,33576,Manhattan,Hell Kitchen,40.775014,-73.987535,Entire home/apt,297.08,14,17,2024-05-31,1.64,1,324
1443,55811,Brooklyn,Williamsburg,40.72164,-73.961378,Private room,167.85,1,28,2024-08-04,0.76,1,67
1444,2376,Brooklyn,Bed-Stuy,40.592001,-73.911136,Entire home/apt,229.4,3,14,2024-01-17,0.41,1,177
1445,21966,Queens,Forest Hills,40.631753,-73.887161,Private room,72.9,7,0,,0.0,1,58
1446,6994,Manhattan,Tribeca,40.806952,-73.995127,Private room,134.98,2,26,2024-07-30,2.77,1,30
1447,82388,Brooklyn,Bushwick,40.539213,-73.906828,Shared room,61.64,5,5,2024-05-06,0.81,1,169
1448,53104,Queens,Astoria,40.703891,-73.812312,Entire home/apt,194.36,1,15,2024-04-07,0.6,1,160
1449,90307,Bronx,Fordham,40.829075,-73.853217,Entire home/apt,138.82,3,14,2023-03-29,1.14,1,240
1450,90787,Brooklyn,Park Slope,40.633037,-73.855633,Private room,84.07,5,30,2024-08-18,0.2,5,320
1451,36481,Brooklyn,Crown Heights,40.589626,-73.917508,Private room,109.32,1,11,2023-05-11,0.76,1,18
1452,88024,Brooklyn,Park Slope,40.716727,-73.989779,Hotel room,174.48,7,22,2024-07-21,2.09,1,321
1453,73467,Queens,Flushing,40.646301,-73.713526,Entire home/apt,96.25,5,19,2023-10-07,2.0,1,323
1454,7815,Brooklyn,Bushwick,40.618748,-73.9806,Entire home/apt,205.36,30,37,2024-08-15,2.22,1,258
1455,41565,Manhattan,Harlem,40.800846,-73.970505,Shared room,34.12,2,2,2022-06-18,0.95,1,342
1456,77781,Bronx,Fordham,40.754943,-73.777447,Entire home/apt,131.96,14,4,2023-11-10,0.69,1,359
1457,96339,Brooklyn,Crown Heights,40.646399,-73.968365,Private room,125.02,1,5,2024-08-21,2.67,1,170
1458,46671,Brooklyn,Crown Heights,40.693547,-73.906695,Entire home/apt,258.92,1,5,2024-07-20,0.29,1,52
1459,70949,Manhattan,Hell Kitchen,40.822322,-74.004401,Entire home/apt,245.9,7,7,2024-04-11,1.94,1,325
1460,49750,Brooklyn,Crown Heights,40.727757,-73.899619,Entire home/apt,217.26,1,11,2024-04-21,3.28,1,349
1461,93160,Manhattan,Hell Kitchen,40.780357,-73.955455,Entire home/apt,509.05,3,23,2024-03-07,0.51,1,232
1462,50893,Brooklyn,Greenpoint,40.734256,-74.027118,Private room,168.99,2,4,2024-05-12,0.33,1,270
1463,71411,Manhattan,Tribeca,40.818095,-74.002375,Shared room,80.06,14,25,2024-01-07,1.08,1,108
1464,99616,Brooklyn,Crown Heights,40.610081,-73.959907,Entire home/apt,203.0,7,35,2024-06-16,0.37,1,113
1465,4144,Staten Island,Stapleton,40.675747,-74.16253,Private room,77.35,30,8,2024-07-29,3.07,1,208
1466,66329,Manhattan,Midtown,40.782461,-73.942558,Entire home/apt,158.01,3,10,2024-08-26,0.42,1,8
1467,31202,Staten Island,New Dorp,40.564484,-74.197337,Private room,43.59,7,28,2024-06-23,0.57,2,193
1468,49339,Brooklyn,Crown Heights,40.653166,-73.861952,Entire home/apt,327.58,7,17,2024-05-24,3.29,1,305
1469,51783,Queens,Forest Hills,40.733869,-73.640447,Shared room,59.82,2,24,2024-02-21,0.35,1,104
1470,33644,Queens,Forest Hills,40.787235,-73.846485,Private room,83.46,1,33,2023-11-11,3.24,1,348
1471,99325,Brooklyn,Park Slope,40.681265,-73.995393,Private room,52.56,7,14,2024-07-14,0.35,1,351
1472,28603,Brooklyn,Crown Heights,40.638094,-73.675455,Private room,94.1,5,6,2024-05-02,3.64,5,247
1473,46176,Queens,Forest Hills,40.80969,-73.726012,Private room,56.87,2,9,2024-07-16,0.57,1,57
1474,3404,Brooklyn,Williamsburg,40.640809,-73.850025,Shared room,61.65,2,29,2023-03-08,0.42,3,256
1475,85545,Manhattan,Upper East Side,40.805088,-73.933568,Private room,104.18,30,20,2024-02-27,0.97,1,93
1476,45291,Brooklyn,Park Slope,40.788187,-74.032945,Shared room,35.83,5,14,2024-02-11,0.69,1,347
1477,79493,Queens,Forest Hills,40.639413,-73.875203,Entire home/apt,63.05,2,5,2024-04-18,0.34,1,252
1478,51105,Queens,Astoria,40.652685,-73.769024,Entire home/apt,234.75,7,63,2024-07-04,0.62,1,217
1479,45981,Queens,Jamaica,40.682856,-73.629092,Private room,61.36,3,17,2024-07-23,1.87,1,81
1480,21292,Brooklyn,Bed-Stuy,40.792481,-73.944588,Entire home/apt,204.46,1,49,2024-02-22,2.67,1,247
1481,70195,Queens,Astoria,40.884626,-73.675849,Private room,71.94,14,14,2023-06-01,2.58,1,256
1482,11344,Manhattan,Lower East Side,40.774086,-74.011384,Entire home/apt,187.91,30,21,2024-07-20,2.12,1,303
1483,58546,Brooklyn,Bushwick,40.665122,-73.982877,Private room,58.02,30,8,2024-04-02,0.01,5,354
1484,41493,Manhattan,Tribeca,40.78723,-73.969415,Entire home/apt,192.64,3,4,2024-04-19,0.83,1,288
1485,98485,Manhattan,Hell Kitchen,40.78436,-73.960726,Entire home/apt,215.66,2,30,2024-03-01,0.28,3,71
1486,2830,Manhattan,Tribeca,40.75885,-73.962973,Entire home/apt,333.49,5,41,2024-03-26,0.11,1,346
1487,25770,Manhattan,Lower East Side,40.774308,-73.9672,Shared room,58.92,2,8,2024-07-06,2.0,1,356
1488,2638,Brooklyn,Williamsburg,40.735645,-74.017664,Entire home/apt,386.1,2,21,2024-02-03,2.37,2,169
1489,80528,Manhattan,Tribeca,40.777474,-73.973571,Entire home/apt,434.34,30,23,2024-07-06,2.53,1,247
1490,43976,Brooklyn,Williamsburg,40.647344,-73.89021,Private room,132.65,2,17,2024-02-24,3.32,5,185
1491,97287,Manhattan,Hell Kitchen,40.768692,-73.982308,Private room,137.27,14,45,2024-06-29,1.34,1,107
1492,34443,Manhattan,Tribeca,40.768902,-73.949359,Entire home/apt,527.78,1,7,2024-08-17,9.42,1,111
1493,36714,Manhattan,Harlem,40.773251,-73.961999,Entire home/apt,263.95,2,16,2024-08-08,0.99,3,223
1494,39341,Manhattan,Midtown,40.822614,-73.972696,Entire home/apt,284.42,2,5,2023-10-14,3.22,1,210
1495,88903,Brooklyn,Crown Heights,40.744924,-73.843919,Shared room,57.8,14,19,2024-08-09,0.18,2,157
1496,53293,Brooklyn,Williamsburg,40.739831,-73.945208,Entire home/apt,254.23,2,20,2024-06-21,0.24,1,59
1497,46751,Brooklyn,Crown Heights,40.716726,-74.021443,Entire home/apt,247.71,5,14,2024-07-02,1.34,1,123
1498,40530,Brooklyn,Crown Heights,40.631397,-73.980481,Entire home/apt,158.77,7,5,2024-08-22,0.2,1,265
1499,90155,Manhattan,Hell Kitchen,40.827912,-73.987452,Entire home/apt,232.7,14,6,2024-03-21,0.12,20,15
1500,20596,Queens,Forest Hills,40.662002,-73.878414,Private room,93.0,2,2,2023-11-18,0.33,3,258
1501,28568,Brooklyn,Crown Heights,40.711789,-73.935643,Entire home/apt,255.59,2,21,2022-04-09,2.32,1,341
1502,63202,Brooklyn,Bed-Stuy,40.743406,-73.903924,Entire home/apt,164.05,14,36,2023-04-26,3.94,1,85
1503,51114,Manhattan,Midtown,40.755492,-73.987346,Entire home/apt,152.64,30,21,2024-08-23,0.61,1,84
1504,71123,Manhattan,Hell Kitchen,40.810407,-73.975266,Entire home/apt,265.08,2,11,2024-07-10,5.52,2,154
1505,44822,Manhattan,Upper East Side,40.806852,-73.974194,Entire home/apt,369.58,1,7,2024-05-29,2.49,2,65
1506,62007,Manhattan,Tribeca,40.763747,-73.977265,Private room,296.48,5,26,2023-08-24,0.38,1,150
1507,38911,Brooklyn,Williamsburg,40.620117,-73.978133,Private room,59.45,3,4,2024-06-13,1.32,1,38
1508,81935,Brooklyn,Park Slope,40.690256,-73.913504,Shared room,45.53,14,3,2024-04-02,6.01,1,360
1509,74016,Brooklyn,Park Slope,40.582789,-73.945242,Private room,82.15,7,18,2024-02-21,2.83,1,141
1510,64127,Queens,Flushing,40.681271,-73.846773,Private room,123.84,2,24,2024-06-30,0.68,1,350
1511,69837,Queens,Forest Hills,40.738815,-73.838936,Entire home/apt,142.0,3,23,2024-03-29,0.55,1,174
1512,85804,Brooklyn,Greenpoint,40.761128,-73.872916,Private room,66.78,3,25,2024-08-23,2.57,1,50
1513,74022,Bronx,South Bronx,40.903891,-73.889546,Private room,68.02,1,17,2024-05-07,1.19,1,146
1514,91611,Manhattan,Midtown,40.76385,-73.969559,Private room,122.48,1,4,2024-06-08,0.27,1,285
1515,30842,Manhattan,Tribeca,40.780093,-73.983376,Entire home/apt,176.48,30,1,2024-06-14,0.6,10,271
1516,82725,Manhattan,Chelsea,40.759585,-73.97203,Entire home/apt,201.51,14,37,2024-07-15,1.63,1,75
1517,15936,Brooklyn,Bed-Stuy,40.653956,-73.902899,Private room,192.09,3,35,2023-10-31,0.25,1,63
1518,50088,Queens,Flushing,40.781408,-73.706836,Private room,83.96,2,5,2023-08-14,1.8,1,315
1519,6319,Manhattan,Tribeca,40.757914,-73.963179,Hotel room,225.51,7,13,2023-08-04,1.86,1,215
1520,62251,Bronx,South Bronx,40.808427,-73.925821,Entire home/apt,98.45,30,2,2024-06-03,0.47,1,41
1521,34015,Manhattan,Lower East Side,40.774528,-73.949826,Entire home/apt,323.7,2,17,2024-07-10,0.76,2,223
1522,86229,Bronx,Mott Haven,40.826184,-73.786527,Entire home/apt,121.71,5,40,2024-08-14,4.11,3,49
1523,74712,Manhattan,Tribeca,40.794078,-73.979082,Private room,161.85,5,6,2024-02-14,2.07,1,274
1524,44627,Manhattan,Harlem,40.806301,-73.962292,Entire home/apt,301.54,5,47,2024-06-21,2.33,1,46
1525,10919,Brooklyn,Park Slope,40.622246,-73.832672,Entire home/apt,271.79,14,17,2024-07-05,1.09,1,61
1526,53976,Manhattan,Harlem,40.78829,-73.970824,Hotel room,218.01,30,0,,0.0,1,324
1527,74191,Manhattan,Hell Kitchen,40.765989,-73.947609,Entire home/apt,194.76,30,16,2024-06-10,1.34,1,236
1528,44616,Manhattan,Midtown,40.793446,-73.958615,Private room,112.71,14,6,2024-04-09,2.22,1,173
1529,17100,Queens,Forest Hills,40.687597,-73.728172,Entire home/apt,65.25,2,28,2024-08-01,0.01,1,318
1530,29425,Brooklyn,Park Slope,40.732909,-73.984327,Private room,215.96,1,12,2023-01-25,0.18,1,46
1531,49791,Manhattan,Lower East Side,40.75476,-73.959573,Private room,203.35,14,16,2024-01-08,0.96,1,178
1532,30923,Brooklyn,Bed-Stuy,40.583799,-73.935079,Shared room,38.74,3,64,2024-08-24,0.86,1,223
1533,72298,Brooklyn,Bed-Stuy,40.651365,-73.87108,Shared room,48.24,3,11,2024-06-28,6.05,1,127
1534,36374,Manhattan,Lower East Side,40.775243,-73.949055,Entire home/apt,223.23,14,26,2024-08-23,0.15,1,218
1535,47679,Brooklyn,Park Slope,40.647347,-73.884201,Entire home/apt,355.85,2,5,2024-07-17,0.59,1,1
1536,33463,Manhattan,Midtown,40.824307,-73.992561,Entire home/apt,163.21,2,30,2024-07-03,2.53,3,292
1537,59719,Manhattan,Midtown,40.788941,-73.916224,Private room,150.75,7,15,2024-01-18,1.42,1,164
1538,14239,Brooklyn,Crown Heights,40.682195,-73.940493,Shared room,51.71,30,12,2024-01-17,1.24,10,149
1539,98332,Manhattan,Tribeca,40.79887,-73.970378,Entire home/apt,400.89,30,11,2024-08-24,2.03,1,353
1540,97975,Brooklyn,Crown Heights,40.575766,-73.876263,Private room,92.09,5,20,2024-03-26,0.06,2,63
1541,74551,Brooklyn,Bed-Stuy,40.558023,-73.969207,Entire home/apt,95.03,2,21,2023-01-27,4.42,2,218
1542,79129,Manhattan,Upper East Side,40.807249,-73.978331,Private room,130.24,7,26,2024-03-07,0.32,1,80
1543,25335,Brooklyn,Williamsburg,40.636578,-73.891444,Shared room,36.6,7,7,2023-01-29,0.13,1,86
1544,43243,Manhattan,Harlem,40.766078,-73.995645,Entire home/apt,297.32,14,21,2024-06-07,0.62,1,73
1545,37336,Bronx,Riverdale,40.858526,-73.873946,Entire home/apt,193.09,30,26,2024-05-14,1.82,1,270
1546,22527,Brooklyn,Williamsburg,40.60358,-73.905983,Entire home/apt,95.75,1,3,2024-05-01,0.39,1,305
1547,13526,Queens,Astoria,40.765359,-73.82368,Private room,52.28,14,46,2023-05-27,0.08,1,39
1548,78617,Brooklyn,Greenpoint,40.66072,-73.915976,Entire home/apt,153.92,5,10,2024-06-07,0.09,1,163
1549,71999,Manhattan,Upper East Side,40.806907,-73.976856,Entire home/apt,247.23,3,16,2022-08-26,0.44,2,362
1550,84319,Brooklyn,Williamsburg,40.717481,-73.910288,Entire home/apt,258.15,30,5,2024-04-13,0.22,3,166
1551,25575,Bronx,Fordham,40.888765,-73.862835,Entire home/apt,101.5,2,2,2024-07-19,0.7,1,15
1552,98367,Brooklyn,Bushwick,40.62346,-73.97195,Private room,113.37,30,37,2024-08-13,0.29,1,311
1553,88395,Queens,Long Island City,40.755628,-73.649423,Private room,56.06,1,29,2024-07-29,0.63,5,118
1554,38023,Queens,Astoria,40.689478,-73.730517,Entire home/apt,157.87,30,19,2024-08-25,0.88,3,290
1555,53302,Manhattan,Midtown,40.776539,-73.968991,Private room,196.55,1,18,2024-02-02,2.04,2,51
1556,22973,Manhattan,Harlem,40.813408,-73.955914,Private room,107.44,7,10,2024-04-24,0.39,1,302
1557,44322,Brooklyn,Williamsburg,40.603722,-73.978549,Entire home/apt,262.44,14,8,2024-01-04,0.97,1,215
1558,70089,Brooklyn,Williamsburg,40.753573,-73.935687,Entire home/apt,196.06,14,7,2023-12-02,2.53,1,232
1559,28147,Queens,Astoria,40.636293,-73.860416,Private room,109.38,3,24,2023-05-08,6.44,5,338
1560,65272,Bronx,Riverdale,40.879975,-73.815079,Shared room,28.23,1,23,2024-08-10,1.22,1,159
1561,36433,Manhattan,Upper East Side,40.783457,-73.921694,Entire home/apt,335.45,5,19,2024-07-26,0.85,1,237
1562,42857,Manhattan,Harlem,40.799583,-73.97607,Entire home/apt,283.36,1,10,2024-04-11,1.5,10,289
1563,14734,Queens,Astoria,40.662944,-73.872891,Entire home/apt,138.56,7,9,2024-08-08,1.0,1,337
1564,85981,Manhattan,Lower East Side,40.789808,-73.980976,Private room,159.71,1,5,2024-08-15,0.27,1,266
1565,48557,Queens,Astoria,40.8621,-73.677595,Entire home/apt,178.49,7,24,2024-02-17,0.92,1,330
1566,30490,Brooklyn,Crown Heights,40.716184,-74.01494,Entire home/apt,116.47,30,38,2024-01-13,5.8,1,337
1567,99456,Brooklyn,Greenpoint,40.637867,-73.868859,Private room,170.34,1,21,2023-10-04,1.53,1,256
1568,52446,Manhattan,Hell Kitchen,40.771839,-73.948757,Private room,68.44,5,7,2023-06-14,0.5,1,151
1569,29984,Brooklyn,Crown Heights,40.706676,-73.941097,Entire home/apt,145.99,2,5,2024-05-19,4.41,1,40
1570,54036,Brooklyn,Bed-Stuy,40.63603,-73.949855,Entire home/apt,184.89,2,25,2022-09-29,0.74,1,304
1571,99585,Brooklyn,Greenpoint,40.689579,-73.882248,Private room,113.22,1,4,2024-08-26,0.74,1,139
1572,21508,Manhattan,Lower East Side,40.765385,-73.976456,Entire home/apt,541.01,3,25,2023-08-31,1.44,5,192
1573,68662,Brooklyn,Crown Heights,40.680889,-73.904439,Entire home/apt,91.3,14,13,2024-06-24,1.26,1,110
1574,81054,Queens,Long Island City,40.655523,-73.900226,Shared room,33.06,30,26,2023-06-01,0.51,1,349
1575,79561,Manhattan,Midtown,40.796579,-74.001559,Entire home/apt,123.01,2,29,2024-07-18,0.94,1,214
1576,88392,Manhattan,Hell Kitchen,40.8088,-73.974319,Private room,145.83,1,3,2024-01-02,0.61,1,58
1577,84535,Manhattan,Hell Kitchen,40.752149,-73.980808,Shared room,90.3,2,28,2024-05-25,2.01,3,71
1578,97102,Brooklyn,Bushwick,40.700947,-73.976162,Entire home/apt,362.79,7,8,2024-06-07,0.2,1,16
1579,28140,Brooklyn,Crown Heights,40.679402,-73.899795,Entire home/apt,201.49,1,10,2024-08-21,2.08,1,133
1580,32545,Brooklyn,Crown Heights,40.666069,-74.000423,Private room,145.76,1,16,2024-01-25,0.26,1,59
1581,94683,Manhattan,Upper East Side,40.77712,-73.942903,Shared room,102.31,2,13,2024-07-29,0.55,1,311
1582,26441,Manhattan,Upper East Side,40.816801,-74.011599,Shared room,68.06,5,10,2024-05-13,0.61,3,139
1583,39844,Brooklyn,Bed-Stuy,40.743662,-73.929191,Private room,54.64,30,18,2024-08-05,6.97,1,20
1584,21553,Brooklyn,Williamsburg,40.733639,-73.977229,Entire home/apt,214.33,14,9,2024-03-19,1.34,1,330
1585,2144,Staten Island,Stapleton,40.491087,-74.12682,Private room,27.31,30,10,2024-07-16,2.25,5,193
1586,84486,Manhattan,Midtown,40.76428,-73.998966,Entire home/apt,483.5,1,15,2024-03-23,1.22,1,147
1587,38428,Brooklyn,Greenpoint,40.599096,-73.908145,Entire home/apt,179.95,30,20,2023-03-24,6.13,2,319
1588,22842,Brooklyn,Park Slope,40.686567,-73.897252,Entire home/apt,309.69,1,24,2023-06-03,0.29,1,111
1589,71164,Brooklyn,Crown Heights,40.718345,-73.969456,Entire home/apt,158.45,5,18,2024-07-23,1.39,1,275
1590,65292,Brooklyn,Bushwick,40.673972,-73.974886,Private room,106.9,5,20,2024-08-14,2.39,1,94
1591,92543,Brooklyn,Park Slope,40.66558,-74.002235,Entire home/apt,208.77,5,12,2024-08-25,1.49,1,163
1592,86599,Staten Island,New Dorp,40.599024,-74.107195,Entire home/apt,97.43,14,23,2023-10-20,3.41,1,317
1593,88871,Manhattan,Chelsea,40.766768,-73.945575,Entire home/apt,242.23,3,14,2024-07-12,1.38,1,23
1594,78661,Manhattan,Harlem,40.78537,-73.966378,Private room,168.48,3,10,2024-07-03,2.63,3,185
1595,86220,Brooklyn,Bushwick,40.576234,-74.052636,Private room,66.28,30,72,2024-07-17,0.29,1,48
1596,15181,Brooklyn,Park Slope,40.686847,-73.896816,Entire home/apt,118.36,14,11,2023-10-08,0.46,3,208
1597,3275,Manhattan,Lower East Side,40.769672,-73.937798,Entire home/apt,473.47,5,6,2022-10-08,0.88,1,225
1598,78982,Manhattan,Lower East Side,40.797799,-73.989367,Entire home/apt,385.23,3,13,2023-12-23,2.86,1,180
1599,26777,Manhattan,Harlem,40.783717,-73.921661,Shared room,83.16,5,22,2023-10-25,0.83,5,266
1600,9490,Queens,Astoria,40.628795,-73.752638,Private room,140.15,7,9,2024-03-11,1.48,1,176
1601,50680,Manhattan,Tribeca,40.776645,-73.957062,Private room,129.37,14,10,2024-04-19,0.76,1,86
1602,13109,Manhattan,Midtown,40.808445,-73.978925,Private room,244.42,7,5,2024-01-15,2.46,1,112
1603,45741,Manhattan,Harlem,40.805478,-73.926776,Entire home/apt,308.95,1,6,2024-08-26,0.34,1,246
1604,69317,Manhattan,Upper East Side,40.784425,-73.955502,Private room,95.58,14,20,2024-08-21,1.35,1,120
1605,49786,Manhattan,Harlem,40.771291,-73.970815,Private room,301.58,1,7,2024-02-05,1.29,1,300
1606,22425,Brooklyn,Williamsburg,40.667599,-73.896384,Entire home/apt,285.37,5,12,2024-06-20,0.77,1,48
1607,2946,Manhattan,Harlem,40.807194,-73.973393,Entire home/apt,274.39,5,8,2024-05-04,1.83,3,167
1608,53775,Queens,Forest Hills,40.85089,-73.672496,Private room,96.31,3,10,2023-12-02,0.04,1,217
1609,95244,Manhattan,Upper East Side,40.800037,-73.981521,Shared room,68.92,1,12,2024-03-31,2.76,1,264
1610,14918,Brooklyn,Bushwick,40.64149,-73.992943,Entire home/apt,267.51,3,7,2023-11-12,0.64,1,263
1611,99380,Queens,Jamaica,40.804133,-73.891841,Private room,27.67,2,5,2024-05-27,2.36,1,179
1612,94626,Brooklyn,Crown Heights,40.71881,-74.009067,Private room,63.84,5,8,2024-07-03,0.55,1,281
1613,52676,Brooklyn,Greenpoint,40.727613,-73.943167,Entire home/apt,284.06,1,36,2024-07-15,0.31,1,243
1614,19112,Manhattan,Hell Kitchen,40.809773,-73.948371,Entire home/apt,260.63,1,15,2024-08-07,0.74,1,96
1615,86920,Manhattan,Tribeca,40.811801,-73.941984,Entire home/apt,312.93,3,2,2024-08-26,2.39,1,319
1616,66313,Brooklyn,Greenpoint,40.686818,-74.013728,Private room,56.02,7,10,2024-08-23,1.82,1,198
1617,55706,Staten Island,St. George,40.526874,-74.233674,Entire home/apt,207.74,5,33,2024-07-07,0.77,1,335
1618,14153,Brooklyn,Greenpoint,40.61318,-73.940071,Entire home/apt,309.11,30,42,2024-07-05,4.17,2,153
1619,87335,Brooklyn,Crown Heights,40.644621,-73.955008,Entire home/apt,177.19,5,18,2024-06-07,0.79,1,88
1620,7127,Brooklyn,Bed-Stuy,40.707763,-73.962444,Private room,81.65,5,7,2024-03-24,0.65,1,34
1621,28105,Brooklyn,Bed-Stuy,40.61089,-73.947394,Entire home/apt,289.84,7,8,2023-12-20,0.23,5,106
1622,99196,Manhattan,Harlem,40.76513,-73.976616,Entire home/apt,636.48,14,30,2024-07-24,0.11,5,348
1623,35172,Brooklyn,Greenpoint,40.758767,-73.96043,Entire home/apt,281.18,30,10,2023-12-20,0.65,1,233
1624,97902,Bronx,Riverdale,40.933348,-73.793218,Private room,129.68,5,21,2024-08-06,0.14,1,347
1625,43688,Manhattan,Tribeca,40.771514,-73.993422,Private room,99.57,7,22,2022-06-18,0.93,5,143
1626,61224,Brooklyn,Crown Heights,40.675047,-73.875,Entire home/apt,138.34,7,18,2024-07-03,2.95,1,82
1627,24697,Manhattan,Tribeca,40.773296,-73.953038,Private room,89.5,3,13,2023-10-11,0.97,1,167
1628,8646,Brooklyn,Williamsburg,40.750706,-73.990642,Private room,114.55,5,17,2024-07-25,0.98,3,261
1629,38564,Manhattan,Chelsea,40.769579,-73.956947,Private room,154.48,7,15,2023-03-10,0.44,1,90
1630,68711,Brooklyn,Bushwick,40.687311,-73.985364,Private room,90.34,7,24,2023-10-22,0.27,1,66
1631,74468,Queens,Astoria,40.700026,-73.800542,Entire home/apt,199.04,3,4,2024-06-13,0.38,1,144
1632,37049,Manhattan,Lower East Side,40.751803,-73.955887,Entire home/apt,471.49,5,16,2024-05-26,1.26,3,287
1633,32759,Brooklyn,Bushwick,40.649478,-74.111223,Private room,52.15,30,23,2024-09-01,1.34,1,162
1634,53032,Queens,Long Island City,40.72629,-73.854226,Private room,56.71,2,21,2024-07-11,0.37,1,95
1635,39891,Bronx,Fordham,40.929241,-73.894072,Private room,75.52,14,15,2024-07-02,0.76,1,52
1636,90418,Manhattan,Tribeca,40.761147,-73.961041,Entire home/apt,238.86,30,21,2024-05-16,1.26,1,84
1637,1893,Manhattan,Chelsea,40.769891,-73.986789,Shared room,58.86,7,19,2024-08-06,2.14,1,54
1638,23719,Manhattan,Lower East Side,40.79329,-73.992009,Private room,216.42,30,6,2024-05-07,0.58,1,6
1639,75013,Staten Island,St. George,40.506636,-74.08116,Entire home/apt,59.22,1,14,2024-02-16,0.47,1,260
1640,1744,Bronx,Riverdale,40.873775,-73.87801,Entire home/apt,96.44,14,9,2024-06-10,1.97,1,338
1641,50755,Brooklyn,Park Slope,40.677991,-73.913848,Private room,109.49,3,6,2024-07-16,1.08,1,106
1642,80705,Queens,Astoria,40.806067,-73.855378,Private room,57.23,30,12,2024-04-12,2.91,1,198
1643,3006,Brooklyn,Bed-Stuy,40.700169,-73.974602,Entire home/apt,262.63,14,6,2024-08-27,0.36,3,67
1644,11889,Brooklyn,Greenpoint,40.666861,-73.934558,Shared room,43.01,3,6,2024-06-18,2.21,1,5
1645,89650,Manhattan,Lower East Side,40.782966,-73.956489,Entire home/apt,505.94,3,64,2024-04-20,0.27,1,356
1646,8798,Queens,Long Island City,40.767167,-73.915554,Entire home/apt,136.94,30,21,2024-06-20,1.32,1,305
1647,62292,Manhattan,Lower East Side,40.755944,-73.978594,Shared room,105.95,5,10,2024-06-17,0.5,5,251
1648,37933,Queens,Jamaica,40.87449,-73.863027,Shared room,54.58,30,5,2023-09-28,0.16,1,12
1649,63236,Queens,Jamaica,40.711542,-73.837808,Private room,56.02,2,66,2023-05-01,1.44,3,111
1650,23549,Brooklyn,Bed-Stuy,40.644957,-73.933506,Private room,42.22,1,3,2023-10-21,1.06,1,361
1651,77173,Manhattan,Midtown,40.811116,-73.962081,Entire home/apt,332.71,14,31,2024-08-14,1.0,3,255
1652,68883,Manhattan,Lower East Side,40.767029,-73.916135,Private room,148.22,14,16,2024-07-02,1.35,1,70
1653,7206,Manhattan,Upper East Side,40.784671,-73.982744,Entire home/apt,359.71,30,27,2024-01-22,0.7,5,224
1654,73369,Manhattan,Tribeca,40.811342,-73.980581,Entire home/apt,263.05,14,7,2022-11-12,1.66,2,5
1655,20449,Manhattan,Upper East Side,40.816358,-73.988613,Entire home/apt,242.45,3,11,2024-07-14,0.21,1,74
1656,86366,Bronx,Riverdale,40.916302,-73.854748,Entire home/apt,242.96,30,14,2023-07-18,1.88,1,54
1657,31332,Brooklyn,Bed-Stuy,40.755663,-73.830094,Entire home/apt,106.54,7,63,2024-01-04,1.3,1,33
1658,41764,Manhattan,Hell Kitchen,40.760448,-73.945685,Entire home/apt,386.27,2,16,2022-08-25,1.0,1,200
1659,75771,Manhattan,Upper East Side,40.754922,-73.992144,Entire home/apt,228.86,2,11,2024-08-15,0.2,1,326
1660,10162,Brooklyn,Bed-Stuy,40.629995,-73.913982,Entire home/apt,167.87,30,17,2024-06-03,0.49,1,292
1661,75177,Brooklyn,Bushwick,40.680181,-73.954228,Private room,84.56,3,15,2024-05-07,0.52,1,48
1662,90707,Brooklyn,Park Slope,40.686974,-73.908723,Entire home/apt,139.23,1,22,2024-02-14,0.4,5,92
1663,62784,Bronx,Riverdale,40.878212,-73.810092,Entire home/apt,136.73,3,41,2024-02-23,4.62,1,340
1664,37494,Brooklyn,Bed-Stuy,40.787402,-73.945482,Private room,167.44,1,32,2023-07-03,3.71,1,271
1665,54238,Staten Island,St. George,40.553446,-74.125659,Shared room,33.67,3,9,2023-10-09,1.18,1,153
1666,89485,Queens,Astoria,40.63666,-73.849196,Private room,75.04,3,14,2024-08-22,0.35,10,116
1667,47724,Manhattan,Upper East Side,40.803088,-73.973683,Entire home/apt,194.1,3,39,2024-05-05,3.63,10,222
1668,52470,Bronx,Riverdale,40.78439,-73.93929,Private room,66.89,5,43,2024-05-30,2.08,1,306
1669,56257,Manhattan,Lower East Side,40.784074,-73.948362,Entire home/apt,682.32,3,24,2021-10-13,0.06,1,74
1670,61426,Queens,Jamaica,40.818484,-73.78603,Entire home/apt,123.66,2,20,2024-05-24,1.01,3,351
1671,97750,Manhattan,Harlem,40.823278,-73.973296,Entire home/apt,247.79,7,41,2024-02-08,1.39,1,345
1672,99336,Queens,Forest Hills,40.717115,-74.000295,Private room,57.53,14,5,2024-07-03,0.1,1,318
1673,26980,Queens,Long Island City,40.692411,-73.726739,Entire home/apt,118.4,14,60,2024-03-14,0.08,1,59
1674,6477,Queens,Forest Hills,40.853317,-73.861319,Entire home/apt,48.02,7,29,2024-07-22,0.93,10,164
1675,77278,Queens,Flushing,40.76518,-73.71115,Entire home/apt,169.33,3,13,2024-03-19,0.0,1,147
1676,1330,Manhattan,Lower East Side,40.783324,-74.016866,Private room,102.68,5,10,2023-09-03,0.07,1,204
1677,96906,Manhattan,Chelsea,40.788046,-73.955971,Private room,75.62,3,1,2024-08-29,0.27,1,187
1678,70622,Brooklyn,Bushwick,40.621355,-73.959449,Entire home/apt,259.5,3,24,2024-04-28,3.61,3,352
1679,5920,Manhattan,Harlem,40.75999,-74.022603,Private room,93.41,1,5,2022-09-06,2.18,50,313
1680,9511,Brooklyn,Bushwick,40.73982,-73.944425,Private room,83.84,14,39,2024-08-01,0.9,1,170
1681,74928,Manhattan,Hell Kitchen,40.815053,-73.954054,Private room,258.89,14,3,2024-07-27,0.98,1,195
1682,47568,Staten Island,New Dorp,40.56179,-74.153527,Entire home/apt,56.46,2,10,2024-05-10,1.74,1,53
1683,36744,Brooklyn,Greenpoint,40.712171,-73.886187,Private room,52.0,14,10,2023-08-30,0.96,1,113
1684,89812,Queens,Flushing,40.754014,-73.706453,Entire home/apt,160.38,1,23,2024-04-06,0.1,1,266
1685,83833,Manhattan,Upper East Side,40.777167,-73.991143,Private room,228.06,14,16,2024-04-27,2.01,50,193
1686,49522,Queens,Forest Hills,40.723015,-73.778485,Entire home/apt,76.71,7,5,2024-08-16,0.09,1,21
1687,94998,Bronx,South Bronx,40.784723,-73.931636,Entire home/apt,128.07,14,23,2023-01-22,1.0,1,3
1688,84037,Brooklyn,Greenpoint,40.705043,-73.968581,Entire home/apt,242.23,5,3,2024-06-17,2.97,2,41
1689,1316,Brooklyn,Williamsburg,40.66825,-73.965782,Private room,42.13,1,14,2024-07-11,0.19,2,51
1690,64927,Queens,Astoria,40.849848,-73.693959,Entire home/apt,198.19,2,6,2024-05-29,1.84,1,43
1691,75775,Manhattan,Harlem,40.758353,-73.981856,Private room,204.48,2,56,2024-05-28,0.07,1,253
1692,43688,Brooklyn,Bushwick,40.7292,-73.908084,Entire home/apt,169.49,2,9,2024-05-14,7.46,1,75
1693,86834,Manhattan,Harlem,40.782271,-73.993952,Private room,237.64,7,1,2024-02-05,1.72,1,352
1694,57581,Manhattan,Upper East Side,40.769449,-73.981535,Private room,226.87,1,11,2023-09-03,5.21,1,69
1695,21555,Manhattan,Chelsea,40.78864,-73.937125,Private room,150.06,2,18,2024-08-22,1.65,1,106
1696,87297,Manhattan,Midtown,40.769362,-73.991721,Private room,120.21,30,14,2024-05-03,0.42,1,256
1697,67496,Manhattan,Harlem,40.780928,-73.950565,Private room,97.58,7,2,2024-05-28,3.91,1,103
1698,37084,Manhattan,Tribeca,40.754162,-73.942127,Entire home/apt,283.71,5,7,2024-08-31,1.48,1,229
1699,80841,Bronx,Mott Haven,40.836198,-73.901516,Private room,68.32,3,15,2023-11-01,1.29,1,19
1700,46757,Brooklyn,Bed-Stuy,40.582189,-73.901809,Entire home/apt,168.65,5,12,2024-08-13,0.84,3,235
1701,39227,Bronx,South Bronx,40.836241,-73.856265,Private room,22.59,1,23,2024-08-11,0.5,20,113
1702,28915,Brooklyn,Williamsburg,40.624151,-73.963346,Private room,159.47,5,15,2024-08-24,1.13,1,324
1703,11719,Manhattan,Upper East Side,40.773368,-73.973212,Entire home/apt,310.77,30,22,2024-07-23,0.68,1,36
1704,17352,Brooklyn,Greenpoint,40.638027,-74.036251,Entire home/apt,164.95,14,5,2024-07-28,2.89,1,359
1705,74211,Brooklyn,Park Slope,40.84191,-74.026004,Entire home/apt,270.52,7,7,2024-06-17,0.04,1,178
1706,55054,Manhattan,Lower East Side,40.786729,-74.006641,Private room,264.98,1,3,2024-02-21,1.13,1,1
1707,46717,Brooklyn,Bed-Stuy,40.558377,-73.93833,Shared room,17.61,30,16,2024-08-22,2.72,1,77
1708,91031,Manhattan,Tribeca,40.786587,-73.94597,Private room,171.32,2,14,2023-09-13,0.04,1,49
1709,9174,Brooklyn,Crown Heights,40.702173,-73.953189,Private room,54.25,7,10,2024-06-22,0.5,1,209
1710,81616,Brooklyn,Greenpoint,40.621224,-73.854259,Shared room,65.93,14,4,2024-03-18,0.08,1,144
1711,6325,Manhattan,Harlem,40.801677,-73.996127,Entire home/apt,303.12,1,8,2024-08-30,1.36,1,103
1712,4587,Manhattan,Chelsea,40.783859,-73.968319,Entire home/apt,371.39,30,18,2024-06-12,0.57,1,55
1713,20484,Queens,Forest Hills,40.700548,-73.733152,Private room,58.97,14,6,2024-09-01,4.82,1,361
1714,13334,Brooklyn,Williamsburg,40.728104,-73.955629,Private room,45.38,30,12,2024-07-31,1.44,1,286
1715,67150,Manhattan,Lower East Side,40.777483,-73.941221,Private room,120.26,14,5,2024-05-18,1.24,1,291
1716,6558,Staten Island,St. George,40.626142,-74.147306,Entire home/apt,116.73,1,20,2024-04-17,3.74,1,274
1717,42973,Manhattan,Hell Kitchen,40.750516,-73.96432,Entire home/apt,432.3,7,11,2024-08-03,0.38,1,316
1718,25496,Brooklyn,Park Slope,40.720085,-74.109471,Entire home/apt,120.15,5,4,2023-12-30,1.24,5,336
1719,50560,Staten Island,St. George,40.592093,-74.166868,Entire home/apt,149.6,30,35,2024-07-26,1.17,1,343
1720,11924,Manhattan,Lower East Side,40.778683,-73.989348,Entire home/apt,222.25,5,26,2024-08-10,0.13,1,236
1721,77935,Manhattan,Midtown,40.780136,-73.94336,Private room,166.47,2,19,2024-06-20,4.03,1,131
1722,53608,Manhattan,Upper East Side,40.774172,-73.951889,Entire home/apt,234.86,30,60,2024-04-10,1.81,1,324
1723,18861,Manhattan,Upper East Side,40.766973,-73.956025,Private room,154.88,14,16,2022-06-14,3.29,20,302
1724,3405,Manhattan,Harlem,40.783133,-73.96416,Entire home/apt,411.46,1,6,2024-05-27,6.07,1,122
1725,61059,Brooklyn,Bushwick,40.678629,-73.905702,Private room,58.76,5,19,2024-05-25,0.98,5,40
1726,99015,Manhattan,Upper East Side,40.731748,-73.999597,Entire home/apt,219.42,1,6,2024-08-21,2.44,1,89
1727,50249,Brooklyn,Bushwick,40.703225,-74.066812,Entire home/apt,206.74,5,26,2023-12-15,1.29,1,194
1728,2985,Staten Island,New Dorp,40.552971,-74.152374,Entire home/apt,259.24,7,23,2024-07-27,5.67,1,22
1729,64125,Queens,Forest Hills,40.661949,-73.850225,Shared room,28.68,14,18,2023-12-31,0.43,1,268
1730,33662,Brooklyn,Park Slope,40.694495,-73.883642,Private room,217.11,7,10,2023-06-25,0.02,1,213
1731,18779,Manhattan,Hell Kitchen,40.763931,-73.982701,Entire home/apt,642.09,5,16,2023-12-13,0.31,1,222
1732,38698,Brooklyn,Williamsburg,40.634324,-74.089483,Entire home/apt,184.67,7,23,2024-02-29,0.21,1,316
1733,44180,Brooklyn,Park Slope,40.686703,-73.888117,Shared room,47.93,14,11,2024-03-19,0.86,1,327
1734,57655,Brooklyn,Park Slope,40.739199,-73.996446,Entire home/apt,145.57,1,30,2024-05-16,0.12,1,173
1735,43536,Manhattan,Upper East Side,40.758066,-73.970768,Entire home/apt,280.25,14,18,2024-08-04,0.37,1,85
1736,75333,Queens,Astoria,40.794542,-73.782512,Private room,41.02,7,13,2023-12-05,0.15,5,298
1737,25722,Brooklyn,Williamsburg,40.695558,-73.87569,Shared room,52.38,2,17,2024-05-08,1.0,1,14
1738,25875,Manhattan,Upper East Side,40.768317,-73.975599,Entire home/apt,524.12,5,20,2024-03-09,0.47,20,29
1739,71681,Manhattan,Tribeca,40.815792,-73.975136,Entire home/apt,225.55,30,9,2024-06-09,0.96,3,112
1740,14967,Brooklyn,Bushwick,40.60216,-73.984361,Shared room,49.04,2,11,2024-07-23,0.14,1,126
1741,20349,Queens,Astoria,40.653146,-73.766327,Entire home/apt,72.92,14,18,2023-11-11,1.09,3,24
1742,6765,Brooklyn,Bed-Stuy,40.624443,-73.927938,Entire home/apt,222.99,7,8,2024-06-18,0.21,1,308
1743,69548,Queens,Long Island City,40.669315,-73.96477,Private room,80.03,5,13,2023-09-05,0.16,1,1
1744,86994,Manhattan,Upper East Side,40.789232,-73.968231,Private room,147.72,5,12,2023-01-03,0.56,1,64
1745,65663,Brooklyn,Williamsburg,40.709265,-73.984579,Entire home/apt,176.05,1,13,2023-10-19,3.11,1,339
1746,44469,Brooklyn,Bed-Stuy,40.631427,-73.920112,Hotel room,128.09,1,10,2024-08-08,2.33,1,171
1747,92592,Manhattan,Hell Kitchen,40.81348,-73.970977,Private room,176.02,7,21,2023-09-20,4.8,1,153
1748,7311,Manhattan,Chelsea,40.791592,-73.977632,Entire home/apt,284.7,30,15,2024-04-23,0.92,1,82
1749,34143,Queens,Flushing,40.60471,-73.717506,Hotel room,122.5,1,14,2024-07-14,0.56,1,158
1750,75633,Manhattan,Chelsea,40.801268,-73.956985,Entire home/apt,313.86,30,10,2024-08-15,5.31,1,334
1751,30342,Brooklyn,Bushwick,40.667283,-73.908377,Entire home/apt,300.93,1,10,2024-07-05,0.72,1,105
1752,49306,Manhattan,Lower East Side,40.800975,-73.938797,Private room,188.79,2,26,2024-08-06,0.01,1,307
1753,63901,Manhattan,Midtown,40.802871,-73.969924,Entire home/apt,311.1,2,11,2024-08-28,2.57,1,257
1754,97472,Manhattan,Hell Kitchen,40.756935,-73.968087,Entire home/apt,528.65,2,15,2022-07-02,0.28,1,49
1755,44828,Staten Island,Stapleton,40.592329,-74.121839,Entire home/apt,117.36,7,16,2023-10-17,1.9,1,224
1756,17019,Queens,Astoria,40.836511,-73.802512,Entire home/apt,242.69,30,13,2024-01-04,0.02,1,239
1757,74596,Bronx,Fordham,40.949849,-73.952764,Private room,69.35,14,10,2024-07-25,0.18,1,45
1758,84102,Brooklyn,Bed-Stuy,40.703361,-73.992111,Private room,45.95,14,35,2024-08-27,0.99,1,185
1759,7648,Manhattan,Midtown,40.744956,-73.975235,Hotel room,364.02,30,5,2024-05-05,0.11,1,84
1760,42615,Brooklyn,Bushwick,40.59077,-73.953886,Entire home/apt,202.67,30,7,2024-01-02,3.29,1,212
1761,97325,Brooklyn,Park Slope,40.680286,-73.877088,Entire home/apt,188.05,30,8,2023-01-18,2.08,1,234
1762,38162,Queens,Long Island City,40.607593,-73.722224,Entire home/apt,161.15,14,1,2023-10-03,0.6,1,268
1763,4338,Manhattan,Tribeca,40.785062,-73.950623,Entire home/apt,250.88,5,19,2023-07-26,1.37,1,335
1764,13207,Brooklyn,Crown Heights,40.652295,-74.024135,Entire home/apt,210.25,3,32,2024-07-14,1.89,1,82
1765,35422,Manhattan,Midtown,40.75875,-73.997036,Private room,113.64,7,19,2024-08-02,2.11,1,185
1766,18831,Manhattan,Upper East Side,40.792656,-73.941662,Shared room,134.85,5,19,2024-07-12,0.76,1,61
1767,41850,Brooklyn,Bed-Stuy,40.644303,-73.906452,Hotel room,137.6,1,6,2024-08-06,3.44,3,278
1768,27176,Brooklyn,Bed-Stuy,40.586793,-73.933381,Entire home/apt,164.76,7,59,2023-11-18,4.27,1,259
1769,58498,Manhattan,Tribeca,40.796471,-74.000162,Shared room,55.95,5,8,2023-07-09,0.33,5,158
1770,25312,Manhattan,Hell Kitchen,40.779022,-73.956882,Entire home/apt,320.69,7,11,2024-06-27,3.63,1,233
1771,87355,Brooklyn,Bushwick,40.502174,-73.864073,Entire home/apt,206.92,1,30,2023-08-21,1.87,10,309
1772,82314,Queens,Flushing,40.756494,-73.737562,Private room,84.1,1,27,2024-08-22,3.29,1,214
1773,11753,Queens,Astoria,40.695182,-73.932718,Private room,47.74,7,8,2024-02-11,0.83,1,219
1774,4537,Bronx,Riverdale,40.871503,-73.86893,Entire home/apt,57.34,14,18,2024-04-20,1.62,1,44
1775,74717,Queens,Forest Hills,40.730769,-73.707891,Entire home/apt,184.94,7,20,2024-07-05,0.4,1,86
1776,96320,Manhattan,Tribeca,40.798341,-73.932775,Entire home/apt,521.56,3,2,2023-12-13,2.09,1,44
1777,34804,Brooklyn,Greenpoint,40.687431,-73.985673,Private room,63.68,2,13,2024-07-21,1.31,1,124
1778,12856,Brooklyn,Bushwick,40.666895,-73.91926,Entire home/apt,362.59,5,8,2024-05-28,0.98,1,244
1779,31957,Manhattan,Hell Kitchen,40.803417,-74.000541,Hotel room,241.98,14,14,2024-01-23,1.77,1,42
1780,42675,Queens,Flushing,40.728883,-73.666137,Entire home/apt,143.59,1,14,2024-06-19,1.21,1,124
1781,29073,Manhattan,Tribeca,40.778296,-73.95258,Entire home/apt,245.66,1,30,2023-09-19,2.17,2,239
1782,33981,Bronx,South Bronx,40.869456,-73.817007,Entire home/apt,62.53,5,8,2023-09-06,2.93,2,191
1783,60287,Brooklyn,Crown Heights,40.629614,-73.992524,Entire home/apt,285.03,14,2,2024-07-23,2.42,10,316
1784,33782,Brooklyn,Park Slope,40.679416,-74.036133,Entire home/apt,140.79,7,24,2024-05-20,0.55,1,225
1785,13422,Brooklyn,Bed-Stuy,40.662016,-73.929027,Private room,70.28,3,39,2024-05-23,5.6,1,175
1786,80490,Queens,Jamaica,40.870971,-73.762683,Private room,107.07,14,6,2024-05-30,1.57,1,74
1787,32379,Brooklyn,Bushwick,40.715714,-73.874331,Shared room,25.43,5,25,2024-04-29,0.59,1,240
1788,62308,Brooklyn,Crown Heights,40.620321,-73.954105,Private room,52.19,7,12,2024-08-19,0.07,1,7
1789,5522,Manhattan,Chelsea,40.831608,-73.972782,Private room,142.96,1,5,2023-08-31,6.65,1,161
1790,45569,Brooklyn,Greenpoint,40.745186,-73.886376,Private room,107.95,7,14,2024-07-02,1.37,1,7
1791,11779,Manhattan,Tribeca,40.753538,-73.96499,Private room,174.81,2,13,2024-09-01,0.39,1,51
1792,3932,Brooklyn,Williamsburg,40.687005,-73.924402,Entire home/apt,170.17,3,25,2024-02-07,1.01,1,80
1793,63306,Brooklyn,Greenpoint,40.632953,-74.011215,Entire home/apt,528.29,30,31,2024-02-25,0.76,1,7
1794,66211,Brooklyn,Bed-Stuy,40.649639,-73.950068,Entire home/apt,175.27,2,14,2022-08-28,4.54,1,317
1795,48624,Manhattan,Chelsea,40.8068,-73.934854,Entire home/apt,262.6,2,66,2024-01-17,1.02,1,320
1796,52495,Manhattan,Harlem,40.811032,-73.953996,Entire home/apt,209.38,7,9,2024-06-21,0.99,1,141
1797,17269,Brooklyn,Park Slope,40.61794,-73.968734,Shared room,56.74,30,4,2023-03-03,2.37,1,68
1798,64441,Manhattan,Midtown,40.787299,-73.983849,Entire home/apt,368.32,7,25,2024-06-12,0.74,1,346
1799,77553,Manhattan,Midtown,40.794644,-73.95679,Entire home/apt,466.1,14,24,2023-10-28,0.33,20,86
1800,45002,Manhattan,Lower East Side,40.793826,-73.950697,Private room,79.37,30,9,2024-06-20,2.19,1,139
1801,86244,Bronx,Riverdale,40.79957,-73.818159,Entire home/apt,98.6,14,15,2024-08-24,3.61,1,319
1802,75543,Brooklyn,Bed-Stuy,40.636461,-74.000656,Entire home/apt,229.56,30,21,2024-01-07,0.07,1,123
1803,31606,Manhattan,Lower East Side,40.793742,-73.946883,Entire home/apt,364.23,5,3,2024-06-16,2.95,1,285
1804,9876,Manhattan,Tribeca,40.79286,-73.970784,Entire home/apt,288.76,14,58,2024-06-19,0.86,1,135
1805,16555,Manhattan,Tribeca,40.789303,-73.968471,Entire home/apt,357.78,1,30,2024-01-19,0.51,2,321
1806,8353,Queens,Astoria,40.638124,-73.89431,Private room,52.1,3,17,2024-06-24,0.06,1,196
1807,5593,Brooklyn,Williamsburg,40.67347,-73.939409,Private room,179.02,30,1,2024-08-10,0.35,1,204
1808,36959,Manhattan,Tribeca,40.783327,-73.957678,Entire home/apt,428.38,30,9,2024-05-31,0.61,1,208
1809,26627,Manhattan,Tribeca,40.77879,-73.95994,Entire home/apt,168.17,2,19,2023-10-25,0.11,1,78
1810,2451,Manhattan,Tribeca,40.780208,-73.934733,Entire home/apt,187.34,7,10,2024-08-07,0.31,1,105
1811,89545,Brooklyn,Bed-Stuy,40.683043,-73.803757,Private room,63.15,1,6,2024-04-09,2.0,1,111
1812,65679,Queens,Jamaica,40.756361,-73.811994,Entire home/apt,188.86,5,19,2024-08-07,1.74,1,114
1813,33714,Manhattan,Upper East Side,40.765111,-74.000058,Entire home/apt,172.27,30,6,2024-08-23,2.2,1,66
1814,77075,Manhattan,Hell Kitchen,40.763271,-73.988792,Private room,126.14,7,39,2024-06-08,0.27,1,137
1815,34263,Manhattan,Lower East Side,40.790996,-73.981723,Entire home/apt,345.45,5,8,2024-02-21,0.07,3,142
1816,52230,Bronx,Mott Haven,40.854146,-73.800701,Entire home/apt,105.96,14,0,,0.0,5,190
1817,92226,Manhattan,Upper East Side,40.781344,-73.929617,Entire home/apt,319.42,30,3,2024-07-06,0.63,1,134
1818,37100,Queens,Flushing,40.634135,-73.806947,Shared room,26.44,14,11,2024-05-18,2.25,1,275
1819,30161,Brooklyn,Williamsburg,40.645841,-73.88801,Private room,121.79,14,10,2024-05-03,1.16,3,187
1820,42983,Manhattan,Lower East Side,40.738304,-74.000062,Private room,112.68,7,5,2023-10-06,4.01,1,263
1821,8580,Manhattan,Hell Kitchen,40.780953,-73.940172,Entire home/apt,252.93,30,7,2023-10-30,0.09,1,89
1822,60588,Manhattan,Harlem,40.787617,-73.998231,Private room,158.37,14,23,2024-09-01,0.68,2,57
1823,99430,Brooklyn,Park Slope,40.60637,-73.843821,Hotel room,150.06,30,9,2024-05-28,0.78,1,135
1824,68409,Queens,Forest Hills,40.678509,-73.870337,Shared room,40.89,3,57,2024-02-22,0.2,3,285
1825,57001,Brooklyn,Bed-Stuy,40.766842,-73.883534,Entire home/apt,142.2,2,19,2023-09-23,1.31,1,108
1826,73973,Brooklyn,Bushwick,40.754644,-74.001203,Private room,85.16,5,14,2024-08-23,0.06,2,339
1827,88604,Manhattan,Lower East Side,40.752598,-73.968537,Entire home/apt,288.25,5,16,2024-03-07,1.87,1,53
1828,78468,Bronx,Fordham,40.861556,-73.84657,Entire home/apt,62.77,5,11,2023-10-05,0.06,1,181
1829,89038,Queens,Flushing,40.846455,-73.933601,Private room,59.84,7,21,2024-07-10,3.1,1,222
1830,65455,Manhattan,Hell Kitchen,40.800294,-73.993133,Entire home/apt,336.31,5,13,2024-07-22,0.1,1,255
1831,65387,Staten Island,St. George,40.622287,-74.169198,Shared room,16.74,7,12,2024-05-11,0.91,1,156
1832,87244,Brooklyn,Greenpoint,40.629362,-73.980794,Entire home/apt,304.94,30,2,2023-01-19,0.25,1,180
1833,47495,Brooklyn,Greenpoint,40.591463,-73.941774,Entire home/apt,319.05,7,9,2024-02-02,0.21,1,221
1834,68888,Brooklyn,Bushwick,40.63184,-73.897022,Shared room,32.82,30,38,2024-05-25,1.92,1,30
1835,49293,Queens,Astoria,40.779404,-73.659847,Shared room,69.71,30,29,2024-08-29,2.23,1,3
1836,15428,Brooklyn,Park Slope,40.70018,-73.912959,Entire home/apt,181.28,14,4,2024-04-08,2.02,1,299
1837,27111,Manhattan,Harlem,40.811102,-73.983753,Entire home/apt,340.48,3,10,2024-06-16,0.78,1,93
1838,51560,Manhattan,Tribeca,40.753335,-73.967198,Private room,118.06,14,14,2024-07-27,7.03,1,248
1839,34666,Bronx,Riverdale,40.773668,-73.742103,Entire home/apt,157.39,7,4,2024-04-30,0.62,1,21
1840,16145,Manhattan,Midtown,40.81221,-73.92792,Shared room,95.29,14,10,2024-06-18,0.42,1,125
1841,56762,Manhattan,Hell Kitchen,40.784349,-73.960189,Shared room,58.49,1,48,2024-08-25,8.48,1,95
1842,72885,Brooklyn,Williamsburg,40.650631,-73.891225,Entire home/apt,120.47,5,27,2024-01-13,5.68,1,29
1843,10119,Brooklyn,Bed-Stuy,40.605267,-74.096786,Entire home/apt,107.06,2,7,2024-01-08,1.34,2,4
1844,17662,Brooklyn,Bed-Stuy,40.630757,-74.031528,Entire home/apt,206.99,5,79,2024-03-12,0.35,1,193
1845,94521,Bronx,South Bronx,40.918696,-73.774016,Shared room,38.47,1,26,2023-10-07,0.41,1,197
1846,70610,Manhattan,Tribeca,40.755041,-73.945366,Entire home/apt,373.66,30,7,2024-07-23,1.1,1,106
1847,82752,Manhattan,Harlem,40.802128,-74.002596,Entire home/apt,274.72,14,10,2024-07-03,2.24,1,106
1848,74955,Manhattan,Chelsea,40.775295,-73.982803,Entire home/apt,181.3,7,4,2024-05-14,0.12,1,73
1849,73682,Queens,Long Island City,40.78804,-73.893202,Private room,54.81,14,34,2024-08-21,1.75,1,335
1850,57085,Brooklyn,Bushwick,40.672268,-73.985356,Entire home/apt,304.43,3,39,2023-08-11,0.16,2,47
1851,80627,Manhattan,Hell Kitchen,40.792567,-73.975536,Entire home/apt,237.25,7,16,2024-05-03,2.79,1,77
1852,27617,Queens,Astoria,40.68538,-73.811964,Shared room,42.89,3,10,2024-06-23,1.14,2,143
1853,13250,Queens,Astoria,40.891083,-73.828252,Shared room,26.34,2,6,2024-05-07,6.86,1,47
1854,83543,Queens,Astoria,40.64492,-73.748225,Private room,82.38,5,13,2024-06-23,2.1,2,128
1855,47419,Bronx,Fordham,40.837624,-73.935562,Entire home/apt,90.6,30,20,2024-07-03,1.03,5,15
1856,10103,Manhattan,Chelsea,40.82773,-73.97825,Entire home/apt,437.75,7,31,2024-05-18,0.23,1,19
1857,63961,Queens,Jamaica,40.69797,-73.782113,Private room,98.11,3,23,2024-05-06,1.17,1,58
1858,16545,Brooklyn,Park Slope,40.782007,-74.044985,Entire home/apt,157.47,3,21,2024-05-22,0.18,1,250
1859,44120,Queens,Flushing,40.750279,-73.627918,Shared room,38.5,1,12,2024-04-12,3.53,1,260
1860,39798,Brooklyn,Bushwick,40.685924,-74.01832,Private room,77.01,1,25,2023-12-01,0.39,1,193
1861,52785,Queens,Astoria,40.678728,-73.778349,Entire home/apt,81.62,5,9,2024-08-22,3.01,1,240
1862,76238,Brooklyn,Crown Heights,40.758048,-73.96456,Shared room,38.32,3,34,2023-11-06,0.54,1,166
1863,76396,Manhattan,Midtown,40.799633,-73.999907,Shared room,87.68,2,37,2024-07-17,0.38,1,43
1864,21970,Brooklyn,Crown Heights,40.591577,-73.973168,Entire home/apt,218.68,3,18,2024-07-11,0.54,1,168
1865,34908,Staten Island,New Dorp,40.651401,-74.147445,Private room,52.64,3,13,2024-03-21,1.84,1,351
1866,42808,Bronx,Mott Haven,40.859291,-73.850896,Entire home/apt,96.43,7,24,2022-11-03,1.12,2,61
1867,96026,Manhattan,Tribeca,40.805284,-73.983404,Entire home/apt,418.3,7,12,2024-08-29,0.17,3,74
1868,48400,Manhattan,Lower East Side,40.796866,-73.987818,Entire home/apt,295.41,1,9,2024-02-13,0.22,1,281
1869,22469,Manhattan,Lower East Side,40.822765,-73.987208,Private room,190.78,7,2,2024-01-31,0.71,1,50
1870,30571,Brooklyn,Williamsburg,40.625257,-73.91122,Shared room,26.56,3,7,2024-04-01,0.62,1,94
1871,40854,Queens,Long Island City,40.734583,-73.768752,Entire home/apt,29.99,7,10,2024-08-31,2.86,1,245
1872,7293,Manhattan,Lower East Side,40.787646,-73.993008,Entire home/apt,322.62,1,19,2024-03-18,1.27,1,217
1873,10372,Brooklyn,Bushwick,40.775002,-73.890587,Private room,54.3,5,18,2024-08-11,0.31,1,304
1874,97680,Queens,Astoria,40.836916,-73.837166,Entire home/apt,132.27,14,5,2024-08-18,0.04,1,330
1875,14236,Brooklyn,Bushwick,40.703191,-73.932358,Private room,85.07,2,11,2024-01-31,0.16,1,213
1876,78327,Brooklyn,Crown Heights,40.74588,-73.874585,Entire home/apt,362.29,14,3,2024-01-29,1.81,2,277
1877,95262,Brooklyn,Crown Heights,40.689783,-74.035277,Entire home/apt,225.31,14,16,2023-08-01,2.82,50,340
1878,51193,Brooklyn,Williamsburg,40.78498,-73.910841,Entire home/apt,205.17,3,8,2024-09-01,2.29,5,363
1879,21027,Manhattan,Upper East Side,40.770931,-73.963069,Private room,201.26,2,24,2024-06-08,2.34,1,329
1880,24272,Brooklyn,Bushwick,40.587534,-73.880879,Entire home/apt,222.49,14,66,2024-08-30,0.45,1,308
1881,92354,Brooklyn,Williamsburg,40.589927,-73.95745,Private room,79.94,14,28,2024-06-12,6.78,1,293
1882,78014,Queens,Forest Hills,40.747756,-73.711793,Entire home/apt,221.05,30,7,2024-05-03,0.14,1,24
1883,69201,Brooklyn,Bed-Stuy,40.684593,-73.906102,Entire home/apt,123.17,5,23,2024-04-19,2.58,1,252
1884,57570,Queens,Forest Hills,40.725947,-73.797475,Entire home/apt,163.88,30,24,2024-06-14,0.15,5,102
1885,33374,Manhattan,Hell Kitchen,40.78481,-73.974981,Shared room,43.62,3,12,2024-01-13,0.47,1,239
1886,89469,Brooklyn,Bed-Stuy,40.577006,-73.990299,Shared room,58.59,2,7,2024-05-28,1.03,1,34
1887,9757,Manhattan,Upper East Side,40.787995,-73.976182,Entire home/apt,311.11,5,13,2024-04-23,0.08,3,72
1888,75064,Manhattan,Chelsea,40.779984,-73.977667,Entire home/apt,563.15,3,18,2023-11-17,0.75,5,165
1889,96276,Brooklyn,Bed-Stuy,40.626384,-73.973786,Entire home/apt,102.67,30,4,2024-07-29,0.65,1,100
1890,2971,Staten Island,Stapleton,40.564158,-74.149994,Entire home/apt,78.01,5,32,2024-06-24,1.56,1,3
1891,43875,Manhattan,Harlem,40.790968,-73.974811,Entire home/apt,400.23,14,37,2024-04-22,1.9,1,334
1892,47521,Brooklyn,Bed-Stuy,40.616421,-74.028085,Shared room,61.75,3,3,2023-12-14,0.14,1,201
1893,16490,Queens,Astoria,40.935995,-73.885285,Shared room,43.53,30,6,2024-05-25,0.06,1,288
1894,2152,Manhattan,Lower East Side,40.772727,-73.96086,Entire home/apt,196.47,3,22,2024-08-19,2.24,1,134
1895,46238,Brooklyn,Bushwick,40.699852,-73.912948,Entire home/apt,151.59,14,4,2022-06-15,1.13,1,244
1896,58577,Brooklyn,Bushwick,40.651637,-73.929887,Shared room,88.85,5,1,2024-01-24,1.15,1,80
1897,85846,Brooklyn,Bed-Stuy,40.681881,-73.962928,Private room,94.04,30,7,2024-01-15,5.92,1,259
1898,71956,Manhattan,Harlem,40.788008,-73.950093,Entire home/apt,334.66,1,7,2024-05-12,0.86,1,192
1899,97568,Manhattan,Harlem,40.782656,-73.971511,Entire home/apt,275.03,30,29,2024-04-12,0.33,1,361
1900,81156,Queens,Forest Hills,40.813653,-73.717991,Entire home/apt,89.71,2,53,2022-02-22,1.71,1,339
1901,11769,Brooklyn,Park Slope,40.773236,-74.049574,Entire home/apt,278.95,1,11,2024-03-23,2.54,1,264
1902,12497,Manhattan,Tribeca,40.801202,-73.959168,Entire home/apt,352.22,7,7,2024-07-19,1.05,3,31
1903,51803,Queens,Flushing,40.657348,-73.774773,Entire home/apt,362.15,2,13,2023-01-10,1.77,2,283
1904,43376,Manhattan,Hell Kitchen,40.804122,-73.987783,Private room,95.93,3,33,2024-04-16,1.08,1,219
1905,36417,Brooklyn,Crown Heights,40.704754,-73.891919,Entire home/apt,266.81,14,6,2024-08-29,0.78,1,61
1906,33343,Manhattan,Harlem,40.76168,-73.974046,Entire home/apt,170.43,2,8,2024-04-01,0.05,1,1
1907,72776,Bronx,Mott Haven,40.859848,-73.904607,Entire home/apt,115.87,2,11,2024-08-19,0.29,2,123
1908,55347,Manhattan,Tribeca,40.765517,-73.973901,Private room,212.81,7,21,2024-04-20,0.98,2,252
1909,18038,Manhattan,Midtown,40.799133,-73.958325,Private room,62.86,30,6,2023-10-23,0.76,1,80
1910,47451,Manhattan,Lower East Side,40.765872,-73.958157,Entire home/apt,265.33,14,7,2024-04-15,2.78,1,325
1911,19893,Manhattan,Hell Kitchen,40.766381,-74.003403,Entire home/apt,229.91,30,15,2024-06-09,0.17,1,7
1912,78832,Queens,Long Island City,40.698829,-73.705062,Hotel room,81.56,1,38,2023-08-13,0.08,1,139
1913,18566,Staten Island,New Dorp,40.612298,-74.150263,Entire home/apt,115.73,3,29,2023-05-18,0.14,1,126
1914,10825,Manhattan,Harlem,40.774766,-73.978995,Entire home/apt,450.9,2,12,2024-06-17,1.7,1,220
1915,51561,Brooklyn,Williamsburg,40.684727,-74.008306,Entire home/apt,182.03,1,14,2024-04-30,1.35,20,223
1916,16285,Brooklyn,Crown Heights,40.657314,-73.957134,Entire home/apt,208.45,7,6,2022-08-31,1.5,1,155
1917,33303,Queens,Forest Hills,40.620114,-73.861976,Entire home/apt,150.74,1,33,2024-07-28,0.26,1,132
1918,13396,Brooklyn,Greenpoint,40.70283,-73.943629,Shared room,54.04,7,26,2024-06-30,1.09,20,170
1919,26216,Manhattan,Harlem,40.776925,-73.989429,Private room,93.14,14,40,2024-05-24,2.19,10,11
1920,32352,Brooklyn,Williamsburg,40.772811,-73.994479,Entire home/apt,299.13,2,12,2024-08-13,1.73,1,324
1921,96995,Brooklyn,Bed-Stuy,40.693296,-73.973472,Shared room,60.77,3,33,2024-07-06,0.87,1,288
1922,34772,Manhattan,Lower East Side,40.783826,-73.962048,Entire home/apt,337.28,1,17,2024-04-13,0.16,1,30
1923,97289,Brooklyn,Bed-Stuy,40.595985,-73.944597,Entire home/apt,139.06,30,20,2024-07-17,3.07,2,152
1924,29630,Manhattan,Upper East Side,40.806915,-73.93597,Private room,119.84,7,16,2024-02-06,1.12,1,156
1925,11944,Queens,Astoria,40.717799,-73.791566,Private room,67.1,3,5,2024-06-17,3.31,1,202
1926,80584,Manhattan,Upper East Side,40.827327,-73.948502,Entire home/apt,155.91,30,18,2024-08-16,0.87,1,276
1927,17138,Brooklyn,Bushwick,40.641163,-73.981339,Entire home/apt,97.74,2,17,2023-12-16,0.41,1,55
1928,99671,Brooklyn,Greenpoint,40.735593,-74.004862,Private room,75.49,1,13,2024-04-04,0.55,1,22
1929,55792,Brooklyn,Bushwick,40.743464,-73.924142,Private room,118.32,5,7,2023-10-24,0.81,1,261
1930,35349,Manhattan,Upper East Side,40.793454,-73.976335,Private room,110.89,30,13,2024-06-13,1.43,1,229
1931,36748,Brooklyn,Williamsburg,40.640411,-73.85648,Entire home/apt,127.74,3,59,2024-08-29,2.2,1,214
1932,78170,Brooklyn,Bed-Stuy,40.663396,-73.968856,Entire home/apt,138.6,1,49,2024-08-24,0.42,2,73
1933,64831,Brooklyn,Crown Heights,40.673392,-73.932619,Entire home/apt,160.03,30,44,2023-11-21,0.31,1,123
1934,5784,Brooklyn,Bushwick,40.61635,-73.978092,Entire home/apt,166.66,7,8,2024-05-29,0.34,1,251
1935,93323,Brooklyn,Greenpoint,40.641118,-73.893483,Shared room,128.41,5,10,2022-10-28,4.09,1,317
1936,43881,Queens,Flushing,40.657323,-73.935361,Entire home/apt,219.57,3,37,2023-10-18,0.27,1,81
1937,1374,Manhattan,Hell Kitchen,40.743758,-74.000608,Entire home/apt,433.92,14,19,2024-08-30,0.64,1,340
1938,88539,Queens,Flushing,40.837123,-73.793603,Private room,114.9,14,21,2023-08-31,1.0,3,334
1939,52244,Brooklyn,Bushwick,40.708275,-73.912011,Entire home/apt,128.76,5,6,2024-07-20,1.22,1,203
1940,63067,Manhattan,Lower East Side,40.784224,-73.972696,Entire home/apt,176.62,3,12,2024-05-05,2.93,1,39
1941,12653,Manhattan,Tribeca,40.803991,-73.96828,Private room,92.49,14,11,2024-04-28,0.18,1,252
1942,92377,Manhattan,Harlem,40.811082,-73.958783,Private room,245.58,30,21,2024-08-21,0.17,1,125
1943,12192,Queens,Forest Hills,40.678776,-73.834671,Private room,57.85,2,2,2024-08-08,0.57,2,198
1944,28083,Brooklyn,Bed-Stuy,40.634552,-73.871147,Entire home/apt,116.39,14,4,2024-05-26,0.8,1,124
1945,84676,Queens,Flushing,40.695796,-73.858778,Private room,60.6,7,11,2024-02-29,0.7,1,134
1946,7942,Brooklyn,Williamsburg,40.697387,-73.95003,Private room,87.26,7,5,2024-07-08,0.75,1,303
1947,49380,Brooklyn,Greenpoint,40.695874,-73.830811,Entire home/apt,213.76,2,26,2024-04-20,2.86,1,211
1948,92868,Manhattan,Tribeca,40.801361,-73.97066,Entire home/apt,318.41,3,2,2024-06-08,2.72,2,97
1949,85786,Manhattan,Chelsea,40.754932,-73.981199,Shared room,58.16,3,13,2024-03-06,2.46,2,230
1950,12156,Brooklyn,Bed-Stuy,40.720863,-74.014462,Entire home/apt,252.59,7,13,2024-05-25,2.11,1,228
1951,48586,Manhattan,Tribeca,40.825919,-73.970912,Private room,111.51,1,16,2023-09-24,0.06,3,205
1952,78728,Manhattan,Lower East Side,40.784077,-73.984533,Entire home/apt,270.55,14,24,2022-08-22,0.24,1,334
1953,62716,Brooklyn,Bushwick,40.708004,-74.01368,Entire home/apt,252.7,30,16,2023-06-20,1.98,2,79
1954,92512,Brooklyn,Greenpoint,40.808094,-73.865159,Entire home/apt,148.53,3,8,2024-07-30,1.36,1,278
1955,89585,Staten Island,St. George,40.628715,-74.205817,Private room,39.5,2,14,2024-05-15,1.68,1,353
1956,24864,Bronx,Riverdale,40.855071,-73.804346,Entire home/apt,137.85,7,35,2024-05-14,1.89,1,274
1957,26739,Brooklyn,Williamsburg,40.713786,-74.004327,Private room,68.12,30,22,2023-10-07,3.63,1,137
1958,22114,Brooklyn,Park Slope,40.639194,-73.971316,Private room,82.3,2,11,2024-06-14,1.51,1,177
1959,57457,Brooklyn,Park Slope,40.641994,-73.852473,Private room,119.9,2,12,2024-04-11,0.48,1,289
1960,1578,Queens,Jamaica,40.574519,-73.742426,Shared room,92.11,3,5,2024-03-16,0.13,1,103
1961,37999,Manhattan,Tribeca,40.757254,-73.990425,Private room,183.46,14,32,2024-08-11,0.85,1,229
1962,23852,Brooklyn,Park Slope,40.557616,-73.977143,Entire home/apt,231.96,2,20,2024-04-08,1.86,1,327
1963,82903,Queens,Long Island City,40.849059,-73.773714,Shared room,50.08,7,3,2024-07-12,0.5,1,306
1964,35403,Manhattan,Chelsea,40.759133,-73.950857,Private room,93.74,1,20,2024-07-22,0.19,50,300
1965,47319,Brooklyn,Bed-Stuy,40.752078,-73.937957,Entire home/apt,201.09,7,26,2024-07-12,10.02,1,112
1966,78858,Brooklyn,Bed-Stuy,40.800285,-73.894906,Entire home/apt,189.73,5,9,2024-08-14,0.81,1,169
1967,76734,Manhattan,Midtown,40.796753,-73.987268,Private room,163.77,7,37,2024-08-19,0.37,1,123
1968,39531,Manhattan,Hell Kitchen,40.795648,-73.966864,Entire home/apt,301.74,5,9,2024-02-27,0.27,1,337
1969,38775,Manhattan,Hell Kitchen,40.793497,-73.984892,Private room,167.62,3,4,2023-04-11,2.98,1,314
1970,95164,Manhattan,Midtown,40.785662,-73.987537,Entire home/apt,254.26,5,19,2024-02-05,2.57,1,118
1971,50725,Manhattan,Chelsea,40.740157,-73.951234,Entire home/apt,294.83,1,3,2024-06-26,1.43,1,48
1972,19555,Queens,Long Island City,40.608009,-73.786325,Private room,44.06,30,11,2024-06-20,1.19,1,302
1973,86553,Manhattan,Harlem,40.78976,-73.964669,Entire home/apt,253.41,30,14,2024-04-14,4.54,1,169
1974,45539,Brooklyn,Bed-Stuy,40.661215,-73.927927,Entire home/apt,334.9,3,14,2023-09-05,0.39,1,68
1975,97955,Manhattan,Lower East Side,40.792519,-73.956501,Private room,163.59,30,8,2024-07-23,0.81,20,74
1976,8706,Bronx,Riverdale,40.931472,-73.85309,Entire home/apt,107.89,30,5,2024-05-11,0.04,1,298
1977,71323,Manhattan,Tribeca,40.784381,-73.989335,Private room,307.43,1,2,2024-04-30,0.81,1,365
1978,44047,Brooklyn,Greenpoint,40.704357,-73.904157,Private room,55.7,30,10,2023-05-09,0.73,1,133
1979,85423,Queens,Flushing,40.712816,-73.751331,Private room,46.2,5,15,2024-04-16,4.48,1,141
1980,2249,Queens,Astoria,40.704799,-73.741221,Entire home/apt,285.69,3,23,2023-12-03,0.67,1,25
1981,20997,Manhattan,Midtown,40.801352,-73.953227,Entire home/apt,293.34,5,36,2024-08-16,2.7,1,218
1982,59584,Queens,Flushing,40.737628,-73.878097,Private room,65.34,2,7,2024-06-22,2.18,2,246
1983,72973,Brooklyn,Greenpoint,40.641485,-73.908491,Shared room,33.42,1,19,2024-03-15,0.24,1,141
1984,4598,Brooklyn,Greenpoint,40.825129,-73.964643,Private room,114.83,2,39,2024-02-11,4.93,1,311
1985,81365,Manhattan,Lower East Side,40.792217,-73.982321,Private room,179.04,1,12,2023-08-09,1.5,1,362
1986,41859,Manhattan,Midtown,40.763621,-73.984726,Entire home/apt,185.89,1,50,2024-03-25,1.36,2,156
1987,32546,Brooklyn,Williamsburg,40.553252,-73.862994,Entire home/apt,181.52,3,0,,0.0,1,209
1988,9264,Brooklyn,Bed-Stuy,40.544392,-73.96003,Entire home/apt,167.89,14,13,2024-07-02,1.8,1,205
1989,72812,Brooklyn,Bushwick,40.607512,-73.997263,Entire home/apt,212.7,2,6,2024-04-15,0.09,2,127
1990,83404,Brooklyn,Park Slope,40.760791,-73.932136,Entire home/apt,122.71,5,4,2024-01-22,0.31,1,184
1991,95696,Queens,Jamaica,40.650968,-73.842061,Shared room,66.83,3,12,2023-11-30,0.16,1,245
1992,44221,Manhattan,Tribeca,40.76779,-73.972071,Entire home/apt,415.42,14,9,2023-03-31,0.71,1,326
1993,58766,Brooklyn,Bushwick,40.688574,-73.830466,Entire home/apt,166.04,1,5,2024-07-25,2.38,3,347
1994,68943,Manhattan,Tribeca,40.744774,-73.971896,Entire home/apt,264.12,5,9,2024-02-20,1.84,2,260
1995,85347,Queens,Astoria,40.702955,-73.719176,Shared room,38.35,1,26,2024-07-23,0.17,1,48
1996,23839,Brooklyn,Bushwick,40.699489,-73.908778,Private room,70.32,1,48,2024-06-25,2.4,1,103
1997,97590,Bronx,South Bronx,40.862054,-73.9114,Private room,45.56,5,4,2024-08-05,0.93,1,60
1998,95588,Manhattan,Hell Kitchen,40.807325,-73.95523,Shared room,72.7,7,8,2023-12-10,0.05,1,176
1999,32778,Manhattan,Chelsea,40.801411,-73.945919,Entire home/apt,549.01,5,12,2023-06-18,0.38,1,304
2000,63964,Manhattan,Midtown,40.791454,-73.94158,Private room,210.28,30,15,2024-08-27,2.31,1,97
2001,63426,Manhattan,Upper East Side,40.790653,-73.975581,Entire home/apt,418.56,3,30,2023-11-04,1.98,1,68
2002,57336,Manhattan,Chelsea,40.782968,-73.971677,Entire home/apt,333.93,5,6,2024-07-14,0.31,1,115
2003,21626,Bronx,Fordham,40.81883,-73.783206,Private room,34.79,3,8,2024-05-04,0.06,1,67
2004,99689,Manhattan,Upper East Side,40.789026,-73.969305,Private room,141.63,2,7,2023-12-28,0.52,1,144
2005,15000,Manhattan,Harlem,40.790865,-73.911603,Entire home/apt,424.6,5,13,2024-04-27,2.38,1,128
2006,81366,Queens,Astoria,40.637662,-73.862503,Entire home/apt,87.05,14,10,2024-07-16,4.18,20,60
2007,97474,Brooklyn,Williamsburg,40.595366,-73.958156,Private room,123.84,2,27,2023-07-04,1.28,1,265
2008,3127,Queens,Long Island City,40.747841,-73.832126,Entire home/apt,364.62,5,14,2024-03-23,0.14,1,124
2009,68871,Manhattan,Tribeca,40.772305,-73.968352,Entire home/apt,440.4,14,2,2023-05-09,1.05,1,188
2010,62721,Brooklyn,Greenpoint,40.648074,-73.925589,Entire home/apt,338.02,3,12,2023-09-30,10.08,1,32
2011,77895,Manhattan,Midtown,40.805385,-73.957659,Entire home/apt,314.28,14,6,2023-08-22,4.19,1,90
2012,6985,Manhattan,Lower East Side,40.80072,-73.949482,Private room,212.08,14,3,2024-06-13,7.49,1,215
2013,65564,Bronx,Fordham,40.858941,-73.872732,Entire home/apt,81.64,2,29,2022-07-08,1.8,1,183
2014,45465,Manhattan,Hell Kitchen,40.767655,-73.979024,Entire home/apt,395.96,7,24,2023-09-23,0.83,1,116
2015,7627,Brooklyn,Greenpoint,40.646779,-73.9003,Entire home/apt,249.45,5,15,2024-06-19,3.35,1,362
2016,53094,Brooklyn,Williamsburg,40.699007,-73.902395,Private room,107.8,3,15,2023-07-21,3.38,1,91
2017,41004,Manhattan,Hell Kitchen,40.759893,-73.942565,Entire home/apt,487.54,3,16,2023-12-23,0.23,5,210
2018,42031,Queens,Jamaica,40.694042,-73.882901,Entire home/apt,116.08,30,13,2024-01-13,2.24,1,181
2019,5757,Manhattan,Midtown,40.774316,-73.921525,Entire home/apt,267.24,1,28,2024-08-31,3.78,1,193
2020,41816,Brooklyn,Greenpoint,40.654937,-73.963706,Private room,99.74,3,5,2024-08-28,3.43,1,172
2021,48973,Bronx,Riverdale,40.835195,-73.872231,Private room,36.04,30,10,2024-02-01,1.84,1,280
2022,65046,Brooklyn,Park Slope,40.631311,-73.935607,Private room,105.12,3,9,2024-07-05,1.16,1,258
2023,42216,Bronx,Fordham,40.89858,-73.849086,Shared room,15.39,5,15,2024-08-22,2.25,1,88
2024,68146,Manhattan,Upper East Side,40.760877,-73.978087,Private room,218.9,2,12,2024-07-03,1.09,1,78
2025,35486,Brooklyn,Williamsburg,40.645108,-73.941024,Private room,97.81,14,33,2023-10-10,0.58,1,115
2026,77421,Manhattan,Chelsea,40.809709,-73.974178,Entire home/apt,233.83,30,6,2024-05-10,0.45,3,56
2027,81467,Brooklyn,Park Slope,40.672911,-73.837541,Entire home/apt,137.52,5,28,2024-03-13,1.17,1,67
2028,18663,Staten Island,New Dorp,40.62331,-74.127237,Hotel room,67.74,5,16,2023-11-16,0.91,5,129
2029,50043,Manhattan,Upper East Side,40.822263,-73.961404,Entire home/apt,379.28,7,17,2024-06-23,1.12,1,5
2030,92409,Brooklyn,Bushwick,40.559008,-73.89424,Entire home/apt,239.03,14,25,2024-08-30,0.45,1,120
2031,42809,Manhattan,Upper East Side,40.75126,-73.96216,Private room,108.59,7,36,2024-06-23,1.34,2,226
2032,86062,Brooklyn,Park Slope,40.575375,-73.972211,Entire home/apt,136.88,5,19,2023-02-14,1.63,1,289
2033,13191,Brooklyn,Williamsburg,40.656373,-73.990407,Private room,124.85,7,4,2024-05-06,2.47,2,340
2034,8385,Staten Island,St. George,40.562057,-74.108898,Private room,37.15,1,14,2024-04-03,1.34,1,124
2035,78847,Brooklyn,Greenpoint,40.635363,-73.911492,Entire home/apt,196.66,3,18,2023-12-19,2.12,1,58
2036,34653,Manhattan,Hell Kitchen,40.763787,-73.97499,Private room,151.31,14,13,2024-08-11,0.28,1,21
2037,8861,Manhattan,Midtown,40.789577,-73.991131,Entire home/apt,326.29,30,81,2024-01-07,0.19,1,360
2038,80094,Manhattan,Tribeca,40.756866,-73.961362,Entire home/apt,405.97,30,17,2024-06-30,0.3,1,220
2039,1946,Manhattan,Hell Kitchen,40.805562,-73.972781,Private room,86.89,5,41,2024-06-05,2.81,1,240
2040,9587,Manhattan,Tribeca,40.773954,-73.968086,Private room,67.04,2,38,2024-07-07,1.22,1,13
2041,63297,Queens,Astoria,40.732638,-73.775468,Private room,57.38,7,20,2024-08-02,0.91,5,326
2042,82757,Brooklyn,Bushwick,40.526505,-74.008346,Entire home/apt,394.69,30,21,2024-06-13,2.15,1,196
2043,13099,Brooklyn,Crown Heights,40.627486,-73.935148,Private room,215.56,1,5,2024-08-15,0.2,1,142
2044,39433,Manhattan,Upper East Side,40.786818,-73.958476,Entire home/apt,599.1,7,22,2023-10-02,0.01,1,51
2045,42174,Queens,Flushing,40.748807,-73.898959,Shared room,37.49,1,21,2024-06-28,0.56,1,239
2046,62148,Brooklyn,Crown Heights,40.76502,-73.867885,Entire home/apt,94.13,14,39,2024-02-24,0.43,1,205
2047,79654,Manhattan,Midtown,40.757936,-73.964546,Private room,56.41,1,36,2024-06-30,0.55,1,290
2048,56112,Brooklyn,Bed-Stuy,40.642475,-73.935868,Entire home/apt,150.19,14,18,2024-07-21,5.45,1,316
2049,40718,Brooklyn,Park Slope,40.741399,-73.816394,Entire home/apt,177.37,14,18,2024-01-20,1.26,1,347
2050,20403,Manhattan,Chelsea,40.798126,-73.965301,Entire home/apt,484.55,30,24,2024-03-09,1.33,1,100
2051,42355,Brooklyn,Crown Heights,40.657811,-73.933272,Private room,135.84,1,48,2024-07-19,1.6,1,345
2052,93431,Brooklyn,Bed-Stuy,40.759786,-73.946883,Private room,105.14,5,25,2024-03-15,0.76,1,302
2053,15226,Manhattan,Hell Kitchen,40.765378,-74.003594,Shared room,56.74,3,10,2024-09-01,5.79,1,199
2054,51816,Bronx,Riverdale,40.870452,-73.852436,Entire home/apt,74.08,5,24,2024-07-28,5.43,1,301
2055,90792,Queens,Long Island City,40.676527,-73.712819,Entire home/apt,159.41,3,9,2024-01-11,2.2,1,21
2056,97274,Brooklyn,Greenpoint,40.652893,-73.952279,Entire home/apt,253.74,2,24,2024-05-29,0.36,1,201
2057,23323,Brooklyn,Bushwick,40.6772,-73.965257,Private room,112.29,30,14,2024-07-23,3.18,1,82
2058,39525,Brooklyn,Greenpoint,40.692352,-73.875109,Entire home/apt,126.93,7,29,2024-04-28,0.16,1,287
2059,45971,Brooklyn,Williamsburg,40.609651,-73.914889,Shared room,70.05,5,20,2024-05-12,1.49,1,23
2060,43212,Brooklyn,Greenpoint,40.68853,-73.934974,Shared room,64.03,7,19,2024-03-05,0.92,1,273
2061,71780,Manhattan,Lower East Side,40.800537,-73.970214,Shared room,52.78,14,20,2024-08-19,0.06,3,282
2062,82707,Brooklyn,Bushwick,40.707014,-73.901248,Private room,70.15,7,23,2023-10-29,3.51,1,273
2063,39785,Queens,Forest Hills,40.687851,-73.770965,Private room,94.83,14,17,2024-08-22,4.87,1,323
2064,25780,Brooklyn,Williamsburg,40.663153,-73.952161,Private room,87.4,14,41,2024-05-16,3.57,1,158
2065,74987,Manhattan,Hell Kitchen,40.776659,-73.961778,Entire home/apt,543.82,2,47,2024-01-22,0.32,1,130
2066,8570,Queens,Forest Hills,40.734732,-73.763336,Private room,87.98,7,21,2024-06-17,0.61,1,80
2067,11727,Manhattan,Tribeca,40.78275,-74.003282,Entire home/apt,237.06,3,12,2023-06-26,4.68,1,194
2068,71828,Manhattan,Hell Kitchen,40.783727,-73.969929,Entire home/apt,286.83,5,11,2023-12-23,0.17,3,326
2069,6280,Manhattan,Upper East Side,40.787952,-73.983075,Entire home/apt,295.4,2,39,2024-05-25,1.31,1,218
2070,67832,Manhattan,Upper East Side,40.759191,-73.958708,Entire home/apt,215.21,14,5,2024-07-27,1.0,1,125
2071,31979,Queens,Jamaica,40.706311,-73.7812,Entire home/apt,99.96,30,50,2024-08-25,0.25,1,273
2072,55023,Brooklyn,Bed-Stuy,40.661312,-73.944564,Entire home/apt,254.18,14,16,2023-11-15,3.26,2,125
2073,82117,Manhattan,Hell Kitchen,40.774114,-73.990562,Private room,201.93,3,10,2024-07-25,0.22,1,85
2074,88155,Queens,Jamaica,40.766099,-73.84315,Entire home/apt,183.34,14,21,2024-07-07,1.35,1,172
2075,2647,Queens,Forest Hills,40.741316,-73.762063,Entire home/apt,264.0,3,52,2024-08-31,0.57,1,139
2076,97095,Queens,Long Island City,40.681255,-73.891211,Entire home/apt,115.94,14,3,2024-08-29,0.81,1,38
2077,78144,Manhattan,Midtown,40.831622,-73.981755,Private room,281.33,14,10,2024-07-16,0.36,1,189
2078,23425,Brooklyn,Crown Heights,40.715605,-73.827832,Private room,66.95,2,15,2023-08-27,1.47,1,182
2079,25872,Staten Island,Stapleton,40.618995,-74.162218,Private room,33.08,2,6,2023-12-03,6.72,1,274
2080,25274,Queens,Jamaica,40.722831,-73.861509,Private room,35.61,7,8,2023-12-12,2.69,1,93
2081,54399,Manhattan,Hell Kitchen,40.800734,-73.959875,Entire home/apt,240.96,1,21,2023-10-22,1.72,1,117
2082,68272,Manhattan,Chelsea,40.772811,-73.992043,Private room,117.72,14,12,2024-07-26,2.12,1,52
2083,76874,Brooklyn,Park Slope,40.598926,-73.885009,Entire home/apt,236.96,3,29,2022-10-07,2.74,1,363
2084,9799,Bronx,Mott Haven,40.850819,-73.854051,Entire home/apt,119.95,14,10,2024-07-16,0.96,2,219
2085,75816,Brooklyn,Park Slope,40.628823,-74.03201,Private room,59.57,3,17,2024-08-03,1.26,1,232
2086,35206,Brooklyn,Williamsburg,40.735957,-73.941678,Entire home/apt,164.09,30,17,2024-07-01,3.39,1,67
2087,86501,Manhattan,Hell Kitchen,40.801245,-73.978919,Private room,124.12,1,31,2024-04-18,1.79,1,260
2088,17270,Brooklyn,Bed-Stuy,40.663991,-73.901402,Private room,47.18,3,19,2024-08-09,0.22,1,162
2089,81919,Queens,Forest Hills,40.786788,-73.731095,Entire home/apt,97.26,14,55,2024-01-04,2.27,1,134
2090,83496,Manhattan,Chelsea,40.777196,-73.958909,Entire home/apt,211.59,5,24,2024-06-10,0.03,1,89
2091,61630,Queens,Forest Hills,40.816928,-73.803282,Entire home/apt,255.51,7,11,2024-04-03,2.82,1,147
2092,86361,Bronx,Riverdale,40.819126,-73.797663,Shared room,33.04,7,37,2024-01-07,2.33,1,131
2093,87834,Manhattan,Hell Kitchen,40.770011,-73.95861,Private room,187.67,5,21,2023-07-12,2.66,1,95
2094,67067,Brooklyn,Greenpoint,40.674695,-74.054694,Entire home/apt,105.43,1,11,2023-10-29,0.04,2,200
2095,42309,Manhattan,Upper East Side,40.805672,-74.026357,Entire home/apt,464.35,2,19,2024-04-16,5.39,1,188
2096,29158,Queens,Forest Hills,40.56947,-73.752714,Private room,121.16,3,24,2022-05-04,1.43,1,116
2097,80858,Brooklyn,Crown Heights,40.709824,-73.982455,Private room,43.16,3,22,2024-04-19,2.41,3,108
2098,24603,Brooklyn,Williamsburg,40.687069,-74.096086,Entire home/apt,144.8,2,10,2024-04-16,1.25,2,305
2099,64692,Queens,Long Island City,40.784758,-73.774922,Entire home/apt,175.58,2,5,2024-08-01,0.62,2,53
2100,98156,Manhattan,Midtown,40.782187,-73.970783,Shared room,104.82,1,26,2024-08-04,0.53,1,129
2101,38628,Bronx,Fordham,40.869463,-73.866245,Entire home/apt,82.94,14,2,2024-07-30,0.11,1,219
2102,62237,Brooklyn,Bed-Stuy,40.565757,-73.81242,Entire home/apt,169.91,3,2,2024-03-24,1.17,1,196
2103,21600,Manhattan,Lower East Side,40.807116,-73.996899,Shared room,63.78,2,16,2024-05-28,0.23,1,13
2104,54309,Brooklyn,Bed-Stuy,40.657492,-73.958362,Private room,100.34,3,17,2024-06-06,1.26,1,44
2105,75762,Queens,Astoria,40.814508,-73.967642,Entire home/apt,232.45,14,9,2024-08-08,1.47,1,201
2106,17937,Manhattan,Hell Kitchen,40.77312,-74.006413,Entire home/apt,211.57,5,7,2024-06-07,0.88,2,299
2107,77421,Queens,Astoria,40.705392,-73.8327,Entire home/apt,214.89,30,3,2024-06-08,0.25,5,174
2108,11469,Bronx,Fordham,40.848785,-73.895044,Entire home/apt,79.59,14,26,2024-03-11,0.85,1,347
2109,72158,Manhattan,Midtown,40.76808,-73.958807,Shared room,57.71,2,19,2024-06-05,3.16,1,256
2110,91790,Staten Island,St. George,40.602234,-74.128144,Entire home/apt,137.63,1,12,2024-05-27,0.92,1,251
2111,16719,Manhattan,Midtown,40.779562,-73.982635,Private room,208.22,1,9,2024-07-06,0.63,1,189
2112,96849,Manhattan,Chelsea,40.780723,-73.961177,Shared room,113.86,14,14,2024-08-07,1.49,1,130
2113,77764,Manhattan,Hell Kitchen,40.739564,-73.963318,Entire home/apt,170.14,3,17,2024-06-29,1.45,1,358
2114,24079,Queens,Forest Hills,40.752931,-73.789928,Entire home/apt,119.51,3,26,2024-08-25,0.14,1,280
2115,20680,Brooklyn,Williamsburg,40.669241,-74.098167,Entire home/apt,266.85,14,24,2024-07-22,0.4,1,29
2116,91577,Manhattan,Harlem,40.774303,-73.935411,Shared room,82.36,1,24,2024-06-23,1.02,1,99
2117,91475,Brooklyn,Crown Heights,40.678974,-73.962637,Private room,62.48,3,1,2024-08-04,0.68,1,57
2118,15322,Brooklyn,Greenpoint,40.679214,-73.922914,Entire home/apt,230.63,1,7,2024-02-18,0.58,1,157
2119,4239,Manhattan,Chelsea,40.796276,-73.975778,Private room,108.19,7,3,2024-07-04,0.89,5,270
2120,9610,Queens,Long Island City,40.762194,-73.660768,Private room,147.6,1,6,2024-03-13,0.51,1,222
2121,6833,Queens,Long Island City,40.8087,-73.607676,Shared room,75.13,14,49,2024-02-29,0.64,2,170
2122,90814,Brooklyn,Greenpoint,40.638794,-73.843629,Entire home/apt,244.48,30,18,2024-05-18,2.23,20,124
2123,29021,Bronx,South Bronx,40.805266,-73.847122,Private room,93.76,14,6,2024-05-17,1.07,1,278
2124,34293,Brooklyn,Park Slope,40.722149,-73.974847,Private room,98.52,7,15,2024-03-29,3.09,1,237
2125,40634,Staten Island,Stapleton,40.583898,-74.113782,Entire home/apt,134.74,30,16,2024-07-09,4.45,1,217
2126,72666,Brooklyn,Bushwick,40.635584,-73.844037,Entire home/apt,346.74,30,5,2024-08-29,3.83,1,63
2127,50373,Brooklyn,Crown Heights,40.595124,-73.827819,Entire home/apt,211.81,5,27,2024-02-28,0.44,1,186
2128,56432,Manhattan,Upper East Side,40.803127,-73.972995,Entire home/apt,260.05,14,20,2024-03-17,0.96,1,49
2129,7212,Queens,Flushing,40.695987,-73.835462,Entire home/apt,72.82,5,3,2024-05-08,1.15,1,143
2130,55054,Brooklyn,Bushwick,40.670052,-73.94711,Shared room,52.23,30,19,2023-08-23,2.87,1,247
2131,94740,Manhattan,Chelsea,40.808205,-73.931827,Entire home/apt,400.35,30,21,2024-04-27,1.23,1,336
2132,47268,Manhattan,Hell Kitchen,40.787088,-73.988113,Entire home/apt,420.4,5,41,2024-06-28,0.44,1,154
2133,21076,Brooklyn,Park Slope,40.645456,-73.955185,Private room,117.46,2,8,2024-01-20,1.19,1,144
2134,21191,Brooklyn,Greenpoint,40.616393,-74.014936,Entire home/apt,154.62,1,15,2023-01-20,0.07,1,80
2135,78670,Brooklyn,Williamsburg,40.804028,-73.926043,Entire home/apt,87.07,7,12,2024-01-05,2.69,1,339
2136,75407,Queens,Flushing,40.661549,-73.729572,Private room,59.06,30,11,2023-06-28,1.25,1,129
2137,17539,Manhattan,Upper East Side,40.759533,-73.99312,Private room,127.49,7,42,2024-08-11,1.58,1,118
2138,89560,Brooklyn,Williamsburg,40.630017,-73.844929,Private room,84.71,7,14,2024-08-09,0.34,1,278
2139,56972,Manhattan,Harlem,40.778042,-74.020034,Private room,184.42,14,38,2024-08-02,1.23,1,347
2140,14050,Queens,Flushing,40.825005,-73.819411,Entire home/apt,318.65,1,37,2024-01-27,1.13,1,106
2141,87491,Queens,Jamaica,40.580247,-73.820235,Shared room,42.55,14,6,2024-06-05,1.45,1,50
2142,40140,Brooklyn,Bushwick,40.70946,-73.919957,Entire home/apt,176.06,5,34,2024-05-08,2.82,2,331
2143,63449,Brooklyn,Greenpoint,40.786105,-73.995366,Private room,86.54,2,23,2024-07-09,2.17,1,336
2144,24959,Manhattan,Tribeca,40.784034,-73.985191,Entire home/apt,302.69,1,6,2024-01-06,1.19,1,278
2145,34258,Brooklyn,Williamsburg,40.585668,-73.891068,Shared room,38.77,14,18,2023-10-02,3.36,1,201
2146,44226,Queens,Long Island City,40.765262,-73.772206,Private room,75.55,30,53,2024-08-01,0.67,1,233
2147,39932,Brooklyn,Greenpoint,40.703807,-73.985328,Private room,114.97,2,14,2024-07-25,1.02,1,231
2148,57262,Manhattan,Tribeca,40.762986,-73.970447,Entire home/apt,313.2,2,33,2024-06-19,1.57,1,32
2149,32403,Brooklyn,Bushwick,40.747873,-73.847715,Entire home/apt,230.56,2,29,2024-07-04,0.87,1,122
2150,57743,Queens,Forest Hills,40.791835,-73.792566,Private room,85.64,1,6,2024-04-18,0.67,1,195
2151,23635,Manhattan,Harlem,40.788496,-73.970968,Private room,70.88,5,14,2023-12-25,0.18,1,227
2152,53573,Manhattan,Tribeca,40.762581,-73.970707,Entire home/apt,371.56,14,8,2023-11-23,1.52,2,7
2153,72987,Brooklyn,Crown Heights,40.59811,-73.951645,Shared room,41.29,5,0,,0.0,1,276
2154,11496,Queens,Forest Hills,40.859088,-73.729071,Shared room,26.13,3,16,2024-07-21,0.22,1,349
2155,32156,Manhattan,Lower East Side,40.764638,-73.972649,Entire home/apt,185.15,7,14,2024-07-29,0.3,1,120
2156,75306,Manhattan,Upper East Side,40.766412,-73.97245,Private room,171.27,7,18,2024-06-12,1.75,3,187
2157,59710,Manhattan,Harlem,40.803922,-73.95814,Entire home/apt,263.47,5,2,2024-08-04,0.22,5,349
2158,37264,Manhattan,Midtown,40.832783,-73.94735,Entire home/apt,146.96,7,4,2024-08-15,5.61,1,143
2159,13099,Brooklyn,Bed-Stuy,40.69044,-73.903571,Entire home/apt,232.46,5,58,2024-07-13,2.13,1,173
2160,55576,Brooklyn,Greenpoint,40.666053,-74.01185,Private room,53.97,30,25,2024-06-03,0.75,1,65
2161,42147,Brooklyn,Park Slope,40.756547,-73.883661,Private room,101.52,2,6,2024-03-26,1.35,1,22
2162,35271,Brooklyn,Williamsburg,40.663737,-73.927764,Entire home/apt,211.22,14,1,2024-01-14,0.01,1,289
2163,79253,Manhattan,Midtown,40.807919,-73.954273,Private room,205.21,30,12,2024-07-18,2.79,1,191
2164,63931,Queens,Long Island City,40.611152,-73.77541,Private room,146.84,3,32,2023-10-30,0.47,3,319
2165,82697,Brooklyn,Park Slope,40.668142,-73.87742,Private room,55.62,7,6,2024-08-26,0.11,1,132
2166,31589,Staten Island,St. George,40.631052,-74.097456,Entire home/apt,97.14,30,14,2024-05-19,2.13,1,136
2167,97886,Brooklyn,Bed-Stuy,40.611126,-73.991247,Private room,85.95,2,17,2024-03-05,0.6,5,245
2168,28118,Manhattan,Midtown,40.805382,-73.983033,Entire home/apt,342.56,7,8,2024-07-02,1.26,1,37
2169,67883,Brooklyn,Bed-Stuy,40.586914,-73.912244,Entire home/apt,209.3,3,3,2024-02-07,2.79,1,237
2170,10117,Manhattan,Tribeca,40.772156,-73.935404,Entire home/apt,250.12,1,24,2023-09-04,2.24,5,82
2171,83228,Brooklyn,Bed-Stuy,40.695971,-73.934584,Entire home/apt,160.96,3,36,2024-08-16,0.62,1,168
2172,37334,Manhattan,Chelsea,40.775715,-73.939383,Shared room,51.82,2,10,2024-04-25,3.05,1,315
2173,94748,Manhattan,Lower East Side,40.790271,-73.97937,Entire home/apt,427.56,3,8,2024-08-29,0.74,1,262
2174,25000,Queens,Jamaica,40.664673,-73.800778,Private room,86.52,2,20,2024-07-04,1.04,2,189
2175,88706,Manhattan,Lower East Side,40.763547,-73.950622,Entire home/apt,415.74,3,4,2024-08-06,1.42,1,116
2176,10996,Queens,Astoria,40.583533,-73.806061,Entire home/apt,127.19,30,4,2024-03-09,0.11,1,25
2177,42173,Manhattan,Tribeca,40.795303,-73.964358,Hotel room,166.09,7,5,2024-07-12,1.36,1,77
2178,92087,Brooklyn,Bed-Stuy,40.635163,-73.904584,Private room,62.37,14,40,2024-07-04,1.29,1,294
2179,73258,Brooklyn,Crown Heights,40.625038,-73.945543,Entire home/apt,221.64,3,18,2024-07-22,3.1,1,157
2180,28499,Brooklyn,Williamsburg,40.71731,-73.916425,Entire home/apt,126.67,3,5,2024-07-13,0.65,1,73
2181,59679,Manhattan,Hell Kitchen,40.769599,-73.94725,Entire home/apt,603.31,5,6,2024-07-18,0.42,10,1
2182,54841,Manhattan,Tribeca,40.784834,-73.95634,Entire home/apt,170.7,3,30,2024-01-30,0.97,1,293
2183,87285,Manhattan,Tribeca,40.813682,-73.94885,Private room,160.66,7,3,2023-02-18,1.74,1,324
2184,38248,Manhattan,Tribeca,40.805503,-73.967346,Private room,269.5,2,12,2024-05-03,1.24,1,283
2185,16142,Brooklyn,Crown Heights,40.725836,-73.931384,Entire home/apt,243.99,1,17,2024-03-20,0.22,1,270
2186,37882,Bronx,Riverdale,40.784334,-73.849663,Shared room,32.83,1,15,2023-10-31,0.64,1,28
2187,1853,Queens,Long Island City,40.748709,-73.748202,Private room,48.88,1,16,2024-05-08,0.1,1,43
2188,7830,Queens,Forest Hills,40.71796,-73.855816,Entire home/apt,82.86,30,14,2024-06-29,2.02,2,235
2189,71632,Queens,Long Island City,40.78072,-73.899962,Entire home/apt,195.94,1,17,2023-03-09,3.22,1,350
2190,77273,Brooklyn,Park Slope,40.765729,-73.958085,Private room,175.35,14,23,2023-07-04,0.07,1,94
2191,42152,Manhattan,Upper East Side,40.788011,-73.960029,Private room,120.82,2,4,2024-07-19,1.12,1,34
2192,14190,Bronx,South Bronx,40.874334,-73.935249,Entire home/apt,68.98,14,12,2024-01-27,1.25,1,72
2193,59630,Brooklyn,Crown Heights,40.727645,-73.926011,Entire home/apt,71.82,2,18,2024-02-27,0.87,1,180
2194,10544,Brooklyn,Williamsburg,40.640084,-73.98918,Entire home/apt,129.7,1,20,2024-02-26,1.05,1,180
2195,60764,Manhattan,Lower East Side,40.776419,-73.997175,Private room,137.6,30,9,2023-10-18,1.86,1,6
2196,4295,Brooklyn,Crown Heights,40.781536,-73.855031,Private room,182.0,3,28,2024-02-13,0.99,2,268
2197,37409,Brooklyn,Crown Heights,40.705302,-73.957604,Entire home/apt,251.33,3,25,2024-04-23,3.78,1,83
2198,63827,Queens,Forest Hills,40.712431,-73.734255,Private room,81.35,14,28,2023-10-01,1.17,3,242
2199,33497,Brooklyn,Williamsburg,40.78367,-73.978424,Shared room,46.01,5,38,2024-07-08,0.11,1,188
2200,50503,Manhattan,Harlem,40.760748,-73.940247,Shared room,64.15,2,14,2024-02-10,4.6,1,221
2201,95113,Staten Island,Stapleton,40.490143,-74.190541,Entire home/apt,174.06,5,27,2024-01-28,0.24,1,40
2202,50327,Manhattan,Tribeca,40.778163,-74.002409,Entire home/apt,312.08,7,17,2023-08-31,2.3,1,218
2203,96071,Brooklyn,Williamsburg,40.744929,-73.892786,Entire home/apt,82.8,2,0,,0.0,1,221
2204,33933,Manhattan,Midtown,40.771604,-73.945608,Entire home/apt,219.98,1,35,2021-07-11,2.03,1,168
2205,25999,Brooklyn,Williamsburg,40.765158,-73.95099,Shared room,38.31,1,10,2024-04-08,1.08,20,151
2206,59194,Bronx,Mott Haven,40.822267,-73.75182,Entire home/apt,87.44,5,35,2024-05-05,0.09,1,285
2207,40520,Manhattan,Harlem,40.797523,-73.966074,Entire home/apt,360.73,2,4,2024-03-20,0.7,3,279
2208,60804,Queens,Jamaica,40.837284,-73.770746,Entire home/apt,137.94,3,7,2024-02-21,1.45,3,275
2209,33212,Manhattan,Tribeca,40.772988,-73.969597,Entire home/apt,279.28,2,14,2024-01-21,1.49,1,255
2210,73356,Bronx,Mott Haven,40.896733,-73.964409,Private room,92.0,5,17,2024-07-04,5.42,1,135
2211,59098,Queens,Long Island City,40.705158,-73.684255,Entire home/apt,108.99,5,4,2024-05-04,1.4,1,208
2212,57399,Queens,Forest Hills,40.687251,-73.671211,Entire home/apt,303.53,14,21,2024-06-10,0.51,1,94
2213,77236,Manhattan,Midtown,40.811395,-73.972511,Entire home/apt,220.18,14,18,2024-08-25,0.07,1,195
2214,94734,Bronx,Riverdale,40.816373,-73.879168,Entire home/apt,112.75,30,14,2024-03-16,2.33,1,353
2215,31206,Brooklyn,Park Slope,40.838077,-73.831735,Entire home/apt,171.57,1,37,2023-08-24,3.3,1,32
2216,53987,Manhattan,Chelsea,40.785608,-73.983363,Private room,151.29,1,4,2023-06-02,1.43,3,220
2217,64844,Queens,Jamaica,40.737563,-73.775394,Private room,86.01,7,41,2024-04-23,0.99,1,115
2218,21625,Manhattan,Harlem,40.758233,-73.969599,Private room,171.29,30,8,2023-12-15,2.96,1,59
2219,94065,Queens,Astoria,40.833992,-73.938849,Shared room,29.97,30,13,2024-01-21,0.41,1,82
2220,79007,Manhattan,Chelsea,40.799632,-73.943704,Shared room,51.69,5,12,2024-07-17,0.76,1,333
2221,15102,Brooklyn,Bed-Stuy,40.644567,-73.842549,Shared room,146.97,30,13,2024-08-21,1.06,3,344
2222,54846,Brooklyn,Bed-Stuy,40.63678,-73.917735,Entire home/apt,158.21,7,14,2023-12-29,0.08,1,254
2223,86431,Manhattan,Tribeca,40.776965,-73.97734,Entire home/apt,380.94,7,14,2024-07-04,1.75,1,237
2224,68811,Manhattan,Hell Kitchen,40.770754,-73.957228,Entire home/apt,151.4,30,4,2024-04-11,0.31,1,98
2225,85908,Manhattan,Harlem,40.800076,-73.972488,Shared room,72.43,1,5,2024-04-21,0.61,50,177
2226,33361,Brooklyn,Park Slope,40.596602,-73.92001,Hotel room,136.86,3,13,2023-10-31,0.8,1,243
2227,47155,Manhattan,Upper East Side,40.79154,-73.975534,Private room,173.98,1,5,2024-02-28,1.53,1,118
2228,88251,Brooklyn,Crown Heights,40.790234,-74.038036,Entire home/apt,64.62,2,14,2023-09-29,0.1,1,102
2229,11117,Manhattan,Midtown,40.738754,-73.985817,Shared room,86.57,3,9,2023-12-25,0.63,1,224
2230,26207,Manhattan,Harlem,40.797308,-73.992317,Entire home/apt,181.83,14,6,2020-05-22,0.48,1,271
2231,56177,Brooklyn,Crown Heights,40.619342,-73.887139,Entire home/apt,218.6,5,5,2023-09-09,0.0,1,236
2232,22669,Manhattan,Hell Kitchen,40.792351,-73.963659,Entire home/apt,190.27,3,24,2024-07-21,1.76,1,34
2233,16451,Bronx,Fordham,40.883871,-73.88606,Entire home/apt,77.27,5,12,2023-01-25,0.4,1,203
2234,4499,Queens,Long Island City,40.697881,-73.730118,Private room,64.54,5,28,2024-06-19,0.27,3,355
2235,53990,Brooklyn,Bushwick,40.597507,-74.072763,Entire home/apt,126.04,7,10,2024-03-17,2.4,3,301
2236,13483,Brooklyn,Park Slope,40.652203,-73.888348,Entire home/apt,158.74,2,1,2023-04-10,0.06,1,70
2237,10829,Queens,Flushing,40.748645,-73.726317,Private room,44.67,1,4,2024-07-20,3.46,1,131
2238,39769,Manhattan,Hell Kitchen,40.742774,-73.96489,Private room,69.17,30,16,2023-09-17,1.74,1,75
2239,11490,Manhattan,Midtown,40.796177,-73.998216,Private room,216.37,7,18,2023-03-01,0.28,1,326
2240,62853,Manhattan,Upper East Side,40.800341,-73.97343,Entire home/apt,171.49,7,63,2023-09-21,0.65,1,173
2241,17928,Queens,Long Island City,40.973907,-73.969079,Private room,67.03,2,10,2023-10-30,4.49,1,334
2242,52851,Manhattan,Tribeca,40.810482,-73.979083,Shared room,109.47,1,0,,0.0,1,325
2243,27742,Brooklyn,Crown Heights,40.581171,-73.975817,Entire home/apt,150.13,7,4,2024-07-08,1.41,1,235
2244,28106,Staten Island,St. George,40.593374,-74.108701,Private room,35.66,3,13,2024-05-30,1.59,1,259
2245,50855,Queens,Long Island City,40.865957,-73.681149,Entire home/apt,157.64,1,32,2023-12-19,0.93,1,355
2246,59364,Brooklyn,Crown Heights,40.620277,-73.87639,Entire home/apt,300.27,2,5,2024-08-10,0.27,1,326
2247,87603,Manhattan,Chelsea,40.790926,-73.984292,Private room,90.21,3,13,2023-08-04,0.25,1,165
2248,11402,Queens,Forest Hills,40.711247,-73.851687,Private room,67.8,3,47,2024-07-21,1.74,1,35
2249,5669,Brooklyn,Greenpoint,40.680426,-73.987979,Entire home/apt,96.01,7,1,2024-04-05,3.23,1,361
2250,81528,Manhattan,Harlem,40.76254,-73.961618,Private room,123.04,2,7,2024-08-13,0.54,1,22
2251,13256,Manhattan,Upper East Side,40.795675,-73.974952,Private room,145.98,2,30,2024-07-27,1.05,1,219
2252,30985,Bronx,Fordham,40.913183,-73.877822,Shared room,21.74,7,9,2024-03-27,7.29,1,27
2253,65595,Brooklyn,Williamsburg,40.660034,-73.904571,Entire home/apt,159.92,14,5,2024-03-04,0.45,1,32
2254,87077,Queens,Jamaica,40.717606,-73.788116,Shared room,23.06,1,7,2024-07-07,0.74,5,213
2255,36429,Queens,Astoria,40.526565,-73.793563,Entire home/apt,148.51,5,52,2024-08-10,0.68,1,38
2256,77041,Brooklyn,Williamsburg,40.568568,-74.017457,Private room,146.44,7,4,2024-04-11,0.05,3,21
2257,38297,Brooklyn,Williamsburg,40.598081,-74.006755,Entire home/apt,123.8,3,16,2023-10-07,1.07,10,188
2258,16687,Brooklyn,Crown Heights,40.645269,-73.97339,Entire home/apt,149.67,5,22,2024-07-23,0.35,3,343
2259,95003,Manhattan,Harlem,40.796386,-73.966752,Private room,176.06,1,1,2024-02-03,0.21,10,186
2260,2926,Brooklyn,Greenpoint,40.564136,-73.939202,Entire home/apt,311.79,14,6,2024-06-06,1.86,1,207
2261,6033,Queens,Forest Hills,40.75366,-73.821185,Entire home/apt,79.24,30,18,2023-04-05,2.18,3,241
2262,46368,Brooklyn,Bed-Stuy,40.674547,-73.932781,Entire home/apt,179.47,1,14,2024-08-17,3.3,1,109
2263,34006,Queens,Astoria,40.789368,-73.92089,Private room,80.63,14,2,2024-08-25,4.08,1,60
2264,59089,Brooklyn,Greenpoint,40.663541,-73.8537,Entire home/apt,184.32,30,18,2024-08-09,3.05,50,140
2265,33725,Brooklyn,Bushwick,40.7632,-73.893144,Private room,35.65,30,19,2023-12-02,0.2,1,206
2266,85706,Brooklyn,Greenpoint,40.710409,-73.844922,Entire home/apt,234.61,30,19,2023-05-30,0.38,5,224
2267,6046,Brooklyn,Greenpoint,40.793271,-73.951945,Entire home/apt,352.56,30,10,2023-10-26,0.2,1,214
2268,57072,Brooklyn,Williamsburg,40.620034,-73.960418,Entire home/apt,201.17,1,13,2024-01-18,0.65,1,361
2269,13460,Manhattan,Hell Kitchen,40.845034,-74.002587,Entire home/apt,190.67,5,41,2024-08-22,0.2,2,305
2270,5901,Brooklyn,Bed-Stuy,40.649968,-74.028961,Entire home/apt,156.37,7,27,2024-07-20,1.59,1,196
2271,10362,Manhattan,Midtown,40.785595,-73.995254,Entire home/apt,584.6,14,13,2023-04-27,1.89,1,166
2272,15815,Manhattan,Harlem,40.780925,-74.010202,Shared room,116.56,2,5,2024-03-10,0.26,1,168
2273,7497,Brooklyn,Crown Heights,40.715257,-73.870859,Private room,124.01,7,30,2024-05-11,1.46,10,196
2274,90899,Brooklyn,Greenpoint,40.655163,-73.952308,Entire home/apt,221.42,7,26,2024-02-24,0.03,1,58
2275,21797,Bronx,Fordham,40.83663,-73.855754,Entire home/apt,83.52,5,30,2024-07-28,0.85,1,188
2276,7890,Brooklyn,Bed-Stuy,40.67591,-73.898113,Private room,88.6,3,12,2023-07-27,0.5,1,177
2277,82621,Brooklyn,Park Slope,40.752182,-73.993044,Entire home/apt,186.11,30,1,2024-02-22,9.75,1,235
2278,65290,Brooklyn,Williamsburg,40.65964,-73.890103,Entire home/apt,239.21,5,7,2024-05-10,3.84,10,182
2279,51742,Brooklyn,Bed-Stuy,40.5929,-74.062443,Private room,175.55,3,11,2024-05-14,0.24,1,271
2280,34486,Manhattan,Hell Kitchen,40.787626,-73.961273,Private room,225.24,5,13,2023-10-26,3.74,1,202
2281,85366,Manhattan,Hell Kitchen,40.768654,-73.982773,Private room,81.62,3,20,2024-06-27,0.81,5,154
2282,46411,Manhattan,Hell Kitchen,40.767896,-73.988539,Entire home/apt,315.0,2,28,2024-08-06,1.29,20,118
2283,78919,Brooklyn,Greenpoint,40.71981,-74.01503,Entire home/apt,257.8,14,22,2024-07-27,1.14,1,86
2284,60533,Manhattan,Upper East Side,40.77779,-73.989307,Private room,184.45,2,9,2024-08-17,1.94,1,12
2285,37317,Manhattan,Hell Kitchen,40.753994,-73.953796,Entire home/apt,223.92,1,20,2024-04-27,0.61,1,121
2286,57762,Manhattan,Hell Kitchen,40.772703,-73.967431,Entire home/apt,923.9,30,19,2024-02-11,0.11,1,324
2287,13827,Staten Island,Stapleton,40.504096,-74.179878,Private room,29.76,1,20,2023-05-01,0.81,5,54
2288,43682,Manhattan,Lower East Side,40.798222,-73.919455,Entire home/apt,186.73,3,26,2023-12-26,1.18,1,201
2289,76761,Brooklyn,Crown Heights,40.559627,-73.956266,Shared room,59.29,7,28,2024-03-28,1.21,1,206
2290,52810,Manhattan,Hell Kitchen,40.791346,-73.983522,Private room,335.81,30,12,2023-09-08,2.36,1,78
2291,27533,Brooklyn,Greenpoint,40.729171,-73.996204,Private room,68.71,1,9,2023-07-29,0.07,1,315
2292,49679,Manhattan,Chelsea,40.786177,-73.981641,Entire home/apt,258.95,5,14,2024-01-21,6.65,2,214
2293,66202,Manhattan,Midtown,40.807489,-73.984727,Entire home/apt,443.14,2,16,2024-08-22,6.99,1,313
2294,27081,Brooklyn,Bed-Stuy,40.657088,-73.887459,Entire home/apt,190.63,1,19,2024-07-01,0.16,1,319
2295,76912,Manhattan,Hell Kitchen,40.762539,-73.969825,Entire home/apt,251.92,1,1,2024-06-20,0.63,1,161
2296,64343,Manhattan,Lower East Side,40.746649,-73.992959,Hotel room,270.84,1,23,2021-09-27,1.34,3,131
2297,99579,Manhattan,Chelsea,40.790743,-73.991014,Entire home/apt,321.17,5,16,2024-05-12,0.7,1,76
2298,1742,Manhattan,Lower East Side,40.772209,-73.961338,Entire home/apt,434.91,5,7,2023-12-18,1.0,1,328
2299,23596,Manhattan,Lower East Side,40.771516,-73.954743,Entire home/apt,482.77,1,39,2023-11-04,0.59,1,68
2300,4232,Manhattan,Hell Kitchen,40.787413,-73.962486,Private room,162.81,7,13,2024-02-24,1.87,1,225
2301,42115,Queens,Forest Hills,40.827477,-73.769314,Entire home/apt,161.82,14,18,2024-08-29,0.68,1,179
2302,68764,Brooklyn,Bed-Stuy,40.770531,-73.889524,Entire home/apt,209.17,14,29,2024-08-29,0.84,1,263
2303,82704,Brooklyn,Bushwick,40.646793,-73.866611,Entire home/apt,233.49,14,24,2023-10-30,1.29,1,271
2304,31365,Manhattan,Midtown,40.788377,-73.979094,Shared room,82.81,30,12,2024-01-04,5.22,1,147
2305,30934,Bronx,South Bronx,40.858719,-73.809184,Entire home/apt,108.77,7,9,2024-04-16,1.54,1,327
2306,79874,Manhattan,Tribeca,40.792201,-73.934752,Shared room,130.73,30,12,2024-07-12,0.15,1,284
2307,8345,Manhattan,Hell Kitchen,40.804831,-73.960737,Private room,264.08,5,19,2024-08-16,0.58,1,274
2308,93137,Brooklyn,Crown Heights,40.616636,-73.954984,Entire home/apt,105.05,30,16,2024-07-31,0.82,1,216
2309,23154,Manhattan,Lower East Side,40.784533,-73.957267,Private room,144.58,5,5,2024-03-29,2.02,20,36
2310,73313,Manhattan,Tribeca,40.795847,-73.967809,Entire home/apt,218.65,30,15,2024-04-12,0.89,2,66
2311,54867,Brooklyn,Bed-Stuy,40.685421,-73.900973,Shared room,47.68,2,26,2023-04-10,1.61,1,126
2312,84999,Queens,Forest Hills,40.659513,-73.659259,Private room,84.58,7,19,2023-02-12,2.74,1,146
2313,57342,Brooklyn,Crown Heights,40.55537,-73.856875,Entire home/apt,250.95,14,8,2024-03-31,0.17,1,51
2314,23700,Brooklyn,Bushwick,40.675489,-73.884045,Entire home/apt,183.58,30,17,2023-10-06,2.18,1,62
2315,59897,Staten Island,Stapleton,40.597692,-74.136359,Entire home/apt,46.15,1,14,2023-11-05,2.05,1,353
2316,78851,Manhattan,Chelsea,40.794185,-73.955019,Hotel room,146.83,3,5,2023-12-25,2.57,1,54
2317,29464,Manhattan,Harlem,40.776523,-73.950504,Entire home/apt,412.22,30,50,2024-05-21,4.69,1,8
2318,54033,Manhattan,Tribeca,40.761411,-73.971307,Private room,48.12,2,8,2024-06-05,0.56,1,7
2319,78070,Brooklyn,Bed-Stuy,40.728358,-73.884499,Entire home/apt,308.73,14,12,2024-07-08,0.84,1,210
2320,31995,Brooklyn,Bushwick,40.705847,-73.967804,Shared room,66.52,2,5,2023-04-23,0.46,20,100
2321,67975,Bronx,South Bronx,40.889635,-73.898268,Entire home/apt,184.19,14,13,2023-10-14,0.59,2,46
2322,70078,Brooklyn,Williamsburg,40.783285,-73.94928,Private room,88.67,1,14,2024-07-28,0.6,5,279
2323,45487,Brooklyn,Park Slope,40.585822,-74.015881,Entire home/apt,84.18,30,7,2024-07-11,3.06,1,321
2324,6546,Manhattan,Midtown,40.783973,-73.968403,Private room,171.05,1,37,2024-03-29,0.1,1,28
2325,69433,Queens,Flushing,40.885773,-73.87798,Entire home/apt,239.77,5,9,2024-05-28,0.34,1,48
2326,96331,Bronx,South Bronx,40.846773,-73.917771,Entire home/apt,157.5,7,12,2024-07-20,1.41,1,111
2327,17470,Queens,Flushing,40.688788,-73.660182,Entire home/apt,110.47,30,15,2023-11-25,2.17,1,196
2328,69885,Manhattan,Harlem,40.760373,-73.959459,Private room,149.09,30,44,2024-09-01,1.79,1,320
2329,33659,Brooklyn,Park Slope,40.701774,-73.94565,Entire home/apt,155.15,5,7,2024-06-18,0.07,20,76
2330,36810,Manhattan,Midtown,40.793489,-73.9944,Private room,103.76,7,16,2023-05-13,0.91,1,102
2331,88024,Manhattan,Lower East Side,40.816226,-73.932703,Entire home/apt,422.05,30,8,2023-12-19,0.31,1,7
2332,5018,Manhattan,Chelsea,40.784042,-73.922738,Private room,89.19,7,28,2024-06-01,6.65,5,122
2333,94752,Brooklyn,Bushwick,40.654258,-73.920174,Shared room,37.77,30,12,2023-05-15,10.21,1,309
2334,38929,Brooklyn,Williamsburg,40.764113,-73.97174,Entire home/apt,123.46,3,24,2023-07-14,0.08,1,274
2335,25371,Manhattan,Chelsea,40.755469,-74.003434,Entire home/apt,158.68,2,12,2024-08-23,1.65,1,237
2336,15924,Manhattan,Hell Kitchen,40.824317,-73.98178,Entire home/apt,305.37,3,4,2024-08-08,2.52,10,9
2337,73158,Brooklyn,Bed-Stuy,40.667056,-74.010966,Entire home/apt,305.54,1,8,2024-06-05,0.59,1,176
2338,48085,Manhattan,Lower East Side,40.802067,-73.986831,Entire home/apt,267.47,3,21,2023-05-13,1.77,10,305
2339,64257,Manhattan,Lower East Side,40.773275,-73.96521,Private room,78.85,3,18,2023-10-03,0.31,1,353
2340,21695,Brooklyn,Bushwick,40.614357,-73.954915,Private room,134.33,2,4,2024-08-24,0.21,2,73
2341,30659,Queens,Long Island City,40.840377,-73.76064,Shared room,79.49,30,4,2024-04-25,3.89,1,17
2342,75208,Manhattan,Tribeca,40.785711,-73.966903,Entire home/apt,222.4,3,13,2024-01-16,1.54,3,9
2343,8356,Manhattan,Upper East Side,40.775317,-73.931277,Private room,118.91,2,20,2024-07-05,2.55,1,65
2344,14911,Manhattan,Tribeca,40.766857,-73.966981,Entire home/apt,353.97,2,22,2024-01-15,1.14,2,8
2345,26713,Bronx,Fordham,40.850551,-73.814362,Entire home/apt,208.15,2,15,2024-06-10,0.25,1,126
2346,21413,Brooklyn,Park Slope,40.74439,-73.946121,Entire home/apt,155.95,2,6,2024-07-06,0.71,1,239
2347,13610,Brooklyn,Crown Heights,40.69564,-73.924488,Entire home/apt,112.68,3,44,2024-06-04,3.2,2,37
2348,48036,Manhattan,Lower East Side,40.737657,-74.00298,Entire home/apt,370.75,5,18,2023-03-09,0.02,1,134
2349,81429,Brooklyn,Crown Heights,40.641896,-73.977896,Private room,132.15,5,5,2023-07-05,0.35,1,258
2350,49560,Manhattan,Lower East Side,40.759114,-73.956208,Shared room,81.2,14,5,2023-06-18,0.44,1,153
2351,51221,Brooklyn,Greenpoint,40.678327,-73.957082,Entire home/apt,153.58,1,2,2023-06-11,0.46,1,115
2352,9830,Bronx,South Bronx,40.781992,-73.867027,Entire home/apt,161.95,2,10,2024-07-28,0.16,1,39
2353,62940,Brooklyn,Bushwick,40.520599,-73.953977,Entire home/apt,237.15,5,24,2023-07-22,2.83,1,88
2354,49440,Queens,Flushing,40.733255,-73.775547,Private room,52.95,1,6,2024-07-21,0.26,1,356
2355,96303,Brooklyn,Bed-Stuy,40.584354,-73.930711,Entire home/apt,195.81,30,23,2023-10-10,2.66,1,98
2356,47571,Manhattan,Hell Kitchen,40.762271,-73.987449,Private room,83.86,3,15,2024-04-14,0.66,1,173
2357,67445,Bronx,Mott Haven,40.880697,-73.764094,Hotel room,107.36,14,29,2024-07-14,0.92,1,282
2358,97129,Manhattan,Hell Kitchen,40.784127,-73.987542,Shared room,72.93,30,25,2024-06-02,0.93,1,226
2359,48237,Brooklyn,Bed-Stuy,40.68952,-73.887858,Entire home/apt,161.29,1,8,2024-05-22,1.87,1,117
2360,62003,Manhattan,Upper East Side,40.79552,-73.916338,Private room,142.12,5,30,2024-01-08,1.97,1,70
2361,48164,Manhattan,Chelsea,40.768793,-73.966155,Private room,146.34,14,27,2024-03-18,1.54,1,165
2362,37185,Brooklyn,Park Slope,40.771135,-73.85503,Entire home/apt,274.64,1,2,2023-11-01,2.23,1,147
2363,9156,Manhattan,Upper East Side,40.744098,-73.971267,Private room,182.41,1,23,2024-06-03,0.01,1,214
2364,40965,Brooklyn,Bed-Stuy,40.767271,-73.770761,Private room,90.18,14,11,2024-01-01,1.05,2,341
2365,19299,Brooklyn,Bushwick,40.720428,-73.966272,Entire home/apt,260.59,14,16,2023-11-23,1.11,1,148
2366,11483,Manhattan,Lower East Side,40.762916,-73.926825,Entire home/apt,338.07,1,12,2024-08-21,0.41,1,233
2367,47863,Manhattan,Upper East Side,40.797675,-73.988161,Entire home/apt,242.82,5,1,2024-06-09,1.22,1,68
2368,9823,Brooklyn,Bed-Stuy,40.666011,-73.925589,Private room,91.33,14,4,2023-08-08,0.94,1,167
2369,23367,Manhattan,Upper East Side,40.793976,-73.989192,Entire home/apt,271.42,2,5,2024-01-26,0.96,1,239
2370,10634,Brooklyn,Greenpoint,40.641349,-74.043376,Shared room,66.09,30,33,2024-05-27,0.19,1,234
2371,70607,Brooklyn,Williamsburg,40.740586,-73.964697,Private room,82.89,3,30,2024-07-27,0.86,1,53
2372,11263,Queens,Jamaica,40.765506,-73.681119,Private room,61.59,2,13,2024-08-14,2.18,1,32
2373,90118,Brooklyn,Park Slope,40.691392,-73.950978,Entire home/apt,422.0,7,12,2024-07-17,0.79,1,192
2374,34388,Brooklyn,Crown Heights,40.689835,-73.940408,Private room,139.8,2,8,2024-07-13,1.0,1,355
2375,95822,Brooklyn,Bushwick,40.75297,-73.92555,Entire home/apt,141.64,30,44,2024-06-10,5.14,1,335
2376,16757,Manhattan,Hell Kitchen,40.772212,-73.950243,Entire home/apt,361.89,14,10,2024-07-28,3.08,1,210
2377,31500,Manhattan,Upper East Side,40.80771,-73.997967,Private room,150.98,3,9,2024-08-04,3.96,1,68
2378,78904,Queens,Jamaica,40.850823,-73.765723,Entire home/apt,168.42,30,4,2023-10-03,0.12,5,150
2379,17192,Brooklyn,Greenpoint,40.695196,-73.883803,Private room,101.42,1,17,2024-07-12,1.45,1,53
2380,36471,Queens,Jamaica,40.682842,-73.718567,Entire home/apt,231.75,2,20,2024-04-06,0.38,1,258
2381,1874,Queens,Astoria,40.698058,-73.912896,Entire home/apt,165.35,30,46,2024-07-23,0.78,1,305
2382,71230,Queens,Forest Hills,40.648379,-73.749538,Entire home/apt,140.47,5,23,2024-05-03,1.71,1,273
2383,73842,Bronx,Mott Haven,40.797527,-73.784296,Hotel room,123.8,14,13,2024-07-05,1.3,5,258
2384,79915,Brooklyn,Greenpoint,40.749557,-73.864194,Private room,105.39,7,54,2024-08-16,1.06,1,361
2385,52567,Manhattan,Hell Kitchen,40.785596,-73.966043,Private room,151.17,1,6,2022-09-08,2.53,1,114
2386,75454,Brooklyn,Bushwick,40.606577,-73.884453,Entire home/apt,217.7,1,15,2024-05-14,1.72,10,258
2387,33094,Manhattan,Upper East Side,40.790697,-73.959854,Entire home/apt,277.42,1,12,2024-06-04,2.58,1,141
2388,24326,Brooklyn,Crown Heights,40.779499,-73.980558,Hotel room,144.53,2,7,2024-07-24,4.03,1,135
2389,93996,Brooklyn,Greenpoint,40.670632,-73.9246,Entire home/apt,151.84,5,2,2024-05-01,1.87,1,287
2390,89794,Brooklyn,Bushwick,40.622074,-73.955456,Entire home/apt,142.17,30,5,2024-03-04,0.75,1,349
2391,74948,Manhattan,Upper East Side,40.792959,-73.977708,Private room,96.58,14,30,2024-06-28,0.36,5,18
2392,2228,Manhattan,Tribeca,40.80928,-74.001418,Entire home/apt,165.04,14,9,2024-05-07,0.47,1,261
2393,84436,Brooklyn,Williamsburg,40.745566,-73.904529,Private room,67.52,3,20,2024-07-15,0.76,1,328
2394,99786,Manhattan,Harlem,40.771723,-73.989688,Private room,134.3,7,32,2024-04-19,2.02,1,47
2395,3620,Queens,Long Island City,40.561777,-73.858514,Entire home/apt,150.06,5,1,2023-11-28,0.06,1,221
2396,89881,Manhattan,Upper East Side,40.804044,-73.972322,Entire home/apt,258.38,2,10,2024-08-21,2.53,1,183
2397,46713,Manhattan,Lower East Side,40.80636,-73.983597,Entire home/apt,112.24,7,9,2024-04-23,2.13,1,325
2398,27108,Manhattan,Hell Kitchen,40.797242,-73.98555,Shared room,152.06,30,13,2024-06-02,1.04,1,316
2399,89343,Brooklyn,Bushwick,40.620265,-73.950628,Private room,148.26,5,16,2024-08-19,0.77,10,175
2400,14044,Brooklyn,Williamsburg,40.638302,-74.036769,Entire home/apt,229.48,3,20,2023-04-13,0.18,1,30
2401,96406,Manhattan,Upper East Side,40.779454,-73.969071,Entire home/apt,617.67,3,15,2024-07-09,0.51,1,169
2402,12974,Manhattan,Hell Kitchen,40.808467,-73.952464,Private room,97.4,1,14,2024-04-05,0.17,1,212
2403,27312,Brooklyn,Bushwick,40.751397,-73.900979,Private room,204.26,1,10,2024-06-10,2.56,1,39
2404,18018,Manhattan,Tribeca,40.789752,-73.995779,Entire home/apt,195.76,3,2,2024-07-07,1.07,1,334
2405,33545,Brooklyn,Bed-Stuy,40.687192,-73.908392,Entire home/apt,211.24,1,13,2024-04-20,0.43,1,234
2406,44487,Brooklyn,Bushwick,40.765646,-73.903023,Entire home/apt,115.35,1,3,2024-02-04,0.03,1,276
2407,35070,Manhattan,Harlem,40.807908,-73.99184,Private room,144.85,3,12,2023-11-29,1.11,1,298
2408,23006,Manhattan,Hell Kitchen,40.776572,-73.962613,Hotel room,252.08,7,22,2024-03-05,2.09,2,313
2409,19067,Staten Island,Stapleton,40.637548,-74.156009,Entire home/apt,93.25,14,65,2024-04-20,2.18,1,165
2410,99860,Brooklyn,Bed-Stuy,40.673253,-73.902972,Private room,127.73,30,25,2023-12-06,0.36,1,127
2411,37982,Brooklyn,Crown Heights,40.610648,-73.847756,Entire home/apt,199.76,3,2,2024-04-23,7.97,1,124
2412,83211,Manhattan,Harlem,40.765517,-74.009572,Entire home/apt,233.69,30,17,2022-11-13,1.26,1,14
2413,48373,Brooklyn,Greenpoint,40.678804,-73.842292,Entire home/apt,153.05,1,5,2024-04-20,0.61,2,188
2414,51602,Manhattan,Midtown,40.794829,-73.956178,Private room,199.17,30,32,2024-06-25,0.75,1,36
2415,17083,Brooklyn,Bushwick,40.680683,-73.953343,Entire home/apt,147.82,7,6,2024-05-18,0.2,1,266
2416,93492,Bronx,Riverdale,40.767555,-73.977769,Private room,78.46,1,13,2024-05-03,1.02,10,93
2417,38308,Manhattan,Upper East Side,40.787025,-73.944949,Entire home/apt,469.68,2,10,2024-07-03,2.1,1,117
2418,69228,Manhattan,Upper East Side,40.789983,-73.958728,Entire home/apt,147.74,1,8,2024-08-01,0.79,1,98
2419,42571,Manhattan,Tribeca,40.814774,-73.964625,Entire home/apt,453.11,5,11,2024-05-23,3.02,3,162
2420,46882,Manhattan,Midtown,40.780647,-73.98757,Private room,328.32,5,27,2023-07-20,0.97,20,169
2421,76551,Manhattan,Midtown,40.823544,-73.960669,Entire home/apt,318.54,14,21,2024-07-10,3.46,1,41
2422,38852,Manhattan,Harlem,40.764228,-73.994623,Private room,182.99,14,12,2024-06-13,1.82,3,51
2423,89323,Queens,Flushing,40.828445,-73.877895,Entire home/apt,218.03,14,15,2023-12-21,0.08,1,100
2424,69816,Brooklyn,Greenpoint,40.78943,-74.109588,Entire home/apt,171.97,14,22,2024-08-17,0.1,1,27
2425,3516,Manhattan,Tribeca,40.811552,-73.961462,Entire home/apt,309.78,14,1,2023-10-24,2.41,1,232
2426,99641,Bronx,Riverdale,40.85073,-73.873573,Entire home/apt,64.32,1,17,2024-01-16,0.66,1,202
2427,96534,Manhattan,Chelsea,40.820915,-73.957059,Entire home/apt,304.42,1,4,2024-04-11,0.31,1,1
2428,79950,Bronx,Fordham,40.79964,-73.950745,Entire home/apt,132.79,2,23,2024-07-21,3.01,1,80
2429,58416,Manhattan,Hell Kitchen,40.786646,-73.971221,Private room,177.02,7,46,2024-08-15,6.14,3,190
2430,92637,Queens,Long Island City,40.606611,-73.799331,Private room,110.26,7,12,2024-07-16,2.48,1,112
2431,94929,Brooklyn,Williamsburg,40.643764,-73.943643,Entire home/apt,140.83,2,40,2023-12-18,1.94,1,321
2432,81315,Queens,Astoria,40.786274,-73.675491,Entire home/apt,116.37,3,16,2023-05-03,0.0,1,184
2433,97105,Staten Island,New Dorp,40.624944,-74.179058,Entire home/apt,211.74,1,16,2024-01-04,0.17,1,51
2434,27162,Manhattan,Hell Kitchen,40.790478,-73.969938,Entire home/apt,271.19,1,3,2024-04-20,1.67,1,244
2435,14399,Bronx,Riverdale,40.778194,-73.844888,Entire home/apt,117.86,5,9,2023-03-10,0.79,1,113
2436,96116,Manhattan,Chelsea,40.820233,-73.970551,Shared room,78.86,5,5,2023-10-20,0.03,1,308
2437,75914,Manhattan,Tribeca,40.751216,-73.970595,Entire home/apt,207.33,3,26,2024-02-23,2.03,3,224
2438,69866,Manhattan,Chelsea,40.758826,-73.953928,Entire home/apt,551.35,7,20,2024-08-26,0.81,2,28
2439,57381,Brooklyn,Williamsburg,40.709692,-73.954455,Entire home/apt,155.46,7,6,2024-07-02,1.61,1,67
2440,59398,Manhattan,Midtown,40.776477,-73.975445,Entire home/apt,183.47,30,12,2024-06-27,0.95,1,80
2441,68712,Brooklyn,Bed-Stuy,40.678696,-73.990534,Private room,80.16,14,9,2024-06-17,0.04,5,120
2442,25893,Brooklyn,Bed-Stuy,40.594935,-73.875878,Entire home/apt,86.21,14,3,2024-06-05,1.52,1,231
2443,80616,Queens,Flushing,40.697368,-73.781537,Entire home/apt,110.97,7,18,2023-04-16,2.33,2,120
2444,34952,Queens,Jamaica,40.751023,-73.769138,Private room,48.88,1,17,2024-01-02,0.25,1,268
2445,69265,Brooklyn,Bushwick,40.607771,-74.04475,Entire home/apt,245.79,5,19,2024-02-03,3.33,3,211
2446,64680,Manhattan,Chelsea,40.771326,-73.963286,Private room,110.0,14,30,2024-05-24,0.3,1,184
2447,16503,Manhattan,Lower East Side,40.768541,-73.978298,Private room,205.39,14,25,2024-06-19,0.82,1,227
2448,42380,Manhattan,Chelsea,40.825646,-74.008108,Entire home/apt,503.89,1,9,2024-08-10,1.12,1,260
2449,7707,Manhattan,Midtown,40.767999,-73.933268,Private room,196.82,3,30,2024-05-16,0.57,1,282
2450,73945,Manhattan,Midtown,40.782208,-73.98532,Entire home/apt,264.23,30,44,2024-07-22,1.04,1,266
2451,59722,Manhattan,Tribeca,40.806475,-73.970095,Private room,152.36,2,39,2024-06-04,1.9,1,34
2452,35945,Bronx,Mott Haven,40.827385,-73.855182,Entire home/apt,59.12,2,31,2024-08-02,1.88,1,363
2453,7571,Brooklyn,Park Slope,40.638713,-74.005249,Entire home/apt,182.0,7,5,2024-06-18,3.83,1,308
2454,12700,Manhattan,Upper East Side,40.780828,-73.99142,Private room,102.07,30,5,2024-08-25,2.97,1,286
2455,32825,Brooklyn,Bed-Stuy,40.678842,-73.922936,Private room,126.73,5,19,2024-08-31,6.31,1,362
2456,96148,Manhattan,Chelsea,40.800161,-73.948642,Hotel room,604.49,3,28,2023-08-31,1.36,2,226
2457,99635,Brooklyn,Park Slope,40.653856,-73.914235,Private room,117.25,1,18,2024-03-01,0.77,1,230
2458,61774,Brooklyn,Crown Heights,40.707751,-73.924531,Entire home/apt,86.58,3,30,2024-03-26,0.41,2,261
2459,91297,Brooklyn,Crown Heights,40.649432,-74.005884,Entire home/apt,166.17,3,13,2024-04-25,0.42,1,220
2460,42879,Brooklyn,Bushwick,40.70832,-74.046612,Entire home/apt,201.64,3,10,2024-01-12,0.25,5,346
2461,75005,Staten Island,New Dorp,40.566108,-74.252345,Entire home/apt,102.73,30,27,2024-01-06,1.95,1,150
2462,14828,Queens,Astoria,40.621288,-73.865071,Entire home/apt,107.5,5,13,2023-04-28,1.59,1,345
2463,94269,Brooklyn,Greenpoint,40.744003,-73.902914,Shared room,59.57,3,3,2024-07-13,0.52,2,26
2464,71275,Brooklyn,Crown Heights,40.644964,-73.900438,Entire home/apt,116.8,2,16,2023-11-30,3.34,1,121
2465,76885,Brooklyn,Greenpoint,40.731457,-73.95384,Entire home/apt,131.57,7,7,2022-05-04,1.21,1,133
2466,60360,Manhattan,Lower East Side,40.755412,-73.975358,Entire home/apt,372.89,14,5,2024-08-27,0.11,1,160
2467,33186,Manhattan,Hell Kitchen,40.781142,-73.995849,Private room,95.92,14,19,2024-06-09,0.1,2,333
2468,70179,Manhattan,Midtown,40.790441,-73.965604,Private room,178.59,3,24,2024-05-21,0.23,1,2
2469,61229,Brooklyn,Williamsburg,40.704903,-73.927465,Private room,55.51,1,21,2023-10-27,0.36,1,103
2470,50523,Brooklyn,Crown Heights,40.721991,-73.95496,Entire home/apt,388.94,2,11,2024-08-30,3.28,1,303
2471,31474,Manhattan,Chelsea,40.787136,-73.979155,Private room,105.65,30,22,2024-03-21,2.26,1,306
2472,26773,Bronx,Fordham,40.815575,-73.797888,Entire home/apt,99.49,3,21,2023-07-28,0.34,1,103
2473,68718,Bronx,Fordham,40.742612,-73.820962,Private room,62.09,5,24,2024-08-04,0.43,5,360
2474,13567,Brooklyn,Park Slope,40.640968,-73.989202,Entire home/apt,153.14,3,17,2024-08-10,1.52,1,269
2475,39023,Brooklyn,Crown Heights,40.693895,-74.033577,Entire home/apt,203.34,7,22,2020-07-03,3.08,1,176
2476,25843,Queens,Long Island City,40.662918,-73.862831,Entire home/apt,181.26,14,36,2023-10-23,0.57,1,55
2477,13681,Manhattan,Harlem,40.778672,-73.987283,Private room,211.46,2,15,2024-01-30,1.12,1,313
2478,5490,Queens,Flushing,40.856289,-73.651139,Entire home/apt,197.63,7,7,2024-06-02,3.32,1,137
2479,47995,Manhattan,Harlem,40.74266,-73.960314,Private room,134.44,7,7,2023-09-21,2.21,1,254
2480,4301,Queens,Flushing,40.796893,-73.751461,Entire home/apt,135.8,30,17,2023-05-30,3.33,1,165
2481,65555,Manhattan,Chelsea,40.769938,-73.976082,Entire home/apt,737.01,30,20,2024-01-08,0.49,1,155
2482,53758,Queens,Astoria,40.668338,-73.828521,Entire home/apt,210.56,5,8,2024-06-02,1.76,1,12
2483,1277,Bronx,Riverdale,40.784302,-73.870539,Entire home/apt,75.25,14,11,2024-03-28,0.18,1,236
2484,25236,Manhattan,Tribeca,40.753044,-73.975203,Entire home/apt,299.75,3,7,2024-08-14,1.44,2,254
2485,68605,Brooklyn,Greenpoint,40.603285,-73.931791,Entire home/apt,167.91,30,13,2024-08-02,0.54,1,196
2486,35600,Staten Island,New Dorp,40.545529,-74.138577,Private room,46.99,7,16,2023-12-01,1.81,1,174
2487,78858,Brooklyn,Bushwick,40.743095,-73.848833,Entire home/apt,117.41,2,24,2024-08-27,0.23,1,274
2488,50809,Queens,Long Island City,40.52596,-73.861636,Shared room,34.35,30,21,2024-08-23,1.64,1,225
2489,29662,Brooklyn,Bushwick,40.660015,-73.91658,Private room,198.14,30,11,2024-04-27,1.85,2,232
2490,56304,Manhattan,Midtown,40.750093,-73.990842,Private room,181.53,3,11,2024-07-30,2.92,1,106
2491,22896,Manhattan,Midtown,40.785707,-73.969502,Entire home/apt,106.32,7,40,2024-07-01,1.74,1,191
2492,10233,Manhattan,Upper East Side,40.790652,-73.962326,Entire home/apt,468.55,14,8,2024-06-02,1.11,2,350
2493,16603,Queens,Jamaica,40.755288,-73.779408,Entire home/apt,222.66,1,10,2024-04-22,2.3,1,306
2494,38567,Manhattan,Midtown,40.784215,-73.957905,Private room,124.72,30,24,2024-07-03,0.5,1,192
2495,4808,Brooklyn,Williamsburg,40.543841,-73.85154,Private room,127.9,14,30,2024-05-06,1.7,1,113
2496,80141,Brooklyn,Bed-Stuy,40.545931,-74.00895,Entire home/apt,136.15,30,15,2024-06-10,1.93,20,213
2497,20506,Brooklyn,Crown Heights,40.664594,-73.903843,Entire home/apt,159.08,14,10,2024-08-17,0.75,1,239
2498,21245,Queens,Astoria,40.488579,-73.79715,Private room,131.12,1,18,2023-09-04,6.76,1,92
2499,27464,Staten Island,Stapleton,40.61912,-74.110419,Entire home/apt,88.98,1,33,2024-07-04,0.66,1,104
2500,80543,Brooklyn,Bushwick,40.63636,-73.96225,Private room,45.44,30,8,2024-03-16,0.13,1,361
2501,77789,Queens,Long Island City,40.678908,-73.826314,Private room,70.2,30,28,2024-04-03,0.54,1,221
2502,83539,Queens,Jamaica,40.645654,-73.86604,Private room,69.77,30,24,2024-07-24,0.16,1,163
2503,8196,Brooklyn,Bushwick,40.704263,-73.936303,Entire home/apt,310.08,7,4,2024-08-27,0.62,1,179
2504,89758,Bronx,Riverdale,40.869379,-73.854099,Entire home/apt,109.43,5,2,2023-09-18,0.21,1,269
2505,44395,Manhattan,Lower East Side,40.797187,-73.953636,Private room,121.65,7,1,2024-05-01,0.87,1,272
2506,94347,Manhattan,Upper East Side,40.748266,-73.988286,Shared room,123.04,2,7,2024-05-28,2.26,1,27
2507,22449,Queens,Jamaica,40.70969,-73.796714,Entire home/apt,151.13,14,17,2023-12-17,0.1,1,116
2508,78855,Brooklyn,Bed-Stuy,40.637995,-73.889479,Entire home/apt,142.24,14,12,2024-08-26,1.24,1,138
2509,96955,Queens,Jamaica,40.886596,-73.780007,Private room,114.28,1,16,2023-12-16,0.07,1,327
2510,5881,Queens,Forest Hills,40.734947,-73.726943,Shared room,43.76,14,13,2024-05-30,3.24,1,46
2511,97194,Manhattan,Tribeca,40.745783,-73.970631,Private room,144.17,30,23,2024-04-10,3.81,1,245
2512,1709,Queens,Astoria,40.806523,-73.846352,Hotel room,115.97,30,34,2023-12-25,1.02,20,278
2513,94407,Brooklyn,Crown Heights,40.604606,-73.955348,Entire home/apt,125.11,7,37,2024-04-12,2.2,1,208
2514,97904,Brooklyn,Bushwick,40.674559,-73.998719,Entire home/apt,155.47,1,61,2024-08-21,1.35,1,4
2515,50433,Brooklyn,Greenpoint,40.80397,-73.972922,Private room,96.14,2,11,2024-01-11,0.62,1,94
2516,99156,Bronx,South Bronx,40.787117,-73.869481,Private room,50.32,5,30,2023-11-29,0.42,10,79
2517,73818,Manhattan,Chelsea,40.801257,-73.970852,Entire home/apt,479.11,5,5,2024-05-13,2.13,1,75
2518,64081,Brooklyn,Williamsburg,40.707336,-73.996491,Entire home/apt,209.44,5,7,2024-05-20,0.84,1,157
2519,97175,Brooklyn,Williamsburg,40.767461,-73.910497,Private room,135.14,1,4,2024-07-11,3.79,1,203
2520,3322,Brooklyn,Park Slope,40.741062,-73.92229,Entire home/apt,192.72,7,12,2024-02-29,5.58,1,66
2521,5933,Brooklyn,Bed-Stuy,40.727693,-73.996583,Entire home/apt,292.95,3,22,2023-08-14,0.35,1,336
2522,64259,Manhattan,Hell Kitchen,40.773272,-73.94427,Entire home/apt,337.64,2,26,2024-02-22,1.24,1,180
2523,64599,Manhattan,Hell Kitchen,40.814295,-73.994141,Private room,144.78,1,26,2023-12-11,1.15,1,323
2524,53435,Manhattan,Chelsea,40.788095,-73.979819,Private room,143.24,2,11,2023-10-10,3.04,1,69
2525,34997,Queens,Long Island City,40.672437,-73.772113,Entire home/apt,98.3,1,26,2024-07-17,1.76,2,49
2526,41928,Manhattan,Hell Kitchen,40.805919,-73.962167,Private room,176.37,5,1,2024-06-01,1.4,1,111
2527,88988,Manhattan,Hell Kitchen,40.77671,-73.960903,Private room,141.7,2,13,2024-05-21,1.7,1,270
2528,61379,Bronx,Fordham,40.826801,-73.844194,Private room,44.5,3,23,2024-04-07,0.74,1,212
2529,4300,Manhattan,Upper East Side,40.811029,-74.012743,Private room,224.17,5,3,2024-08-23,4.84,1,183
2530,62213,Staten Island,New Dorp,40.619363,-74.211762,Entire home/apt,60.16,5,14,2024-03-26,0.09,5,193
2531,65273,Brooklyn,Greenpoint,40.7519,-73.982422,Entire home/apt,162.15,30,6,2024-08-16,0.04,5,237
2532,56420,Queens,Long Island City,40.630786,-73.739278,Entire home/apt,217.22,3,14,2023-11-11,0.81,1,111
2533,20592,Manhattan,Hell Kitchen,40.790383,-73.991184,Entire home/apt,326.74,3,9,2023-01-17,0.25,1,194
2534,34030,Manhattan,Midtown,40.75804,-73.97495,Entire home/apt,282.54,5,3,2024-07-02,1.18,1,154
2535,50972,Brooklyn,Williamsburg,40.605955,-74.007888,Private room,106.14,3,28,2024-04-27,0.01,1,86
2536,95715,Queens,Long Island City,40.73745,-73.87217,Private room,77.36,14,29,2023-10-26,0.92,2,264
2537,84150,Brooklyn,Bushwick,40.703792,-73.854791,Private room,52.34,5,6,2024-06-25,0.52,1,35
2538,9154,Manhattan,Upper East Side,40.780129,-73.968597,Entire home/apt,250.45,7,14,2024-08-02,0.34,1,266
2539,37464,Queens,Flushing,40.889648,-73.889908,Entire home/apt,274.9,30,9,2024-01-04,0.88,1,294
2540,70252,Queens,Long Island City,40.823499,-73.709231,Entire home/apt,110.62,1,13,2024-01-30,2.89,1,268
2541,16914,Brooklyn,Crown Heights,40.729459,-73.866695,Entire home/apt,169.05,14,10,2024-04-03,1.6,1,302
2542,77901,Queens,Long Island City,40.750646,-73.841534,Entire home/apt,115.95,7,62,2023-03-31,0.26,1,76
2543,48556,Queens,Jamaica,40.815766,-73.704273,Private room,69.54,1,0,,0.0,1,116
2544,29885,Brooklyn,Park Slope,40.744519,-73.94153,Hotel room,114.04,1,10,2023-02-21,4.03,1,5
2545,8766,Manhattan,Hell Kitchen,40.768776,-73.967373,Entire home/apt,349.9,7,9,2023-09-12,0.87,1,298
2546,14964,Brooklyn,Greenpoint,40.734734,-73.882739,Entire home/apt,207.77,30,3,2024-07-01,0.95,1,24
2547,86934,Manhattan,Midtown,40.774506,-73.964893,Private room,196.22,30,27,2024-07-18,4.25,1,211
2548,62740,Brooklyn,Bed-Stuy,40.599673,-73.885103,Entire home/apt,126.11,1,15,2023-10-12,0.22,5,328
2549,22353,Brooklyn,Park Slope,40.631201,-73.897085,Private room,83.78,1,7,2024-02-25,1.99,1,24
2550,84201,Manhattan,Hell Kitchen,40.760114,-73.950572,Private room,131.57,14,8,2024-06-03,0.53,1,228
2551,23920,Manhattan,Hell Kitchen,40.789537,-73.986827,Shared room,97.19,14,15,2024-05-30,3.01,1,72
2552,33405,Manhattan,Harlem,40.796927,-73.983007,Entire home/apt,209.7,5,22,2023-09-22,0.08,1,296
2553,87419,Queens,Astoria,40.788164,-73.816829,Private room,103.85,1,20,2024-07-31,6.97,2,107
2554,22244,Bronx,Riverdale,40.758748,-73.913921,Entire home/apt,174.88,30,7,2023-04-02,2.2,1,338
2555,87203,Manhattan,Tribeca,40.774492,-73.943836,Private room,96.96,30,10,2024-03-05,0.5,1,162
2556,28274,Bronx,Riverdale,40.889857,-73.783607,Entire home/apt,89.4,3,12,2023-11-24,2.15,10,323
2557,49756,Brooklyn,Crown Heights,40.777418,-73.976285,Entire home/apt,155.2,30,25,2024-06-10,3.85,3,55
2558,30031,Manhattan,Midtown,40.77933,-73.979426,Entire home/apt,825.44,1,16,2024-03-26,0.18,1,305
2559,48380,Manhattan,Lower East Side,40.76967,-74.00803,Private room,121.25,30,3,2023-12-27,3.67,1,43
2560,83641,Brooklyn,Williamsburg,40.677315,-74.021334,Private room,187.8,2,46,2024-05-22,0.67,1,365
2561,61097,Queens,Long Island City,40.725466,-73.625638,Private room,43.38,5,21,2024-05-04,0.01,10,5
2562,41500,Brooklyn,Crown Heights,40.647639,-73.932514,Private room,64.62,5,6,2024-03-28,0.18,1,351
2563,64971,Manhattan,Upper East Side,40.801233,-73.965594,Entire home/apt,218.84,30,2,2024-08-21,3.24,1,200
2564,73412,Manhattan,Midtown,40.78895,-73.978448,Private room,102.67,1,38,2023-09-09,6.08,1,249
2565,72025,Brooklyn,Williamsburg,40.664287,-74.001801,Entire home/apt,172.49,2,17,2023-09-05,3.39,1,120
2566,25343,Manhattan,Hell Kitchen,40.800021,-74.00603,Shared room,61.0,14,7,2024-07-04,0.87,1,47
2567,12614,Manhattan,Tribeca,40.802522,-73.999274,Shared room,58.36,2,34,2023-08-17,4.88,1,345
2568,98433,Manhattan,Lower East Side,40.802352,-73.978276,Entire home/apt,457.76,5,6,2023-12-30,0.78,1,5
2569,18606,Queens,Flushing,40.629651,-73.748556,Private room,117.47,7,36,2024-05-06,0.18,1,36
2570,18315,Bronx,Riverdale,40.891238,-73.886704,Entire home/apt,159.05,30,14,2024-06-17,0.63,1,225
2571,20236,Brooklyn,Bed-Stuy,40.721437,-74.081305,Entire home/apt,236.77,2,3,2024-06-02,9.68,1,231
2572,6265,Bronx,South Bronx,40.77877,-73.80018,Private room,56.46,1,30,2024-04-17,1.48,1,148
2573,59522,Manhattan,Hell Kitchen,40.778627,-74.008444,Entire home/apt,236.07,30,7,2024-05-29,0.62,1,233
2574,46129,Brooklyn,Bed-Stuy,40.636268,-73.999604,Private room,65.57,14,36,2024-05-26,1.47,3,346
2575,19152,Manhattan,Harlem,40.779781,-73.978615,Entire home/apt,333.01,3,32,2024-07-23,0.84,1,125
2576,77111,Brooklyn,Bushwick,40.688936,-73.948368,Entire home/apt,120.07,7,33,2024-01-24,0.08,1,51
2577,76026,Staten Island,New Dorp,40.647487,-74.133218,Private room,33.33,1,8,2024-03-16,0.34,1,90
2578,27096,Brooklyn,Park Slope,40.70566,-73.874291,Private room,152.25,1,17,2022-04-19,0.03,1,66
2579,92964,Manhattan,Chelsea,40.775325,-73.996438,Shared room,173.25,14,9,2024-08-05,0.44,1,216
2580,95085,Brooklyn,Greenpoint,40.750618,-73.936049,Private room,112.36,7,26,2024-08-11,2.02,1,33
2581,41015,Manhattan,Tribeca,40.785887,-73.983867,Private room,224.17,30,18,2024-04-24,0.32,1,178
2582,76884,Queens,Jamaica,40.678852,-73.727162,Entire home/apt,130.51,14,6,2024-08-03,1.13,1,148
2583,27115,Brooklyn,Bushwick,40.737279,-73.897171,Entire home/apt,112.44,3,10,2024-03-16,1.81,1,127
2584,57443,Brooklyn,Greenpoint,40.725778,-73.910058,Entire home/apt,245.27,7,8,2024-07-24,1.19,1,3
2585,41947,Brooklyn,Bushwick,40.686091,-73.954723,Private room,120.55,5,11,2024-05-06,0.02,1,363
2586,70256,Brooklyn,Williamsburg,40.750819,-73.966623,Private room,98.79,1,22,2024-03-15,0.68,1,168
2587,99584,Manhattan,Tribeca,40.7905,-73.98728,Entire home/apt,261.39,5,30,2024-05-14,0.87,1,308
2588,98686,Brooklyn,Crown Heights,40.638642,-73.958369,Private room,141.07,5,13,2024-06-24,0.63,1,303
2589,82976,Manhattan,Tribeca,40.767021,-73.955243,Private room,97.08,5,14,2023-12-02,1.19,1,340
2590,23852,Brooklyn,Park Slope,40.597318,-73.938246,Entire home/apt,140.89,3,15,2023-09-20,1.08,1,294
2591,66049,Queens,Astoria,40.738801,-73.939764,Entire home/apt,96.21,14,35,2024-07-05,0.31,1,228
2592,17474,Queens,Flushing,40.692918,-73.774444,Private room,74.49,1,14,2023-11-04,2.09,3,48
2593,1003,Brooklyn,Bushwick,40.703924,-73.956458,Private room,62.13,5,32,2024-06-04,0.26,1,191
2594,75260,Brooklyn,Park Slope,40.718813,-73.950759,Shared room,41.07,5,16,2024-05-04,0.92,1,182
2595,99200,Manhattan,Upper East Side,40.783373,-73.966167,Entire home/apt,217.17,5,2,2024-07-16,2.12,1,106
2596,90546,Queens,Long Island City,40.80236,-73.848957,Hotel room,97.31,2,13,2024-03-09,1.79,1,195
2597,75142,Manhattan,Chelsea,40.773364,-73.984578,Entire home/apt,158.86,1,14,2024-08-13,0.85,1,305
2598,39096,Brooklyn,Crown Heights,40.658268,-73.858626,Entire home/apt,198.82,5,6,2024-03-24,2.33,1,183
2599,9454,Manhattan,Midtown,40.794555,-73.993822,Hotel room,355.74,3,9,2022-06-01,1.88,1,264
2600,75472,Manhattan,Tribeca,40.771091,-73.963745,Entire home/apt,304.04,30,16,2023-12-24,0.73,1,359
2601,23128,Brooklyn,Bed-Stuy,40.62381,-73.98772,Private room,177.84,2,17,2023-07-24,3.39,1,151
2602,40026,Manhattan,Hell Kitchen,40.809999,-73.983468,Entire home/apt,491.06,2,10,2024-05-12,0.23,1,119
2603,97652,Brooklyn,Crown Heights,40.73548,-73.868881,Private room,131.03,14,42,2024-08-05,0.67,1,28
2604,1310,Manhattan,Hell Kitchen,40.768431,-73.988999,Shared room,83.46,7,7,2024-07-02,1.8,1,6
2605,91718,Manhattan,Harlem,40.777577,-73.992973,Entire home/apt,290.6,3,14,2024-08-23,3.1,1,283
2606,23211,Brooklyn,Crown Heights,40.685462,-73.956539,Private room,130.3,7,8,2024-04-29,0.58,1,42
2607,27120,Manhattan,Lower East Side,40.790312,-73.943261,Entire home/apt,246.24,2,5,2024-02-26,1.24,1,168
2608,33876,Manhattan,Chelsea,40.79945,-73.961415,Private room,67.82,7,14,2024-05-25,0.02,1,318
2609,89535,Brooklyn,Williamsburg,40.560237,-73.917597,Entire home/apt,233.76,14,10,2024-04-05,0.7,1,28
2610,38993,Manhattan,Chelsea,40.817553,-74.03141,Entire home/apt,183.19,7,13,2024-06-24,0.6,1,172
2611,12715,Queens,Long Island City,40.783351,-73.807649,Entire home/apt,98.0,7,4,2024-08-16,2.77,1,272
2612,70692,Manhattan,Hell Kitchen,40.766104,-73.955177,Entire home/apt,288.03,5,28,2024-05-23,0.12,1,94
2613,93226,Manhattan,Harlem,40.817294,-73.955695,Shared room,77.98,2,4,2024-04-12,0.1,1,158
2614,62812,Brooklyn,Bushwick,40.655928,-74.000808,Entire home/apt,109.14,7,17,2022-09-03,0.88,3,342
2615,3294,Manhattan,Chelsea,40.785993,-73.953737,Entire home/apt,307.71,14,4,2024-06-17,0.78,1,357
2616,49565,Manhattan,Midtown,40.775359,-73.977008,Entire home/apt,423.87,3,37,2024-02-11,0.26,2,330
2617,28548,Manhattan,Upper East Side,40.83954,-73.949627,Entire home/apt,183.39,5,22,2023-10-26,0.46,1,301
2618,49404,Manhattan,Upper East Side,40.806103,-74.000406,Private room,239.56,2,1,2024-06-20,5.49,5,68
2619,56563,Queens,Forest Hills,40.671625,-73.788925,Hotel room,57.86,2,32,2023-05-12,1.08,1,159
2620,66873,Manhattan,Chelsea,40.763077,-73.939192,Entire home/apt,671.75,30,5,2024-06-19,0.14,1,68
2621,62206,Queens,Long Island City,40.841025,-73.837584,Private room,61.08,1,40,2022-12-11,0.08,3,213
2622,17996,Queens,Jamaica,40.870913,-73.79524,Private room,76.32,2,12,2024-09-01,0.06,2,50
2623,8795,Brooklyn,Williamsburg,40.833563,-73.935519,Entire home/apt,90.08,7,38,2024-03-04,0.74,1,334
2624,85731,Bronx,Fordham,40.87361,-73.794805,Private room,53.06,1,40,2023-11-26,3.01,2,253
2625,64902,Manhattan,Midtown,40.808653,-73.960985,Entire home/apt,315.56,2,6,2024-07-04,2.68,1,330
2626,7923,Bronx,Fordham,40.837743,-73.839093,Private room,52.56,5,21,2024-08-10,0.69,1,31
2627,36503,Manhattan,Upper East Side,40.766776,-73.968157,Shared room,64.66,2,12,2024-08-28,2.23,1,219
2628,11773,Brooklyn,Crown Heights,40.611642,-74.051053,Entire home/apt,131.48,14,1,2024-08-19,2.09,1,283
2629,86939,Brooklyn,Park Slope,40.681226,-73.868463,Shared room,84.88,14,39,2024-04-14,0.99,1,144
2630,26092,Manhattan,Lower East Side,40.801616,-73.972838,Private room,145.79,30,8,2023-10-09,0.78,1,161
2631,98015,Brooklyn,Park Slope,40.783019,-73.978344,Entire home/apt,355.6,5,8,2024-08-21,0.3,1,314
2632,19515,Brooklyn,Williamsburg,40.56313,-74.075126,Private room,77.77,2,20,2024-08-11,0.49,1,187
2633,49073,Manhattan,Chelsea,40.759476,-73.954868,Entire home/apt,242.03,30,14,2024-09-01,0.62,3,215
2634,98342,Manhattan,Tribeca,40.770404,-73.961981,Hotel room,299.32,2,27,2024-07-04,2.51,1,193
2635,30899,Brooklyn,Park Slope,40.776977,-74.010206,Private room,50.16,7,10,2023-06-02,1.21,1,90
2636,45293,Brooklyn,Greenpoint,40.70691,-73.911862,Entire home/apt,118.17,2,0,,0.0,1,264
2637,56766,Bronx,Mott Haven,40.801763,-73.797089,Entire home/apt,168.76,7,40,2024-07-05,0.15,1,51
2638,58407,Queens,Long Island City,40.705183,-73.8256,Private room,45.06,30,5,2024-05-20,1.03,1,338
2639,54049,Bronx,Fordham,40.950381,-73.838662,Entire home/apt,52.56,1,59,2024-07-28,1.65,5,163
2640,3301,Brooklyn,Crown Heights,40.733717,-73.862906,Entire home/apt,405.41,30,25,2024-08-10,2.56,1,56
2641,72064,Manhattan,Midtown,40.770091,-73.946204,Entire home/apt,164.92,2,0,,0.0,3,10
2642,57372,Manhattan,Upper East Side,40.773062,-73.982092,Entire home/apt,310.01,14,21,2024-07-27,2.61,1,31
2643,17767,Queens,Long Island City,40.70644,-73.844665,Entire home/apt,148.03,7,54,2024-07-21,0.89,1,218
2644,31817,Brooklyn,Crown Heights,40.727529,-73.928167,Entire home/apt,62.38,5,8,2024-08-07,3.01,1,179
2645,42084,Manhattan,Harlem,40.773276,-73.95771,Entire home/apt,258.79,1,43,2023-11-24,0.88,1,124
2646,64591,Manhattan,Chelsea,40.777596,-73.977761,Private room,172.29,1,8,2024-05-08,0.28,1,294
2647,85499,Bronx,Mott Haven,40.847234,-73.841627,Entire home/apt,125.37,5,8,2024-04-15,0.76,1,346
2648,86992,Brooklyn,Bed-Stuy,40.701591,-73.965995,Entire home/apt,275.59,1,9,2024-06-09,0.62,1,63
2649,7786,Brooklyn,Bushwick,40.729027,-73.957544,Entire home/apt,164.43,5,11,2024-07-21,0.75,1,282
2650,79271,Brooklyn,Crown Heights,40.638901,-74.032281,Private room,127.66,3,3,2024-08-15,1.61,1,95
2651,10094,Manhattan,Hell Kitchen,40.802764,-73.970952,Entire home/apt,218.6,30,20,2024-08-18,1.6,1,108
2652,87274,Manhattan,Midtown,40.787317,-73.950284,Entire home/apt,163.82,7,10,2024-07-27,0.38,1,363
2653,56210,Manhattan,Chelsea,40.773552,-73.998688,Entire home/apt,171.38,2,32,2023-09-26,0.57,1,341
2654,19667,Manhattan,Hell Kitchen,40.784496,-73.965041,Private room,80.24,1,22,2024-07-20,1.36,1,122
2655,61803,Queens,Forest Hills,40.707172,-73.677001,Private room,107.82,30,30,2024-06-15,0.13,1,250
2656,62601,Brooklyn,Bushwick,40.52903,-73.876997,Private room,52.38,3,33,2024-04-01,1.75,5,233
2657,82733,Queens,Astoria,40.791492,-73.758358,Private room,80.34,5,8,2024-04-26,0.3,2,223
2658,71399,Queens,Long Island City,40.461328,-73.692189,Private room,64.73,2,23,2024-02-17,2.85,1,122
2659,50577,Manhattan,Hell Kitchen,40.762571,-73.981354,Entire home/apt,276.41,5,4,2024-07-25,0.77,1,175
2660,10667,Brooklyn,Bed-Stuy,40.667964,-73.919755,Private room,165.64,5,9,2024-04-21,0.37,1,354
2661,9331,Brooklyn,Greenpoint,40.716566,-73.89063,Entire home/apt,161.12,30,3,2023-12-14,1.65,2,192
2662,56858,Queens,Long Island City,40.793468,-73.774666,Private room,91.96,5,6,2024-06-05,1.21,1,116
2663,97340,Manhattan,Chelsea,40.791418,-73.993015,Private room,146.18,1,43,2022-11-29,0.28,1,289
2664,11350,Brooklyn,Bushwick,40.633138,-73.890472,Entire home/apt,180.67,3,19,2024-03-30,2.63,1,256
2665,20425,Brooklyn,Bed-Stuy,40.728433,-73.900772,Entire home/apt,481.78,1,55,2024-02-12,0.91,1,41
2666,55406,Manhattan,Tribeca,40.772812,-73.95299,Entire home/apt,161.81,2,34,2024-05-14,0.25,1,315
2667,66650,Manhattan,Harlem,40.759875,-73.949653,Private room,241.16,3,18,2023-09-16,2.39,1,348
2668,31909,Brooklyn,Crown Heights,40.662548,-73.84315,Private room,124.82,2,42,2024-05-16,0.21,1,145
2669,99343,Brooklyn,Crown Heights,40.586913,-73.838396,Private room,79.24,1,26,2023-04-07,5.16,2,197
2670,86425,Manhattan,Harlem,40.775871,-73.97879,Entire home/apt,552.63,14,13,2024-06-27,0.87,1,133
2671,95119,Brooklyn,Crown Heights,40.68989,-73.986025,Private room,45.84,7,29,2023-09-06,1.95,1,218
2672,32700,Manhattan,Lower East Side,40.781653,-73.985953,Private room,116.88,7,29,2024-03-02,0.9,1,166
2673,83456,Brooklyn,Bushwick,40.636136,-73.914987,Shared room,33.3,30,17,2023-11-18,0.31,2,310
2674,63072,Manhattan,Hell Kitchen,40.765069,-73.986564,Private room,169.8,30,5,2024-08-26,2.13,1,146
2675,31469,Queens,Flushing,40.618377,-73.835214,Entire home/apt,92.26,3,14,2024-07-05,0.51,1,165
2676,11970,Manhattan,Lower East Side,40.809332,-73.988119,Private room,171.24,7,31,2023-09-29,1.72,50,114
2677,72615,Manhattan,Tribeca,40.768467,-73.967322,Private room,133.65,5,29,2024-06-25,0.45,1,101
2678,8522,Manhattan,Lower East Side,40.775684,-73.926637,Shared room,66.87,7,27,2024-01-21,0.41,1,275
2679,87571,Manhattan,Upper East Side,40.779849,-73.964496,Entire home/apt,336.44,7,4,2022-04-12,0.92,2,120
2680,35816,Brooklyn,Bushwick,40.734826,-73.888725,Entire home/apt,172.44,5,30,2024-07-28,2.54,1,65
2681,55864,Manhattan,Chelsea,40.787766,-73.974423,Shared room,52.4,5,6,2024-05-27,1.43,1,326
2682,14188,Queens,Jamaica,40.890122,-73.802881,Private room,220.79,2,14,2024-07-31,0.1,1,132
2683,6547,Manhattan,Harlem,40.774266,-73.984117,Private room,118.5,1,6,2024-08-02,1.99,1,280
2684,22817,Manhattan,Midtown,40.748564,-73.954768,Entire home/apt,118.62,3,54,2024-03-05,1.3,2,233
2685,82503,Manhattan,Chelsea,40.736139,-73.971314,Entire home/apt,205.64,5,13,2024-07-25,1.47,1,52
2686,96121,Manhattan,Midtown,40.779003,-73.926401,Private room,86.74,3,30,2024-05-06,0.65,1,204
2687,8468,Manhattan,Hell Kitchen,40.746467,-73.989222,Private room,200.39,2,5,2022-10-16,1.22,1,68
2688,8609,Brooklyn,Bed-Stuy,40.670034,-73.956052,Entire home/apt,218.36,30,18,2024-06-21,0.7,1,66
2689,82576,Brooklyn,Greenpoint,40.645227,-73.949059,Entire home/apt,225.2,7,18,2023-08-26,0.13,1,309
2690,88202,Brooklyn,Park Slope,40.602626,-73.922768,Private room,82.79,1,5,2024-06-03,2.79,1,234
2691,72331,Brooklyn,Park Slope,40.538911,-73.945746,Entire home/apt,171.7,30,29,2024-07-09,1.7,1,18
2692,37393,Brooklyn,Greenpoint,40.642179,-73.883223,Shared room,46.55,30,13,2024-06-20,1.66,1,340
2693,82609,Manhattan,Lower East Side,40.818206,-73.977821,Entire home/apt,278.8,1,8,2024-08-08,0.32,1,66
2694,21481,Brooklyn,Greenpoint,40.761644,-73.963167,Private room,134.09,5,11,2024-02-10,1.63,20,136
2695,24313,Bronx,South Bronx,40.796494,-73.777505,Shared room,35.0,7,37,2024-04-26,0.4,1,259
2696,12426,Brooklyn,Crown Heights,40.709447,-73.943934,Private room,117.26,1,16,2024-03-14,1.74,1,182
2697,76029,Brooklyn,Greenpoint,40.719431,-73.927747,Entire home/apt,234.47,30,12,2024-06-29,0.61,1,250
2698,71454,Manhattan,Chelsea,40.781716,-73.997729,Private room,205.12,3,19,2024-02-24,0.26,1,22
2699,66348,Queens,Jamaica,40.706557,-73.74504,Entire home/apt,161.59,7,36,2024-07-31,3.55,2,330
2700,81535,Queens,Astoria,40.718378,-73.722714,Entire home/apt,166.23,30,26,2024-02-24,0.17,1,320
2701,7175,Brooklyn,Greenpoint,40.701219,-73.996888,Hotel room,231.68,14,39,2024-08-17,2.15,1,259
2702,91096,Staten Island,St. George,40.513541,-74.156487,Private room,38.01,30,40,2024-06-01,0.16,1,8
2703,63561,Manhattan,Harlem,40.772615,-73.964474,Private room,102.26,5,0,,0.0,2,41
2704,50380,Manhattan,Chelsea,40.768737,-73.983508,Entire home/apt,179.22,3,64,2024-03-16,0.18,1,70
2705,12632,Queens,Flushing,40.812446,-73.783044,Entire home/apt,154.93,1,12,2023-09-20,1.07,1,20
2706,1777,Queens,Flushing,40.671982,-73.793489,Entire home/apt,68.6,3,10,2023-11-05,0.31,3,111
2707,97726,Manhattan,Upper East Side,40.810678,-73.965324,Private room,173.24,7,32,2024-04-20,3.02,1,137
2708,34138,Manhattan,Harlem,40.794959,-73.986245,Private room,137.85,30,36,2023-08-12,0.77,1,9
2709,17485,Manhattan,Hell Kitchen,40.803628,-73.924838,Private room,226.71,3,42,2024-04-28,0.02,2,189
2710,53394,Manhattan,Tribeca,40.767271,-73.994838,Private room,110.06,30,4,2024-04-23,1.48,1,192
2711,56540,Queens,Long Island City,40.742243,-73.72486,Entire home/apt,132.75,5,33,2024-01-16,0.88,1,99
2712,5684,Brooklyn,Williamsburg,40.672717,-74.007392,Entire home/apt,300.78,1,15,2023-08-20,2.95,2,66
2713,20146,Manhattan,Lower East Side,40.780928,-73.959238,Entire home/apt,500.8,3,14,2024-03-19,0.85,1,354
2714,8138,Manhattan,Upper East Side,40.774959,-73.959055,Entire home/apt,219.4,3,11,2023-04-01,0.79,1,11
2715,85103,Manhattan,Tribeca,40.806394,-73.966395,Entire home/apt,309.72,2,53,2024-07-16,0.91,2,90
2716,75505,Manhattan,Harlem,40.782541,-73.954613,Shared room,91.12,7,13,2023-05-26,2.95,1,208
2717,50630,Brooklyn,Park Slope,40.626834,-74.001483,Entire home/apt,222.95,5,27,2024-07-18,1.33,1,42
2718,8626,Staten Island,New Dorp,40.566171,-74.169875,Shared room,25.12,1,35,2024-04-20,1.66,10,89
2719,92044,Queens,Flushing,40.663933,-73.648463,Entire home/apt,240.42,30,11,2023-11-20,1.91,1,179
2720,91116,Manhattan,Upper East Side,40.82654,-73.978274,Hotel room,101.43,3,7,2023-11-15,4.16,20,230
2721,41882,Queens,Astoria,40.735538,-73.809927,Private room,60.84,2,19,2024-07-05,2.73,1,1
2722,55958,Queens,Flushing,40.8168,-73.690448,Shared room,48.45,7,1,2022-07-27,3.93,1,331
2723,67310,Queens,Long Island City,40.586019,-73.756819,Entire home/apt,172.9,5,21,2024-08-17,0.63,1,166
2724,74222,Brooklyn,Greenpoint,40.599791,-73.838704,Private room,164.92,2,22,2024-08-26,0.36,3,53
2725,65511,Manhattan,Hell Kitchen,40.791905,-73.987667,Shared room,130.81,7,8,2023-10-06,0.34,1,167
2726,27022,Manhattan,Tribeca,40.778274,-73.97698,Entire home/apt,256.91,14,29,2023-10-30,2.93,1,222
2727,19787,Manhattan,Harlem,40.793602,-73.950362,Entire home/apt,484.4,30,12,2024-01-21,2.66,1,156
2728,40665,Manhattan,Tribeca,40.760136,-73.934425,Entire home/apt,216.45,1,9,2023-09-25,1.58,1,71
2729,4253,Manhattan,Hell Kitchen,40.815214,-73.988706,Shared room,117.54,5,8,2024-08-06,0.1,1,270
2730,28909,Brooklyn,Park Slope,40.682568,-73.841551,Private room,198.06,1,16,2024-08-14,0.57,1,25
2731,69564,Brooklyn,Williamsburg,40.752175,-73.964405,Private room,156.07,30,12,2022-12-14,1.99,5,99
2732,63528,Brooklyn,Crown Heights,40.72706,-73.764368,Entire home/apt,200.3,7,5,2024-03-09,0.43,1,168
2733,31721,Manhattan,Hell Kitchen,40.785203,-73.983853,Entire home/apt,252.21,3,20,2023-06-05,1.47,1,247
2734,67114,Bronx,South Bronx,40.853421,-73.852472,Private room,29.52,3,15,2023-07-03,1.17,1,67
2735,9294,Bronx,Riverdale,40.818573,-73.842719,Entire home/apt,123.19,14,63,2024-02-24,0.46,1,252
2736,66249,Queens,Astoria,40.627848,-73.848143,Private room,46.09,3,12,2024-03-07,4.08,1,113
2737,18677,Staten Island,St. George,40.617412,-74.220395,Shared room,20.32,1,1,2024-06-13,0.45,1,160
2738,64736,Brooklyn,Park Slope,40.73239,-74.064919,Entire home/apt,119.25,1,24,2024-08-03,3.38,1,139
2739,38208,Bronx,Mott Haven,40.758234,-73.889749,Private room,45.25,1,1,2024-02-06,1.17,1,202
2740,24524,Manhattan,Midtown,40.788837,-73.944695,Entire home/apt,284.8,3,24,2023-10-31,0.14,5,52
2741,19404,Manhattan,Harlem,40.784252,-73.976131,Private room,160.65,30,15,2024-04-13,2.69,3,236
2742,94311,Manhattan,Lower East Side,40.794692,-73.988618,Entire home/apt,226.5,7,19,2024-08-23,2.35,2,345
2743,52406,Manhattan,Harlem,40.785888,-73.995189,Private room,220.86,14,17,2024-08-04,2.67,1,177
2744,46608,Manhattan,Midtown,40.784752,-73.973797,Entire home/apt,264.99,3,9,2024-08-13,1.52,1,29
2745,80559,Brooklyn,Park Slope,40.629944,-73.934298,Entire home/apt,140.11,7,18,2024-02-21,1.87,1,227
2746,70881,Queens,Jamaica,40.740884,-73.700864,Private room,78.82,7,18,2024-04-05,3.56,1,247
2747,85277,Brooklyn,Williamsburg,40.581862,-73.948763,Entire home/apt,421.12,7,14,2024-05-11,0.2,1,257
2748,57961,Manhattan,Harlem,40.767895,-73.953805,Private room,164.66,5,3,2024-04-13,0.13,1,78
2749,68196,Queens,Jamaica,40.788513,-73.75427,Entire home/apt,124.55,1,6,2024-07-05,0.2,2,308
2750,53569,Brooklyn,Williamsburg,40.63597,-73.891072,Private room,52.11,7,26,2023-11-12,3.06,3,203
2751,47481,Manhattan,Lower East Side,40.752497,-74.005906,Entire home/apt,263.8,7,6,2024-06-22,1.24,1,209
2752,48633,Brooklyn,Greenpoint,40.601648,-73.946208,Private room,105.46,7,7,2024-02-28,0.29,3,327
2753,56442,Manhattan,Midtown,40.796603,-74.030721,Entire home/apt,246.64,14,15,2024-06-04,0.23,1,354
2754,13122,Manhattan,Upper East Side,40.809555,-73.968578,Entire home/apt,147.94,1,8,2024-08-19,0.88,1,183
2755,62332,Bronx,Riverdale,40.766411,-73.859753,Entire home/apt,77.42,5,15,2024-07-10,2.54,1,160
2756,5310,Manhattan,Lower East Side,40.804951,-73.959211,Private room,257.66,1,30,2023-01-07,2.45,1,158
2757,29605,Brooklyn,Park Slope,40.744144,-74.026175,Entire home/apt,340.73,3,7,2024-07-25,2.86,1,278
2758,27794,Queens,Long Island City,40.69508,-73.868875,Shared room,28.41,1,28,2024-08-13,2.2,1,100
2759,8006,Brooklyn,Greenpoint,40.781255,-73.905838,Shared room,70.67,1,11,2024-07-02,0.1,1,254
2760,20769,Manhattan,Chelsea,40.84004,-73.980552,Entire home/apt,179.74,14,52,2023-08-20,1.91,2,172
2761,4106,Manhattan,Lower East Side,40.768607,-73.974057,Private room,252.53,2,8,2024-06-28,1.1,1,108
2762,78038,Manhattan,Tribeca,40.810667,-73.978522,Entire home/apt,317.68,14,40,2024-05-27,1.94,2,290
2763,59142,Brooklyn,Bed-Stuy,40.685666,-73.938399,Entire home/apt,280.72,2,13,2024-06-27,0.99,1,359
2764,19252,Brooklyn,Bed-Stuy,40.68057,-73.983344,Private room,48.34,5,2,2022-06-13,0.99,3,229
2765,21713,Manhattan,Chelsea,40.780354,-73.974802,Private room,188.83,1,20,2020-03-29,0.2,2,192
2766,24762,Bronx,Fordham,40.844422,-73.817624,Private room,54.23,2,40,2024-05-06,3.53,1,9
2767,9329,Brooklyn,Williamsburg,40.783838,-73.994626,Entire home/apt,269.96,1,9,2023-11-30,0.7,1,221
2768,67095,Manhattan,Upper East Side,40.77526,-73.9877,Entire home/apt,415.26,7,13,2024-07-19,1.31,1,121
2769,85804,Brooklyn,Crown Heights,40.689426,-73.976501,Entire home/apt,197.12,2,9,2024-06-09,0.35,1,121
2770,23782,Brooklyn,Bushwick,40.692588,-73.877982,Private room,75.49,2,25,2024-02-10,0.69,1,283
2771,43815,Manhattan,Lower East Side,40.732583,-73.961364,Entire home/apt,393.4,2,21,2024-07-03,3.07,1,79
2772,39254,Manhattan,Upper East Side,40.773896,-73.961992,Private room,140.58,1,14,2024-07-18,0.35,1,3
2773,31375,Queens,Flushing,40.656482,-73.699199,Entire home/apt,101.57,7,3,2023-05-31,0.35,1,116
2774,84019,Brooklyn,Williamsburg,40.732997,-73.910099,Entire home/apt,132.88,30,40,2024-07-13,0.45,1,364
2775,50900,Brooklyn,Park Slope,40.725794,-73.988937,Entire home/apt,106.34,1,25,2024-08-22,1.28,1,184
2776,64272,Brooklyn,Williamsburg,40.641023,-73.899054,Entire home/apt,156.55,2,12,2023-12-26,1.1,2,195
2777,6593,Manhattan,Lower East Side,40.767745,-73.942287,Entire home/apt,447.66,7,11,2024-07-13,0.29,1,22
2778,24342,Manhattan,Harlem,40.776628,-73.961162,Private room,154.62,14,1,2024-05-17,1.77,1,359
2779,25746,Brooklyn,Williamsburg,40.804155,-73.986573,Shared room,43.69,2,9,2024-08-11,3.57,3,251
2780,60199,Manhattan,Harlem,40.784475,-73.950116,Entire home/apt,397.38,14,3,2024-08-20,0.33,1,78
2781,29558,Manhattan,Harlem,40.802126,-73.977756,Entire home/apt,206.43,5,20,2024-05-13,1.68,1,76
2782,52228,Queens,Long Island City,40.686862,-73.813551,Entire home/apt,149.6,30,4,2024-06-19,1.32,1,256
2783,76933,Staten Island,St. George,40.651893,-74.161364,Private room,46.16,7,24,2024-04-28,0.6,1,356
2784,50692,Queens,Jamaica,40.734449,-73.829043,Entire home/apt,196.66,5,13,2023-01-03,1.44,1,23
2785,73443,Queens,Jamaica,40.784644,-73.782458,Shared room,21.55,3,18,2024-05-30,0.35,1,64
2786,71106,Manhattan,Midtown,40.763031,-73.990576,Entire home/apt,204.97,2,19,2024-03-19,2.69,1,300
2787,42166,Bronx,Riverdale,40.74487,-73.906366,Entire home/apt,56.5,30,11,2024-08-14,0.03,1,364
2788,51659,Manhattan,Upper East Side,40.798979,-73.944725,Shared room,73.01,30,24,2023-08-08,1.26,1,204
2789,83267,Bronx,South Bronx,40.879078,-73.837068,Entire home/apt,176.63,3,8,2023-11-11,0.58,1,183
2790,31159,Staten Island,St. George,40.573174,-74.119203,Private room,40.52,1,11,2024-04-21,3.2,2,178
2791,77745,Brooklyn,Crown Heights,40.695377,-73.835933,Private room,78.26,5,17,2024-07-27,1.04,1,285
2792,49929,Staten Island,Stapleton,40.574578,-74.09648,Entire home/apt,140.59,14,19,2024-05-25,2.43,1,339
2793,51622,Brooklyn,Bed-Stuy,40.730647,-73.900073,Entire home/apt,294.39,3,7,2024-06-30,3.86,1,361
2794,22639,Manhattan,Chelsea,40.74287,-73.952616,Private room,138.99,3,6,2022-02-07,0.61,1,4
2795,41564,Brooklyn,Park Slope,40.67055,-73.970836,Private room,126.25,2,16,2024-05-03,3.18,1,324
2796,76519,Brooklyn,Park Slope,40.589225,-73.944535,Entire home/apt,124.8,7,7,2024-05-26,1.94,1,237
2797,78429,Manhattan,Lower East Side,40.783771,-73.99726,Shared room,140.56,2,39,2024-07-30,0.17,1,246
2798,75079,Brooklyn,Williamsburg,40.589803,-73.915003,Entire home/apt,453.49,2,9,2024-07-14,0.16,1,207
2799,27711,Staten Island,St. George,40.623085,-74.142589,Entire home/apt,122.2,1,15,2024-01-22,2.55,1,148
2800,89452,Manhattan,Midtown,40.806117,-73.972928,Entire home/apt,125.11,5,10,2024-04-17,0.95,1,225
2801,67706,Queens,Long Island City,40.723852,-73.868262,Entire home/apt,115.18,14,11,2024-06-14,1.03,1,237
2802,69682,Bronx,Riverdale,40.766788,-73.772067,Entire home/apt,139.02,30,1,2024-06-30,3.33,1,113
2803,48184,Bronx,Mott Haven,40.901365,-73.934426,Hotel room,68.94,1,6,2024-07-23,3.51,1,325
2804,14467,Bronx,Riverdale,40.852588,-73.869802,Entire home/apt,180.98,14,8,2024-08-26,0.18,1,233
2805,55551,Brooklyn,Williamsburg,40.66176,-73.968741,Entire home/apt,242.93,7,14,2022-10-22,0.7,5,126
2806,37005,Staten Island,New Dorp,40.598563,-74.117473,Entire home/apt,74.78,3,47,2023-12-25,3.38,5,69
2807,31923,Queens,Forest Hills,40.760391,-73.804541,Private room,72.94,30,24,2023-05-17,2.57,1,222
2808,27398,Manhattan,Chelsea,40.779955,-73.952464,Private room,100.71,5,22,2024-05-29,1.91,1,133
2809,34734,Brooklyn,Greenpoint,40.706007,-73.939839,Entire home/apt,178.48,1,42,2023-09-01,0.16,1,322
2810,74263,Brooklyn,Williamsburg,40.676046,-73.923484,Entire home/apt,153.8,1,8,2024-07-10,1.46,5,248
2811,52074,Manhattan,Lower East Side,40.773733,-73.954769,Entire home/apt,460.75,7,0,,0.0,1,43
2812,87489,Brooklyn,Crown Heights,40.613648,-73.968887,Entire home/apt,447.6,30,25,2024-04-26,0.27,1,307
2813,9935,Brooklyn,Bushwick,40.714866,-74.012173,Entire home/apt,108.31,3,27,2024-07-23,2.23,1,88
2814,43754,Manhattan,Harlem,40.75164,-73.969938,Entire home/apt,133.44,30,6,2023-12-12,0.56,1,339
2815,67332,Brooklyn,Williamsburg,40.576413,-74.022128,Entire home/apt,174.06,3,19,2024-05-01,1.45,1,226
2816,92367,Queens,Long Island City,40.788728,-73.811283,Entire home/apt,78.45,5,46,2024-04-16,0.67,2,252
2817,48211,Brooklyn,Bushwick,40.755329,-74.016489,Entire home/apt,195.58,5,12,2023-09-14,0.13,1,66
2818,27412,Manhattan,Lower East Side,40.781221,-73.963208,Shared room,109.29,2,36,2024-01-04,1.12,1,251
2819,17276,Manhattan,Harlem,40.75969,-73.950565,Shared room,147.25,30,11,2022-12-31,0.55,1,335
2820,95640,Manhattan,Midtown,40.793314,-74.003386,Private room,156.08,7,12,2024-05-31,0.11,10,66
2821,85912,Bronx,Fordham,40.842913,-73.845502,Entire home/apt,100.71,5,8,2024-05-13,0.33,1,133
2822,91618,Manhattan,Hell Kitchen,40.771299,-74.000797,Entire home/apt,130.53,7,20,2024-03-14,1.45,1,8
2823,57565,Brooklyn,Bushwick,40.694908,-73.811525,Entire home/apt,194.02,14,33,2024-05-16,0.16,1,224
2824,79812,Manhattan,Lower East Side,40.77536,-73.939815,Private room,148.17,14,3,2024-05-27,0.14,1,267
2825,78549,Manhattan,Hell Kitchen,40.768054,-73.966889,Entire home/apt,371.87,5,28,2024-06-19,4.32,1,65
2826,56001,Queens,Long Island City,40.789922,-73.795573,Private room,54.23,14,34,2023-10-17,0.17,1,319
2827,33591,Brooklyn,Crown Heights,40.660336,-73.900632,Shared room,45.38,7,37,2024-04-17,0.71,1,298
2828,85810,Manhattan,Hell Kitchen,40.820929,-73.965188,Entire home/apt,159.45,14,20,2024-03-17,0.21,1,365
2829,87373,Brooklyn,Bed-Stuy,40.647236,-73.955585,Private room,38.39,2,9,2024-07-22,4.2,20,322
2830,56833,Manhattan,Tribeca,40.833494,-73.968502,Entire home/apt,184.85,1,8,2024-07-11,0.98,3,332
2831,94725,Brooklyn,Williamsburg,40.642535,-74.012904,Entire home/apt,102.45,1,25,2024-06-19,0.18,1,30
2832,59089,Brooklyn,Bed-Stuy,40.568646,-73.922385,Entire home/apt,219.68,3,9,2024-05-12,2.2,1,167
2833,42574,Manhattan,Harlem,40.796193,-73.979134,Entire home/apt,234.09,2,5,2024-08-24,2.28,1,104
2834,21603,Manhattan,Chelsea,40.782801,-73.994609,Private room,116.11,1,7,2023-08-04,3.47,1,327
2835,77744,Manhattan,Harlem,40.785759,-73.96157,Entire home/apt,194.26,2,13,2023-07-08,1.83,1,21
2836,29821,Bronx,Riverdale,40.818042,-73.780277,Entire home/apt,29.86,5,3,2024-02-19,0.08,1,248
2837,56679,Staten Island,St. George,40.537645,-74.138861,Private room,90.68,3,27,2024-06-25,1.2,1,124
2838,66513,Manhattan,Tribeca,40.800066,-73.972746,Private room,96.52,14,14,2024-06-06,0.73,1,207
2839,91571,Queens,Jamaica,40.713122,-73.909209,Entire home/apt,122.1,14,64,2024-01-07,2.07,2,99
2840,36519,Manhattan,Upper East Side,40.810247,-73.974598,Private room,80.47,30,14,2024-07-03,1.34,1,192
2841,16314,Manhattan,Harlem,40.793847,-73.957746,Private room,212.42,2,10,2024-03-17,1.94,1,251
2842,32467,Queens,Jamaica,40.677936,-73.810702,Entire home/apt,152.5,30,24,2023-07-03,0.3,2,326
2843,72058,Bronx,Fordham,40.911524,-73.92066,Entire home/apt,78.18,5,6,2024-05-29,0.86,1,112
2844,97942,Bronx,South Bronx,40.951196,-73.902044,Entire home/apt,93.0,30,29,2024-03-26,0.85,1,39
2845,75341,Brooklyn,Bushwick,40.607429,-73.936261,Private room,187.85,5,12,2023-05-15,5.94,1,330
2846,21142,Manhattan,Chelsea,40.827267,-74.009419,Private room,139.86,3,8,2024-06-19,0.03,1,10
2847,57147,Queens,Jamaica,40.716919,-73.756799,Private room,66.95,14,23,2023-12-20,2.54,1,40
2848,20503,Manhattan,Upper East Side,40.783773,-73.963562,Entire home/apt,197.63,14,11,2023-12-23,0.15,2,3
2849,58110,Brooklyn,Bushwick,40.635118,-73.980183,Entire home/apt,89.99,7,9,2023-05-16,0.13,1,2
2850,12604,Manhattan,Hell Kitchen,40.780132,-73.993798,Entire home/apt,270.14,14,15,2023-09-15,0.6,1,329
2851,53190,Brooklyn,Crown Heights,40.675519,-73.967525,Entire home/apt,218.7,14,39,2023-12-28,1.81,5,196
2852,68972,Manhattan,Chelsea,40.773699,-73.96479,Private room,223.55,3,9,2024-03-03,1.7,5,331
2853,92463,Manhattan,Harlem,40.746687,-73.975782,Private room,58.58,30,22,2024-07-14,1.48,1,161
2854,5650,Bronx,Riverdale,40.960668,-73.919105,Entire home/apt,69.37,14,7,2024-02-15,2.23,1,75
2855,81761,Manhattan,Tribeca,40.80881,-73.970107,Entire home/apt,228.3,14,25,2024-07-05,0.4,1,52
2856,44108,Brooklyn,Williamsburg,40.642023,-74.023438,Entire home/apt,191.73,5,13,2024-05-20,1.51,1,293
2857,9731,Manhattan,Tribeca,40.785894,-73.942132,Entire home/apt,271.77,2,15,2024-01-23,1.52,1,340
2858,18993,Manhattan,Chelsea,40.775316,-73.972819,Entire home/apt,274.32,1,24,2024-02-12,1.59,1,246
2859,95213,Manhattan,Harlem,40.803307,-73.964383,Entire home/apt,339.07,1,31,2024-06-01,1.35,1,3
2860,40661,Manhattan,Midtown,40.751654,-73.969222,Entire home/apt,200.67,30,38,2024-07-27,0.38,1,202
2861,85499,Queens,Flushing,40.849179,-73.797855,Entire home/apt,209.24,5,17,2024-05-05,3.69,1,73
2862,84523,Manhattan,Harlem,40.72827,-73.963436,Entire home/apt,342.52,2,11,2024-07-07,5.59,3,328
2863,55125,Bronx,Fordham,40.834877,-73.956255,Entire home/apt,95.73,3,4,2024-07-10,1.75,1,273
2864,72198,Brooklyn,Bed-Stuy,40.577448,-73.885694,Private room,182.13,1,37,2024-06-22,0.88,5,302
2865,37017,Brooklyn,Bushwick,40.634257,-73.99865,Entire home/apt,357.83,5,10,2024-01-25,1.16,1,106
2866,6587,Brooklyn,Greenpoint,40.676062,-73.982852,Hotel room,209.13,7,15,2024-05-01,0.17,1,283
2867,53266,Brooklyn,Bushwick,40.684203,-73.956363,Entire home/apt,57.4,1,7,2024-06-09,0.68,1,184
2868,69440,Queens,Jamaica,40.6322,-73.835796,Entire home/apt,270.8,30,19,2023-07-14,5.6,1,73
2869,97139,Manhattan,Tribeca,40.791955,-73.970362,Entire home/apt,395.78,1,11,2024-01-25,1.19,1,225
2870,75287,Manhattan,Upper East Side,40.781461,-73.932452,Entire home/apt,642.6,14,14,2024-05-02,1.23,1,246
2871,90811,Queens,Forest Hills,40.786683,-73.726705,Private room,118.11,30,22,2024-05-26,4.62,1,310
2872,38608,Bronx,Fordham,40.836502,-73.853793,Entire home/apt,204.56,5,57,2023-10-30,3.26,1,93
2873,7260,Queens,Flushing,40.693712,-73.732696,Shared room,57.56,7,48,2024-07-29,1.26,1,32
2874,20434,Brooklyn,Crown Heights,40.671576,-73.930857,Shared room,92.62,30,11,2024-02-18,0.47,20,191
2875,37318,Queens,Astoria,40.741049,-73.796353,Private room,159.86,30,9,2024-08-29,0.19,1,146
2876,14000,Brooklyn,Greenpoint,40.854491,-73.984197,Private room,104.69,30,16,2024-08-31,2.99,1,257
2877,62478,Brooklyn,Bed-Stuy,40.637657,-73.902554,Private room,51.19,5,20,2023-05-07,3.79,5,209
2878,45192,Manhattan,Midtown,40.771197,-73.977028,Entire home/apt,254.67,1,16,2024-04-25,1.02,1,333
2879,62155,Brooklyn,Crown Heights,40.613015,-73.914707,Private room,112.2,5,34,2024-06-25,0.15,1,188
2880,79805,Manhattan,Harlem,40.793185,-73.977504,Entire home/apt,296.76,1,25,2023-11-22,1.4,1,57
2881,15506,Manhattan,Midtown,40.797396,-74.008363,Entire home/apt,174.92,2,8,2022-08-10,0.69,1,145
2882,16104,Queens,Forest Hills,40.671652,-73.808498,Entire home/apt,74.99,14,23,2024-08-26,0.26,1,172
2883,27317,Manhattan,Upper East Side,40.759654,-74.006174,Private room,107.06,14,20,2024-08-26,3.77,1,242
2884,37176,Manhattan,Tribeca,40.776942,-73.95732,Shared room,111.89,14,17,2023-09-20,0.41,2,78
2885,27199,Manhattan,Tribeca,40.808742,-73.982146,Entire home/apt,541.91,5,9,2024-04-08,1.86,1,150
2886,63192,Bronx,South Bronx,40.881461,-73.832973,Private room,78.49,14,26,2023-08-13,0.84,1,305
2887,68016,Brooklyn,Park Slope,40.751316,-73.965211,Entire home/apt,293.09,3,10,2024-02-01,2.64,1,131
2888,78193,Brooklyn,Park Slope,40.57029,-73.939989,Entire home/apt,185.89,5,20,2024-05-10,1.81,1,97
2889,54393,Queens,Forest Hills,40.647097,-73.85278,Entire home/apt,71.74,2,40,2024-08-01,0.2,1,279
2890,88304,Queens,Long Island City,40.704102,-73.822014,Entire home/apt,120.03,1,30,2024-06-05,0.9,1,11
2891,43232,Manhattan,Chelsea,40.785931,-73.957137,Entire home/apt,259.68,30,25,2023-11-28,0.45,1,284
2892,44818,Brooklyn,Williamsburg,40.656136,-73.920458,Entire home/apt,157.38,2,7,2024-07-16,1.88,1,261
2893,52587,Queens,Forest Hills,40.729385,-73.72006,Private room,73.59,2,6,2024-01-21,1.18,1,110
2894,42514,Brooklyn,Park Slope,40.666884,-73.948936,Entire home/apt,229.08,30,32,2024-07-12,0.62,1,85
2895,47238,Manhattan,Midtown,40.775612,-73.974445,Entire home/apt,405.11,5,7,2024-05-12,0.6,1,250
2896,4546,Queens,Astoria,40.665521,-73.865508,Private room,64.42,3,19,2024-08-16,0.18,1,312
2897,12752,Brooklyn,Bed-Stuy,40.724746,-74.009192,Private room,44.83,3,14,2024-05-15,0.36,1,31
2898,6144,Manhattan,Harlem,40.776718,-73.950893,Entire home/apt,237.41,5,27,2024-03-15,1.87,1,88
2899,38079,Brooklyn,Bed-Stuy,40.657038,-73.894476,Entire home/apt,195.39,3,17,2024-04-05,1.41,1,281
2900,75827,Manhattan,Harlem,40.771279,-73.992223,Shared room,132.1,14,8,2024-05-31,0.66,1,218
2901,39740,Manhattan,Hell Kitchen,40.751203,-73.944946,Private room,114.74,30,7,2024-06-10,2.71,1,198
2902,45304,Queens,Long Island City,40.63725,-73.735125,Entire home/apt,176.77,3,15,2024-07-06,0.99,1,34
2903,48041,Manhattan,Tribeca,40.763101,-73.944852,Entire home/apt,323.43,14,10,2023-12-14,2.37,1,26
2904,74371,Brooklyn,Bed-Stuy,40.810607,-74.045392,Private room,97.7,3,28,2023-12-02,2.28,1,162
2905,31221,Brooklyn,Bushwick,40.613115,-73.897812,Entire home/apt,278.58,7,6,2024-05-06,2.83,1,17
2906,64347,Manhattan,Midtown,40.793361,-73.955662,Hotel room,165.83,14,15,2024-06-07,2.84,1,349
2907,51243,Staten Island,Stapleton,40.550812,-74.070699,Entire home/apt,78.81,2,32,2024-03-03,1.7,2,15
2908,87084,Manhattan,Midtown,40.785461,-73.995539,Private room,143.32,30,34,2024-04-08,2.08,1,158
2909,5976,Manhattan,Hell Kitchen,40.778037,-73.995271,Entire home/apt,222.94,14,45,2024-02-16,2.25,1,316
2910,93429,Manhattan,Hell Kitchen,40.814919,-73.984407,Entire home/apt,352.89,14,6,2024-06-28,0.28,1,229
2911,57977,Manhattan,Lower East Side,40.79295,-73.980613,Shared room,60.9,14,36,2023-11-27,0.54,1,241
2912,75027,Manhattan,Midtown,40.770792,-74.009405,Entire home/apt,315.29,1,37,2024-06-25,0.17,5,289
2913,38402,Brooklyn,Greenpoint,40.71409,-73.866249,Private room,92.23,14,19,2024-05-27,0.31,1,128
2914,39056,Bronx,South Bronx,40.799002,-73.942061,Entire home/apt,118.57,7,31,2024-08-07,2.26,1,72
2915,33724,Manhattan,Harlem,40.799166,-74.004125,Entire home/apt,239.62,1,10,2023-09-19,4.41,1,195
2916,6469,Brooklyn,Park Slope,40.751372,-73.998464,Entire home/apt,167.65,5,21,2024-02-28,1.68,1,127
2917,12273,Brooklyn,Crown Heights,40.612002,-73.929292,Private room,99.76,14,18,2024-07-15,3.26,1,313
2918,71213,Queens,Forest Hills,40.645149,-73.851469,Entire home/apt,156.12,14,52,2023-09-24,0.57,10,19
2919,94465,Brooklyn,Park Slope,40.699439,-74.089947,Entire home/apt,191.68,30,0,,0.0,1,208
2920,39440,Manhattan,Upper East Side,40.815948,-73.970327,Entire home/apt,569.7,7,1,2024-01-26,0.62,1,171
2921,94997,Manhattan,Upper East Side,40.757241,-73.991545,Private room,96.88,2,38,2024-05-19,3.37,1,301
2922,96532,Brooklyn,Williamsburg,40.737699,-73.908137,Private room,93.57,14,11,2022-05-29,2.4,1,362
2923,19019,Queens,Long Island City,40.839142,-73.849519,Entire home/apt,76.74,1,6,2024-06-19,6.17,1,359
2924,28654,Manhattan,Harlem,40.789032,-73.962669,Entire home/apt,334.22,7,2,2024-08-14,2.63,1,204
2925,1676,Manhattan,Upper East Side,40.797005,-73.948654,Shared room,51.85,5,6,2024-01-07,0.76,1,248
2926,42187,Bronx,South Bronx,40.808937,-73.870509,Entire home/apt,97.34,14,11,2023-12-22,0.17,1,184
2927,30617,Queens,Jamaica,40.679388,-73.799109,Private room,62.04,1,24,2024-08-22,3.11,1,165
2928,73897,Staten Island,New Dorp,40.614422,-74.216361,Private room,55.5,2,24,2023-10-29,1.27,1,363
2929,79803,Queens,Jamaica,40.81695,-73.886035,Private room,57.72,2,27,2023-12-07,2.93,1,271
2930,84817,Manhattan,Harlem,40.776953,-73.946321,Entire home/apt,226.97,1,17,2023-05-13,0.73,1,352
2931,47455,Brooklyn,Greenpoint,40.697881,-73.923828,Private room,170.49,14,4,2024-08-10,0.04,3,154
2932,84175,Brooklyn,Greenpoint,40.607362,-74.006845,Private room,107.57,2,24,2024-03-20,0.08,1,228
2933,64606,Manhattan,Hell Kitchen,40.801925,-73.982983,Private room,115.05,1,16,2024-07-19,1.67,1,207
2934,69851,Brooklyn,Williamsburg,40.648505,-73.886363,Entire home/apt,173.67,30,27,2024-06-02,0.18,2,334
2935,16030,Brooklyn,Bushwick,40.615205,-73.928046,Entire home/apt,370.79,5,35,2024-07-08,2.05,2,79
2936,17648,Manhattan,Chelsea,40.783958,-73.971254,Entire home/apt,262.14,14,15,2024-05-17,0.82,1,133
2937,40838,Queens,Jamaica,40.686725,-73.841288,Entire home/apt,109.3,14,17,2024-08-11,1.24,1,28
2938,51644,Brooklyn,Bushwick,40.613498,-73.91524,Private room,72.99,1,16,2024-06-28,2.42,1,295
2939,86090,Bronx,South Bronx,40.811393,-73.816363,Entire home/apt,87.34,1,4,2024-08-19,0.44,1,326
2940,86596,Manhattan,Upper East Side,40.778609,-73.992369,Entire home/apt,227.05,1,4,2024-05-03,0.8,1,97
2941,59001,Manhattan,Lower East Side,40.778344,-73.979417,Entire home/apt,172.62,1,18,2024-06-30,1.96,1,108
2942,22427,Brooklyn,Park Slope,40.738746,-73.96634,Private room,61.23,7,13,2024-03-25,3.76,20,310
2943,41093,Manhattan,Hell Kitchen,40.777576,-73.942969,Shared room,58.13,30,40,2024-05-15,0.51,3,99
2944,9586,Brooklyn,Park Slope,40.708696,-73.844438,Entire home/apt,243.26,30,50,2024-07-13,1.46,1,281
2945,7809,Queens,Jamaica,40.828924,-73.865873,Entire home/apt,123.63,2,24,2024-08-13,4.53,1,25
2946,28859,Manhattan,Hell Kitchen,40.802899,-73.940694,Entire home/apt,265.1,2,12,2023-12-25,1.57,1,245
2947,60096,Brooklyn,Bed-Stuy,40.770169,-73.884914,Private room,159.55,3,12,2024-03-05,3.35,1,280
2948,53873,Brooklyn,Williamsburg,40.736251,-73.96236,Private room,161.15,30,16,2024-08-26,4.21,1,355
2949,97884,Manhattan,Harlem,40.766352,-73.978244,Shared room,72.36,7,24,2022-06-07,3.97,1,169
2950,99892,Bronx,Fordham,40.761561,-73.79766,Entire home/apt,84.54,2,58,2024-02-29,2.13,1,175
2951,74375,Queens,Flushing,40.705537,-73.691594,Shared room,28.66,7,8,2024-07-22,1.2,1,1
2952,94538,Brooklyn,Bed-Stuy,40.60431,-73.879243,Entire home/apt,253.31,1,4,2023-10-07,0.15,1,104
2953,81437,Brooklyn,Bushwick,40.648507,-74.021262,Private room,88.45,1,10,2023-08-14,0.38,3,91
2954,61696,Brooklyn,Bed-Stuy,40.775827,-73.877761,Entire home/apt,164.5,2,9,2024-04-01,0.44,1,256
2955,63935,Bronx,South Bronx,40.85539,-73.863103,Shared room,22.1,5,72,2023-08-08,0.05,1,133
2956,75396,Brooklyn,Greenpoint,40.704571,-73.932522,Private room,70.56,2,4,2024-08-27,0.16,2,39
2957,2698,Brooklyn,Bushwick,40.630663,-73.968923,Private room,109.11,5,1,2023-03-29,0.52,1,291
2958,26139,Queens,Jamaica,40.885057,-73.581127,Private room,42.54,1,34,2024-08-22,0.14,1,256
2959,71771,Manhattan,Lower East Side,40.814353,-73.961636,Entire home/apt,428.76,14,16,2024-02-29,0.28,1,14
2960,60888,Queens,Forest Hills,40.70118,-73.858755,Entire home/apt,116.31,3,36,2024-06-17,0.08,3,192
2961,45244,Manhattan,Chelsea,40.768454,-73.982265,Private room,135.63,1,7,2024-08-25,0.81,1,338
2962,18291,Manhattan,Harlem,40.826123,-73.935074,Entire home/apt,168.71,7,36,2023-05-14,2.58,20,24
2963,56282,Manhattan,Hell Kitchen,40.798026,-73.990412,Entire home/apt,286.58,1,33,2024-08-06,2.51,1,77
2964,56558,Staten Island,St. George,40.624153,-74.159745,Entire home/apt,86.99,1,26,2023-09-21,3.53,1,341
2965,52910,Queens,Astoria,40.555959,-73.771932,Private room,70.57,7,13,2024-06-21,2.05,2,342
2966,9276,Brooklyn,Bed-Stuy,40.627685,-73.992683,Entire home/apt,345.91,30,14,2024-01-02,0.42,2,70
2967,11804,Brooklyn,Williamsburg,40.663176,-73.974099,Entire home/apt,206.14,1,11,2024-07-11,1.82,1,289
2968,14648,Brooklyn,Bushwick,40.676145,-73.94914,Entire home/apt,139.72,14,27,2024-03-28,2.1,1,266
2969,2603,Bronx,South Bronx,40.75101,-73.788786,Entire home/apt,81.86,2,13,2023-11-17,1.17,5,335
2970,7316,Brooklyn,Park Slope,40.619197,-74.001344,Shared room,68.51,30,20,2024-04-04,2.47,1,293
2971,30296,Manhattan,Chelsea,40.776529,-73.973367,Hotel room,363.13,1,17,2024-06-28,0.11,1,3
2972,11183,Manhattan,Upper East Side,40.81228,-73.965812,Private room,161.19,30,1,2024-07-16,1.35,1,55
2973,82592,Queens,Astoria,40.773517,-73.772937,Entire home/apt,189.67,30,26,2024-07-29,0.98,1,103
2974,13561,Brooklyn,Park Slope,40.692088,-73.925616,Shared room,68.92,14,15,2023-10-09,2.45,3,290
2975,73286,Manhattan,Hell Kitchen,40.744445,-73.976198,Entire home/apt,508.05,7,10,2024-03-16,0.21,1,150
2976,46615,Manhattan,Harlem,40.806345,-73.892353,Entire home/apt,132.04,1,51,2024-04-27,0.36,1,279
2977,32528,Queens,Astoria,40.631855,-73.761054,Shared room,52.89,7,1,2024-07-12,1.23,1,3
2978,65318,Manhattan,Tribeca,40.771679,-73.930247,Private room,213.43,30,70,2024-05-22,4.41,1,253
2979,41604,Brooklyn,Park Slope,40.596973,-73.906704,Private room,56.2,5,34,2024-03-11,0.13,1,95
2980,72912,Staten Island,Stapleton,40.509139,-74.162943,Private room,34.8,7,31,2024-08-19,2.04,1,179
2981,33016,Brooklyn,Greenpoint,40.676141,-73.880018,Entire home/apt,136.62,30,16,2024-06-13,0.34,1,229
2982,72193,Manhattan,Lower East Side,40.761557,-73.957932,Entire home/apt,215.17,3,2,2024-07-14,0.17,1,353
2983,71601,Brooklyn,Park Slope,40.679327,-73.927832,Private room,79.18,2,24,2024-02-27,0.75,1,59
2984,92559,Queens,Forest Hills,40.804867,-73.897505,Entire home/apt,158.67,1,12,2024-03-18,1.31,1,161
2985,33647,Brooklyn,Crown Heights,40.726836,-73.978334,Entire home/apt,271.45,30,16,2024-06-29,2.63,10,286
2986,82584,Bronx,Mott Haven,40.899594,-73.848072,Private room,83.84,2,35,2024-08-25,1.51,1,35
2987,12943,Manhattan,Lower East Side,40.778909,-73.983001,Private room,103.0,14,44,2024-07-27,1.01,2,85
2988,69732,Brooklyn,Bed-Stuy,40.727598,-73.868543,Entire home/apt,136.95,1,21,2024-08-01,0.5,1,34
2989,83177,Brooklyn,Greenpoint,40.646229,-74.01218,Private room,162.5,14,0,,0.0,10,169
2990,83612,Queens,Flushing,40.783737,-73.910782,Private room,93.26,14,26,2024-04-03,2.21,1,14
2991,10934,Manhattan,Tribeca,40.75699,-73.992454,Private room,148.85,5,14,2024-07-30,0.18,1,55
2992,66590,Queens,Flushing,40.694964,-73.901807,Entire home/apt,174.02,30,3,2024-05-06,0.24,1,229
2993,89731,Brooklyn,Greenpoint,40.561872,-74.012327,Entire home/apt,189.72,2,13,2024-03-14,1.91,1,135
2994,51949,Manhattan,Upper East Side,40.795949,-73.996631,Entire home/apt,355.24,30,14,2023-08-18,4.87,1,227
2995,3471,Manhattan,Upper East Side,40.776295,-73.932266,Entire home/apt,251.77,1,7,2024-07-13,0.19,3,356
2996,82858,Queens,Forest Hills,40.724266,-73.767498,Entire home/apt,160.35,5,15,2024-07-26,1.41,1,221
2997,89527,Manhattan,Chelsea,40.764179,-73.927931,Entire home/apt,157.39,3,5,2024-07-29,0.41,1,242
2998,53982,Manhattan,Hell Kitchen,40.772274,-73.975762,Entire home/apt,218.73,30,19,2024-06-13,0.04,1,22
2999,19038,Manhattan,Harlem,40.809441,-73.974835,Shared room,61.78,14,19,2024-02-26,2.68,1,234
3000,54441,Queens,Astoria,40.732031,-73.817435,Entire home/apt,123.97,1,12,2024-02-14,1.07,1,326
3001,68836,Brooklyn,Bushwick,40.66171,-73.92197,Private room,66.27,5,10,2024-07-21,0.04,1,149
3002,30698,Queens,Long Island City,40.772435,-73.84636,Private room,58.16,14,9,2024-08-07,3.39,1,35
3003,90335,Manhattan,Hell Kitchen,40.767778,-73.983383,Entire home/apt,157.15,3,14,2024-05-17,1.15,3,166
3004,76402,Brooklyn,Williamsburg,40.594125,-74.039626,Shared room,67.25,3,8,2024-08-05,2.0,2,91
3005,11862,Brooklyn,Bed-Stuy,40.69603,-73.887884,Private room,92.88,3,11,2023-11-05,0.83,1,364
3006,28288,Queens,Jamaica,40.797884,-73.985459,Entire home/apt,72.8,1,22,2024-08-17,0.31,1,37
3007,67369,Bronx,Mott Haven,40.832547,-73.919905,Private room,38.96,5,20,2023-12-25,0.94,1,299
3008,59504,Manhattan,Lower East Side,40.785975,-73.979556,Entire home/apt,329.51,1,15,2024-08-25,0.51,1,148
3009,19618,Brooklyn,Park Slope,40.713715,-73.945349,Private room,77.26,7,37,2023-11-10,0.53,1,277
3010,80453,Manhattan,Tribeca,40.74518,-73.990542,Entire home/apt,217.93,14,26,2024-03-08,1.55,1,253
3011,37246,Brooklyn,Greenpoint,40.678547,-73.938793,Private room,93.18,2,12,2024-06-23,0.15,1,262
3012,59343,Manhattan,Midtown,40.754986,-74.001929,Entire home/apt,330.43,5,4,2024-05-31,0.76,2,20
3013,29288,Manhattan,Hell Kitchen,40.784225,-73.999273,Private room,81.07,14,32,2024-02-13,1.19,1,171
3014,72178,Manhattan,Harlem,40.749727,-73.980103,Entire home/apt,358.89,14,8,2024-07-27,1.86,1,333
3015,84663,Brooklyn,Williamsburg,40.648893,-73.996904,Private room,69.7,5,17,2023-08-01,1.5,1,297
3016,51716,Manhattan,Harlem,40.769025,-73.970923,Private room,142.97,1,30,2024-05-06,3.26,1,134
3017,89166,Brooklyn,Williamsburg,40.63499,-73.939958,Entire home/apt,189.3,7,12,2023-12-20,7.32,5,68
3018,82646,Brooklyn,Park Slope,40.655372,-73.934141,Private room,77.75,5,28,2024-04-27,4.16,3,356
3019,25070,Manhattan,Chelsea,40.800664,-73.954415,Entire home/apt,191.23,30,39,2024-05-16,2.17,2,146
3020,68749,Queens,Long Island City,40.831257,-73.727848,Shared room,36.13,7,25,2024-05-10,1.74,5,88
3021,17387,Manhattan,Tribeca,40.787871,-73.979869,Entire home/apt,551.75,2,15,2024-06-12,0.05,1,8
3022,70883,Brooklyn,Williamsburg,40.654934,-73.996867,Private room,55.68,5,8,2024-01-08,1.14,1,51
3023,90335,Brooklyn,Williamsburg,40.678472,-73.902357,Private room,188.91,14,10,2023-10-01,1.63,1,170
3024,1471,Manhattan,Tribeca,40.768587,-73.971944,Entire home/apt,259.58,14,21,2023-09-21,0.8,1,348
3025,24453,Manhattan,Upper East Side,40.769553,-73.967013,Entire home/apt,292.1,7,55,2024-08-09,0.73,1,234
3026,44506,Manhattan,Tribeca,40.772112,-73.98599,Entire home/apt,186.47,7,29,2023-12-19,1.17,1,338
3027,68849,Bronx,South Bronx,40.810802,-73.839634,Private room,39.96,7,17,2024-07-23,3.56,1,270
3028,26835,Brooklyn,Bed-Stuy,40.672395,-73.969905,Entire home/apt,157.01,7,16,2024-08-30,0.45,1,99
3029,93085,Brooklyn,Greenpoint,40.693884,-73.969071,Private room,63.19,14,36,2024-07-06,0.76,1,81
3030,6747,Brooklyn,Bushwick,40.745791,-74.002632,Private room,88.3,1,5,2024-07-01,1.59,1,190
3031,55824,Manhattan,Upper East Side,40.779361,-73.999295,Entire home/apt,244.73,30,13,2023-11-08,0.31,5,277
3032,33518,Brooklyn,Bed-Stuy,40.657388,-74.044978,Private room,201.27,5,23,2024-01-01,2.7,3,198
3033,65992,Queens,Jamaica,40.787905,-73.73358,Entire home/apt,90.33,30,29,2024-08-17,1.65,3,60
3034,80379,Manhattan,Upper East Side,40.798783,-73.970623,Entire home/apt,300.08,1,56,2024-06-22,0.65,1,189
3035,23277,Manhattan,Chelsea,40.765503,-73.987207,Private room,159.01,30,13,2024-07-11,1.92,1,261
3036,31037,Manhattan,Hell Kitchen,40.813703,-73.942486,Entire home/apt,187.7,7,26,2024-03-23,0.49,1,12
3037,84709,Brooklyn,Bed-Stuy,40.685553,-73.975138,Entire home/apt,252.71,3,31,2024-04-14,2.23,1,183
3038,27639,Staten Island,Stapleton,40.647931,-74.17798,Private room,42.29,5,27,2024-02-10,0.11,1,233
3039,4169,Manhattan,Chelsea,40.787677,-73.944161,Entire home/apt,106.27,1,10,2023-06-25,0.83,1,294
3040,18179,Brooklyn,Bushwick,40.62802,-73.894447,Hotel room,187.5,7,15,2024-05-26,0.45,1,365
3041,24442,Manhattan,Midtown,40.793511,-73.97199,Hotel room,138.17,7,41,2024-02-22,2.54,1,349
3042,78413,Staten Island,New Dorp,40.529828,-74.179178,Entire home/apt,65.24,5,14,2023-06-09,2.1,1,202
3043,8737,Manhattan,Upper East Side,40.788889,-73.999667,Entire home/apt,379.22,2,32,2024-04-14,2.77,1,13
3044,30289,Brooklyn,Crown Heights,40.686045,-73.911737,Private room,83.55,30,27,2024-06-27,1.58,1,36
3045,85564,Brooklyn,Bed-Stuy,40.737313,-74.028101,Entire home/apt,277.16,30,22,2024-06-01,2.38,5,13
3046,21866,Brooklyn,Bed-Stuy,40.757175,-73.842478,Entire home/apt,311.55,5,27,2023-12-24,0.87,1,111
3047,82440,Brooklyn,Williamsburg,40.702809,-74.006483,Private room,74.17,1,5,2024-01-16,1.7,1,149
3048,1903,Manhattan,Chelsea,40.776538,-73.972152,Entire home/apt,395.55,2,14,2023-12-28,0.05,20,286
3049,37265,Manhattan,Tribeca,40.788509,-73.97076,Private room,106.45,5,24,2024-01-01,3.19,1,81
3050,22787,Manhattan,Harlem,40.788723,-73.973015,Entire home/apt,703.6,14,25,2023-06-04,1.73,1,329
3051,92036,Manhattan,Upper East Side,40.788402,-73.98041,Entire home/apt,218.28,5,25,2023-12-17,3.02,10,151
3052,80850,Brooklyn,Bushwick,40.657909,-73.978762,Entire home/apt,289.43,5,27,2023-09-19,2.21,1,279
3053,82587,Manhattan,Tribeca,40.821445,-73.941922,Shared room,113.52,14,10,2024-04-01,0.51,1,159
3054,95544,Manhattan,Hell Kitchen,40.794206,-73.944694,Private room,163.41,14,22,2024-02-29,0.48,1,356
3055,22581,Brooklyn,Williamsburg,40.726108,-73.933324,Private room,73.42,3,46,2022-12-24,2.41,1,181
3056,76939,Bronx,Riverdale,40.769521,-73.877908,Entire home/apt,102.41,14,14,2023-08-31,0.31,1,33
3057,13512,Brooklyn,Crown Heights,40.658098,-74.012185,Entire home/apt,81.13,30,16,2023-12-06,0.18,1,116
3058,21516,Manhattan,Chelsea,40.753377,-73.961346,Entire home/apt,315.05,5,34,2024-02-06,0.02,1,329
3059,45001,Manhattan,Lower East Side,40.78959,-73.994548,Entire home/apt,331.23,1,33,2024-06-14,0.53,1,287
3060,30457,Bronx,Mott Haven,40.807506,-73.806739,Private room,57.38,7,8,2024-04-12,0.16,1,302
3061,64944,Manhattan,Midtown,40.765546,-73.967784,Private room,43.84,1,10,2024-08-22,2.43,1,126
3062,4601,Manhattan,Midtown,40.779304,-73.961073,Entire home/apt,173.59,5,5,2024-05-28,0.99,1,203
3063,2220,Brooklyn,Park Slope,40.626834,-73.938795,Shared room,40.03,2,8,2024-08-11,0.44,5,40
3064,29747,Brooklyn,Bushwick,40.688323,-73.930389,Entire home/apt,215.76,3,2,2024-01-11,1.38,1,343
3065,5856,Brooklyn,Greenpoint,40.682944,-73.923523,Shared room,60.63,3,14,2023-07-28,0.11,2,33
3066,49751,Manhattan,Upper East Side,40.826935,-73.919974,Entire home/apt,269.04,14,27,2024-07-29,1.94,1,46
3067,56233,Manhattan,Upper East Side,40.770316,-74.017565,Entire home/apt,371.32,3,14,2024-07-13,1.04,1,19
3068,51964,Bronx,South Bronx,40.874575,-73.855487,Entire home/apt,72.17,14,43,2023-09-17,0.01,1,348
3069,68855,Manhattan,Chelsea,40.804321,-73.965502,Entire home/apt,367.62,2,0,,0.0,1,271
3070,34443,Brooklyn,Bed-Stuy,40.681716,-73.876466,Private room,116.08,2,10,2024-03-27,2.08,1,105
3071,50250,Brooklyn,Greenpoint,40.754327,-74.027394,Entire home/apt,223.3,30,67,2024-03-26,0.31,1,363
3072,55355,Brooklyn,Greenpoint,40.629204,-73.950536,Entire home/apt,178.52,2,17,2024-04-06,4.9,1,179
3073,17481,Manhattan,Harlem,40.785069,-73.97572,Private room,299.5,2,11,2024-07-19,3.4,1,167
3074,76283,Manhattan,Harlem,40.791784,-73.951278,Private room,175.4,1,26,2024-07-13,2.26,1,0
3075,94771,Brooklyn,Bushwick,40.781563,-73.909465,Private room,65.17,7,15,2023-03-14,0.12,2,262
3076,67796,Queens,Forest Hills,40.660013,-73.80669,Entire home/apt,159.04,2,16,2024-01-14,0.66,1,222
3077,84094,Bronx,Fordham,40.841032,-73.839068,Private room,73.51,14,57,2024-08-15,0.53,1,232
3078,70624,Manhattan,Midtown,40.790863,-73.930192,Private room,113.81,7,7,2024-07-18,0.22,1,311
3079,16648,Manhattan,Chelsea,40.77387,-73.963505,Entire home/apt,445.26,5,2,2024-03-08,11.81,1,277
3080,73754,Bronx,Riverdale,40.962536,-73.89406,Entire home/apt,126.76,7,18,2024-07-04,0.24,1,15
3081,54932,Brooklyn,Park Slope,40.686909,-74.000893,Entire home/apt,75.23,5,18,2024-07-11,0.57,1,277
3082,54699,Queens,Flushing,40.734767,-73.857317,Entire home/apt,162.34,3,4,2024-07-23,3.18,1,261
3083,83991,Manhattan,Hell Kitchen,40.804036,-73.968254,Entire home/apt,244.83,5,2,2024-07-27,0.23,1,116
3084,44633,Brooklyn,Bed-Stuy,40.622076,-73.893766,Entire home/apt,238.02,30,8,2024-03-14,0.95,1,237
3085,20534,Brooklyn,Greenpoint,40.68898,-73.887031,Private room,140.05,1,23,2023-07-04,5.58,3,0
3086,59698,Brooklyn,Bed-Stuy,40.60934,-73.922071,Private room,103.79,5,30,2024-06-13,0.43,1,1
3087,93926,Brooklyn,Park Slope,40.724601,-73.969603,Shared room,105.12,3,24,2024-08-09,1.82,1,218
3088,89388,Manhattan,Hell Kitchen,40.75792,-73.972032,Private room,134.07,30,26,2024-08-09,0.13,20,69
3089,4263,Brooklyn,Greenpoint,40.751887,-73.876644,Entire home/apt,246.51,3,13,2023-05-02,1.38,5,193
3090,94943,Manhattan,Harlem,40.774531,-73.996862,Shared room,111.77,14,5,2024-04-19,0.62,1,36
3091,84690,Brooklyn,Park Slope,40.652329,-73.972309,Private room,92.33,7,32,2024-05-11,1.8,1,201
3092,1945,Bronx,South Bronx,40.867122,-73.87005,Entire home/apt,148.56,30,20,2023-07-31,0.85,1,16
3093,92495,Manhattan,Chelsea,40.768035,-73.949115,Private room,113.52,7,2,2024-04-27,0.53,1,144
3094,3952,Queens,Forest Hills,40.739434,-73.760067,Hotel room,91.2,14,11,2024-05-07,1.18,1,5
3095,9235,Manhattan,Tribeca,40.7486,-74.019685,Private room,85.18,3,10,2023-05-20,0.23,20,211
3096,27335,Brooklyn,Park Slope,40.591947,-73.973033,Shared room,59.47,5,9,2024-05-09,2.53,1,273
3097,49660,Staten Island,New Dorp,40.608318,-74.24389,Entire home/apt,112.98,14,4,2024-06-04,2.08,1,136
3098,85184,Manhattan,Midtown,40.814957,-73.967789,Entire home/apt,461.58,5,5,2024-03-29,1.18,1,31
3099,51879,Manhattan,Lower East Side,40.810306,-73.988919,Entire home/apt,395.21,2,2,2022-10-22,0.69,1,144
3100,14367,Brooklyn,Bed-Stuy,40.708432,-73.939088,Private room,85.66,30,6,2023-01-13,3.7,1,48
3101,87993,Manhattan,Tribeca,40.799454,-73.975876,Private room,89.89,14,4,2023-12-08,1.51,1,140
3102,83954,Brooklyn,Bushwick,40.706593,-73.878068,Hotel room,171.22,1,6,2024-04-30,0.5,2,0
3103,60102,Bronx,Fordham,40.812241,-73.852688,Entire home/apt,169.66,5,2,2023-08-15,2.47,2,364
3104,1104,Brooklyn,Crown Heights,40.564928,-73.90205,Entire home/apt,259.71,14,20,2024-05-27,1.51,1,37
3105,31695,Manhattan,Midtown,40.822193,-73.996089,Private room,222.21,14,1,2024-03-02,0.2,1,235
3106,29625,Brooklyn,Crown Heights,40.672717,-73.891371,Private room,88.2,3,11,2024-07-28,0.18,1,37
3107,66237,Brooklyn,Bushwick,40.680085,-73.934294,Entire home/apt,159.31,1,14,2024-02-20,4.17,1,35
3108,70200,Manhattan,Midtown,40.77528,-73.979763,Entire home/apt,214.48,7,10,2024-07-05,0.51,20,201
3109,53054,Brooklyn,Park Slope,40.672998,-73.9417,Private room,93.88,3,26,2023-12-11,1.63,1,98
3110,46605,Brooklyn,Park Slope,40.607314,-73.948161,Private room,93.03,3,8,2024-05-28,0.06,1,281
3111,61023,Brooklyn,Bed-Stuy,40.772312,-73.969348,Entire home/apt,208.55,30,5,2024-06-02,1.22,1,303
3112,17027,Manhattan,Hell Kitchen,40.758355,-73.974228,Entire home/apt,273.48,7,10,2023-12-29,0.39,1,352
3113,68590,Brooklyn,Bushwick,40.635323,-74.024501,Hotel room,136.51,30,19,2024-05-25,0.23,1,167
3114,52841,Manhattan,Lower East Side,40.785883,-73.985406,Private room,105.54,5,31,2024-01-20,2.23,1,199
3115,97299,Manhattan,Midtown,40.770606,-73.968131,Entire home/apt,419.73,30,9,2023-09-20,2.49,1,182
3116,26793,Queens,Forest Hills,40.605546,-73.934226,Entire home/apt,148.48,7,37,2024-08-06,1.88,2,252
3117,69245,Brooklyn,Crown Heights,40.718452,-74.06005,Private room,89.53,3,11,2024-05-07,0.02,1,1
3118,45985,Manhattan,Harlem,40.763566,-74.007197,Entire home/apt,213.58,30,44,2023-03-30,0.5,1,348
3119,70504,Manhattan,Harlem,40.773377,-73.962639,Entire home/apt,169.05,5,20,2023-11-05,0.67,1,89
3120,2633,Manhattan,Hell Kitchen,40.785347,-73.923363,Private room,242.98,14,14,2022-11-17,1.76,1,93
3121,74764,Manhattan,Harlem,40.804838,-73.989823,Entire home/apt,359.54,14,19,2023-09-13,2.11,1,316
3122,31008,Manhattan,Harlem,40.759159,-73.917066,Private room,75.21,7,43,2024-06-27,1.48,1,312
3123,24178,Manhattan,Hell Kitchen,40.804351,-73.959413,Entire home/apt,390.81,5,26,2024-07-28,2.33,1,64
3124,22052,Brooklyn,Bed-Stuy,40.682691,-73.927789,Private room,138.84,14,3,2024-07-21,0.84,1,93
3125,87669,Brooklyn,Crown Heights,40.589276,-73.934778,Entire home/apt,201.79,30,35,2024-07-19,1.17,1,12
3126,7727,Brooklyn,Bed-Stuy,40.682474,-73.998448,Entire home/apt,363.85,1,7,2024-08-18,0.1,10,232
3127,10808,Brooklyn,Bed-Stuy,40.645888,-73.853289,Entire home/apt,209.39,30,27,2023-07-02,0.84,1,148
3128,44084,Manhattan,Lower East Side,40.780597,-73.929777,Shared room,45.96,5,29,2024-04-29,0.85,1,60
3129,83798,Bronx,Fordham,40.757766,-73.890907,Private room,62.96,14,20,2024-08-13,1.42,1,39
3130,69870,Queens,Astoria,40.604418,-73.891654,Entire home/apt,158.82,14,17,2023-12-18,0.71,3,90
3131,52790,Queens,Flushing,40.661944,-73.769675,Private room,56.56,14,13,2024-06-23,0.41,1,196
3132,67984,Queens,Astoria,40.749546,-73.849243,Private room,90.57,3,19,2024-08-19,0.41,1,12
3133,98901,Bronx,Fordham,40.73341,-73.790915,Hotel room,41.88,7,13,2024-07-26,0.22,1,203
3134,62198,Brooklyn,Bed-Stuy,40.661054,-74.011177,Entire home/apt,285.35,5,24,2024-02-22,1.81,1,32
3135,94930,Manhattan,Tribeca,40.788599,-73.967111,Private room,101.35,30,42,2023-11-22,1.46,2,93
3136,15429,Brooklyn,Bushwick,40.658839,-73.935288,Entire home/apt,129.48,2,12,2024-07-11,1.3,1,47
3137,30881,Brooklyn,Bed-Stuy,40.608898,-73.898605,Entire home/apt,183.45,7,22,2024-03-31,1.14,1,133
3138,62486,Brooklyn,Crown Heights,40.618388,-73.980534,Shared room,64.21,30,18,2024-09-01,0.69,50,330
3139,8971,Brooklyn,Bushwick,40.717128,-73.871962,Private room,102.51,7,49,2024-07-05,2.2,1,292
3140,51302,Manhattan,Hell Kitchen,40.814815,-73.950084,Entire home/apt,213.98,30,8,2024-07-27,3.83,3,294
3141,57397,Manhattan,Lower East Side,40.776619,-74.002021,Entire home/apt,235.22,2,4,2024-08-18,0.87,1,174
3142,93675,Bronx,Mott Haven,40.915053,-73.796265,Private room,34.58,5,20,2024-05-05,0.79,1,236
3143,66888,Brooklyn,Bushwick,40.637881,-73.888929,Private room,87.75,1,5,2024-03-06,0.27,1,133
3144,88609,Brooklyn,Bed-Stuy,40.658269,-73.854123,Entire home/apt,295.16,3,31,2024-08-24,1.67,1,145
3145,56030,Manhattan,Hell Kitchen,40.772803,-73.931627,Shared room,80.86,1,33,2024-08-06,1.22,1,209
3146,95919,Manhattan,Chelsea,40.798822,-73.935249,Entire home/apt,406.15,3,9,2023-05-06,6.63,10,10
3147,5686,Queens,Astoria,40.691096,-73.762498,Entire home/apt,257.75,3,36,2024-07-18,1.32,1,233
3148,83149,Brooklyn,Bushwick,40.620043,-73.893561,Shared room,42.68,7,5,2023-12-20,0.51,1,196
3149,1320,Queens,Forest Hills,40.800123,-73.603138,Entire home/apt,133.64,3,10,2023-12-29,1.24,1,23
3150,19917,Brooklyn,Crown Heights,40.707122,-73.900754,Entire home/apt,457.59,7,50,2024-06-24,6.27,20,65
3151,53890,Brooklyn,Williamsburg,40.64995,-73.911717,Private room,171.07,2,5,2024-07-22,1.93,1,239
3152,46133,Manhattan,Upper East Side,40.775502,-73.968883,Private room,73.76,30,26,2024-07-13,0.21,2,290
3153,59967,Brooklyn,Williamsburg,40.688671,-73.965338,Entire home/apt,224.16,3,21,2024-04-04,0.63,1,225
3154,95031,Brooklyn,Bushwick,40.681977,-73.966718,Shared room,54.01,2,3,2024-06-07,0.53,2,361
3155,91304,Brooklyn,Crown Heights,40.655416,-73.8796,Private room,133.61,1,2,2024-05-01,2.92,1,1
3156,81617,Brooklyn,Crown Heights,40.688725,-73.923376,Entire home/apt,142.52,30,26,2023-11-06,1.42,1,243
3157,7987,Bronx,Riverdale,40.771935,-73.843627,Private room,38.88,7,8,2024-04-29,2.49,1,139
3158,1808,Manhattan,Lower East Side,40.793708,-73.979167,Entire home/apt,219.76,7,4,2022-01-13,0.29,1,257
3159,78385,Queens,Astoria,40.895002,-73.978038,Entire home/apt,114.55,5,17,2024-02-17,3.58,1,290
3160,84753,Manhattan,Lower East Side,40.798787,-73.956944,Private room,199.53,3,7,2024-07-22,0.09,5,348
3161,5514,Brooklyn,Bushwick,40.710695,-73.933627,Shared room,33.67,5,15,2024-04-30,0.7,1,352
3162,83736,Manhattan,Harlem,40.794114,-73.953836,Entire home/apt,224.51,30,11,2023-11-04,0.02,3,260
3163,23933,Manhattan,Harlem,40.768582,-73.965216,Entire home/apt,140.8,5,39,2024-07-19,0.31,1,362
3164,46476,Brooklyn,Bed-Stuy,40.667201,-74.009826,Entire home/apt,287.25,2,8,2024-01-10,4.91,1,115
3165,36131,Manhattan,Chelsea,40.797443,-73.982487,Entire home/apt,478.84,7,8,2024-08-26,0.12,1,106
3166,78835,Brooklyn,Park Slope,40.588328,-73.976547,Entire home/apt,168.45,14,2,2023-04-06,0.24,1,58
3167,97547,Bronx,South Bronx,40.804855,-73.813376,Entire home/apt,96.58,2,1,2024-02-19,3.88,1,160
3168,12049,Manhattan,Tribeca,40.786164,-73.943552,Private room,172.62,14,24,2024-08-01,1.86,1,181
3169,46919,Queens,Long Island City,40.674876,-73.724966,Entire home/apt,259.72,7,10,2023-08-25,0.78,1,102
3170,16440,Brooklyn,Park Slope,40.848577,-73.922838,Entire home/apt,226.09,7,49,2024-08-17,0.11,1,204
3171,56169,Brooklyn,Crown Heights,40.729899,-73.902589,Private room,72.63,5,17,2024-05-31,2.31,1,286
3172,69510,Manhattan,Harlem,40.754658,-73.959484,Private room,75.36,2,54,2024-01-05,1.02,1,18
3173,77563,Manhattan,Harlem,40.789229,-73.976395,Entire home/apt,184.36,2,4,2023-04-22,0.59,1,280
3174,96093,Manhattan,Upper East Side,40.765419,-73.95732,Entire home/apt,296.56,14,14,2024-06-16,0.67,1,106
3175,54892,Manhattan,Tribeca,40.763652,-73.928527,Private room,110.8,7,21,2023-10-18,1.06,1,190
3176,3247,Manhattan,Lower East Side,40.785383,-73.995666,Entire home/apt,311.36,2,3,2024-07-24,1.2,1,52
3177,16631,Brooklyn,Bushwick,40.64736,-73.960888,Entire home/apt,153.9,3,15,2024-08-26,2.56,1,36
3178,67107,Queens,Flushing,40.92119,-73.865667,Private room,47.15,30,4,2024-08-27,2.22,1,358
3179,72263,Queens,Jamaica,40.718903,-73.837926,Entire home/apt,89.93,2,21,2024-02-21,2.19,1,42
3180,61930,Brooklyn,Park Slope,40.708156,-73.975513,Entire home/apt,358.68,1,14,2024-08-02,1.96,1,178
3181,81584,Manhattan,Chelsea,40.760319,-73.975106,Entire home/apt,410.98,2,5,2024-08-23,2.13,1,46
3182,37067,Manhattan,Lower East Side,40.777112,-73.983045,Entire home/apt,575.46,3,18,2022-10-25,1.7,1,57
3183,55816,Manhattan,Tribeca,40.772324,-73.947506,Entire home/apt,357.43,14,14,2024-07-14,3.04,1,233
3184,46381,Manhattan,Harlem,40.776705,-73.993883,Hotel room,181.87,2,20,2024-05-13,1.22,3,130
3185,24135,Brooklyn,Bed-Stuy,40.650473,-73.94094,Entire home/apt,325.98,3,17,2024-03-15,1.1,1,70
3186,69881,Brooklyn,Bed-Stuy,40.598024,-73.846641,Entire home/apt,189.48,1,15,2024-08-04,1.81,1,332
3187,22763,Manhattan,Lower East Side,40.800452,-73.942597,Entire home/apt,314.6,30,24,2024-06-14,0.27,2,254
3188,89235,Manhattan,Hell Kitchen,40.790943,-74.013074,Shared room,79.62,14,15,2024-02-27,2.25,1,312
3189,11587,Queens,Jamaica,40.851027,-73.863985,Private room,22.15,5,16,2024-03-02,4.13,1,23
3190,13962,Queens,Jamaica,40.665625,-73.782394,Entire home/apt,273.61,7,16,2023-10-05,0.53,1,101
3191,74313,Manhattan,Tribeca,40.810665,-73.950134,Private room,175.25,7,5,2024-05-21,1.42,1,324
3192,95071,Bronx,Mott Haven,40.890114,-73.880391,Entire home/apt,124.14,7,25,2023-08-01,0.05,2,150
3193,81417,Bronx,Riverdale,40.82842,-73.847503,Entire home/apt,106.14,30,12,2024-02-08,2.18,1,360
3194,68696,Manhattan,Lower East Side,40.780499,-73.953414,Entire home/apt,307.46,1,33,2024-04-06,1.23,1,171
3195,5260,Manhattan,Lower East Side,40.799702,-73.959373,Entire home/apt,226.8,1,3,2024-08-10,1.68,1,309
3196,10696,Brooklyn,Williamsburg,40.526642,-73.936521,Entire home/apt,245.7,3,6,2024-04-01,0.23,1,190
3197,76748,Bronx,South Bronx,40.839357,-73.856399,Private room,32.25,1,15,2024-03-23,2.49,2,122
3198,29859,Queens,Flushing,40.667854,-73.900883,Entire home/apt,155.13,5,15,2023-12-21,0.44,1,273
3199,98387,Manhattan,Chelsea,40.792363,-73.978326,Private room,180.27,3,14,2024-01-17,1.73,1,254
3200,29438,Manhattan,Tribeca,40.794594,-73.984618,Entire home/apt,266.0,30,59,2024-04-19,1.35,1,167
3201,37746,Brooklyn,Williamsburg,40.763155,-73.884136,Entire home/apt,222.7,5,32,2024-03-24,1.59,1,83
3202,24154,Brooklyn,Bed-Stuy,40.69601,-73.956997,Entire home/apt,129.15,5,3,2023-12-10,0.08,1,325
3203,79905,Manhattan,Lower East Side,40.800148,-73.963349,Shared room,55.04,30,28,2024-06-16,2.03,1,221
3204,73280,Queens,Long Island City,40.747287,-73.711471,Entire home/apt,158.3,14,19,2024-08-06,2.38,1,241
3205,33839,Brooklyn,Bed-Stuy,40.763792,-74.019345,Private room,125.94,2,4,2023-08-25,0.97,1,124
3206,23149,Queens,Forest Hills,40.644169,-73.857321,Entire home/apt,68.02,7,19,2023-01-07,0.79,1,69
3207,77375,Queens,Flushing,40.608006,-73.79992,Entire home/apt,177.44,5,28,2024-05-24,0.63,1,272
3208,32443,Brooklyn,Greenpoint,40.714207,-73.945485,Entire home/apt,154.5,7,5,2022-05-21,3.94,1,180
3209,6378,Brooklyn,Park Slope,40.646153,-73.876613,Entire home/apt,177.75,3,23,2024-06-23,2.11,1,122
3210,43856,Brooklyn,Williamsburg,40.686633,-73.923621,Entire home/apt,112.36,7,2,2024-08-20,1.8,1,252
3211,78625,Manhattan,Hell Kitchen,40.806185,-73.973665,Entire home/apt,204.86,1,20,2024-04-02,3.9,1,206
3212,75774,Brooklyn,Bushwick,40.801813,-73.971069,Private room,141.29,7,2,2023-09-03,0.64,1,307
3213,37536,Manhattan,Tribeca,40.823059,-73.990695,Entire home/apt,291.81,1,6,2024-03-13,1.49,1,336
3214,11322,Brooklyn,Bushwick,40.709249,-73.982752,Private room,82.37,2,44,2024-08-31,1.74,1,24
3215,2664,Manhattan,Upper East Side,40.805491,-73.980765,Entire home/apt,274.89,2,41,2024-08-30,8.37,3,43
3216,90858,Manhattan,Hell Kitchen,40.788917,-73.984211,Entire home/apt,350.25,5,17,2024-01-14,0.84,1,39
3217,80872,Manhattan,Harlem,40.801845,-73.984315,Private room,171.75,1,11,2023-10-02,0.77,3,208
3218,44374,Manhattan,Upper East Side,40.816768,-73.99112,Entire home/apt,279.49,1,19,2024-07-11,0.13,2,43
3219,25219,Brooklyn,Bed-Stuy,40.597462,-73.887107,Entire home/apt,297.28,7,18,2024-05-10,0.16,1,112
3220,8151,Brooklyn,Crown Heights,40.642701,-73.944634,Private room,141.53,30,34,2023-01-26,1.08,1,297
3221,44076,Brooklyn,Park Slope,40.658866,-74.022956,Private room,113.26,2,18,2024-05-13,0.28,1,162
3222,67130,Manhattan,Midtown,40.78156,-73.945902,Entire home/apt,294.36,1,8,2024-08-06,0.11,1,138
3223,60179,Manhattan,Harlem,40.803163,-73.966564,Entire home/apt,374.61,3,20,2023-06-23,5.02,1,283
3224,6004,Manhattan,Tribeca,40.805345,-73.99239,Shared room,91.85,2,26,2024-05-01,4.54,1,171
3225,33733,Manhattan,Tribeca,40.776591,-73.963284,Entire home/apt,440.22,5,15,2024-06-18,0.59,1,19
3226,65711,Queens,Astoria,40.717767,-73.814646,Private room,103.18,5,18,2024-08-14,2.34,1,127
3227,66104,Manhattan,Harlem,40.759087,-74.012827,Entire home/apt,191.65,14,36,2024-05-14,3.09,1,104
3228,81664,Manhattan,Lower East Side,40.799457,-73.966336,Entire home/apt,186.53,2,18,2023-12-12,0.94,1,32
3229,65075,Manhattan,Midtown,40.80114,-73.979945,Private room,108.78,1,4,2024-01-18,0.38,2,163
3230,28130,Manhattan,Tribeca,40.768844,-73.971069,Private room,212.78,5,17,2024-05-01,0.21,1,172
3231,35029,Brooklyn,Crown Heights,40.729452,-73.958087,Entire home/apt,102.2,2,13,2024-01-17,0.23,1,82
3232,38148,Brooklyn,Williamsburg,40.726307,-74.004578,Entire home/apt,224.84,7,14,2024-06-16,2.39,1,313
3233,63698,Manhattan,Upper East Side,40.779871,-73.972602,Private room,166.47,1,32,2024-01-06,0.73,1,346
3234,89438,Manhattan,Tribeca,40.807628,-73.967047,Private room,229.26,2,21,2024-08-16,1.77,1,34
3235,44969,Manhattan,Upper East Side,40.818022,-73.998154,Entire home/apt,309.54,7,1,2024-07-24,1.16,1,86
3236,98263,Manhattan,Hell Kitchen,40.785698,-73.967612,Private room,84.14,30,2,2023-08-20,0.75,1,234
3237,16137,Manhattan,Upper East Side,40.795502,-73.987467,Private room,98.11,3,19,2024-07-01,0.2,1,33
3238,72226,Bronx,Mott Haven,40.929022,-73.864152,Private room,33.91,30,13,2024-07-22,0.61,2,135
3239,80072,Brooklyn,Bushwick,40.612976,-73.945161,Private room,77.41,5,2,2024-08-16,2.75,1,193
3240,54696,Brooklyn,Bushwick,40.65941,-73.777206,Entire home/apt,178.45,2,27,2024-06-04,2.5,1,88
3241,10417,Brooklyn,Park Slope,40.741197,-73.94122,Private room,60.23,30,25,2024-08-20,0.04,1,216
3242,16381,Brooklyn,Williamsburg,40.671485,-73.887137,Private room,172.88,14,14,2024-05-01,0.23,1,44
3243,16028,Brooklyn,Williamsburg,40.738132,-74.118893,Entire home/apt,113.0,1,22,2023-06-07,2.12,1,348
3244,98780,Brooklyn,Bushwick,40.71678,-73.942522,Entire home/apt,328.96,7,7,2023-11-28,0.61,10,277
3245,81086,Brooklyn,Williamsburg,40.599531,-73.891387,Entire home/apt,308.45,2,47,2024-08-25,1.55,1,246
3246,39146,Manhattan,Harlem,40.828024,-73.960064,Private room,206.26,2,13,2024-06-29,1.24,2,141
3247,4757,Brooklyn,Greenpoint,40.744226,-73.835953,Entire home/apt,145.47,7,40,2024-07-26,1.58,20,179
3248,28000,Brooklyn,Bushwick,40.628384,-74.055654,Private room,110.09,14,5,2024-08-20,0.08,20,111
3249,99135,Queens,Long Island City,40.780749,-73.814709,Shared room,24.3,2,15,2024-08-12,4.01,1,234
3250,26816,Brooklyn,Bed-Stuy,40.59575,-73.94889,Private room,138.2,1,12,2023-06-30,0.03,1,47
3251,20624,Brooklyn,Greenpoint,40.721853,-73.953138,Shared room,52.43,5,33,2024-06-27,0.01,1,330
3252,29221,Manhattan,Harlem,40.767363,-73.97567,Hotel room,183.38,30,29,2024-06-04,0.38,1,241
3253,80237,Brooklyn,Bushwick,40.677031,-74.059969,Entire home/apt,117.68,1,11,2024-05-05,7.55,1,242
3254,80300,Manhattan,Upper East Side,40.780245,-73.998087,Private room,53.45,1,29,2023-12-31,0.11,1,178
3255,88473,Manhattan,Midtown,40.796281,-74.002421,Entire home/apt,190.1,5,33,2023-11-18,3.11,1,140
3256,23950,Manhattan,Upper East Side,40.803354,-73.979383,Private room,224.74,14,13,2023-01-13,0.26,1,288
3257,74679,Brooklyn,Greenpoint,40.645621,-73.926533,Entire home/apt,163.43,2,8,2024-07-21,0.17,1,238
3258,1938,Manhattan,Hell Kitchen,40.765779,-73.965625,Hotel room,201.85,7,62,2024-06-29,2.26,3,179
3259,34108,Manhattan,Upper East Side,40.768458,-73.982335,Private room,187.17,7,9,2024-06-26,2.81,1,291
3260,11023,Queens,Long Island City,40.760628,-73.885986,Private room,148.25,3,19,2024-05-18,2.36,1,50
3261,8556,Manhattan,Upper East Side,40.757813,-73.966235,Entire home/apt,489.29,1,27,2023-11-10,0.41,1,175
3262,30920,Brooklyn,Bed-Stuy,40.676586,-73.934078,Entire home/apt,130.13,5,24,2024-07-14,3.18,1,169
3263,16938,Brooklyn,Crown Heights,40.697858,-73.940757,Private room,44.14,7,17,2023-12-02,0.11,1,226
3264,71144,Manhattan,Tribeca,40.795262,-73.969251,Entire home/apt,740.12,5,11,2024-07-22,0.63,1,4
3265,82726,Queens,Jamaica,40.567616,-73.934731,Private room,178.44,7,36,2024-01-23,0.93,1,231
3266,7473,Manhattan,Tribeca,40.821659,-73.971199,Entire home/apt,310.55,30,44,2023-11-18,0.11,5,252
3267,57670,Brooklyn,Williamsburg,40.735214,-73.964942,Private room,57.75,5,7,2023-09-21,1.3,3,282
3268,11219,Brooklyn,Park Slope,40.674719,-73.971402,Entire home/apt,282.25,1,11,2024-04-26,1.23,1,162
3269,5123,Brooklyn,Bushwick,40.826156,-73.929005,Private room,91.94,3,8,2024-06-22,7.28,1,73
3270,39746,Brooklyn,Greenpoint,40.646109,-74.043292,Private room,91.76,3,1,2023-12-10,1.46,1,27
3271,39453,Manhattan,Tribeca,40.822575,-73.974466,Entire home/apt,411.88,1,27,2024-06-24,0.76,1,352
3272,73310,Manhattan,Midtown,40.797985,-73.95408,Entire home/apt,329.21,30,15,2024-08-04,2.34,1,291
3273,5490,Brooklyn,Greenpoint,40.65043,-73.903853,Entire home/apt,119.48,14,11,2023-10-14,0.61,1,98
3274,14012,Brooklyn,Park Slope,40.641952,-74.003626,Private room,84.31,30,15,2024-05-29,1.14,1,16
3275,9484,Queens,Long Island City,40.821357,-73.807555,Private room,93.8,14,4,2024-04-02,0.09,2,202
3276,97677,Queens,Long Island City,40.769681,-73.762026,Private room,88.3,2,7,2023-06-08,0.58,1,163
3277,43232,Queens,Forest Hills,40.779235,-73.919423,Entire home/apt,159.91,2,25,2024-08-06,1.13,1,36
3278,45449,Brooklyn,Bed-Stuy,40.643083,-73.963669,Entire home/apt,278.9,5,36,2024-04-08,1.82,3,145
3279,41597,Manhattan,Tribeca,40.76647,-73.96262,Entire home/apt,249.2,1,6,2024-04-07,0.16,1,286
3280,67505,Queens,Forest Hills,40.823151,-73.687285,Entire home/apt,154.67,1,6,2023-09-11,2.39,1,155
3281,45675,Brooklyn,Park Slope,40.657848,-73.926682,Entire home/apt,49.76,5,11,2024-06-18,3.46,2,64
3282,94654,Manhattan,Hell Kitchen,40.792013,-73.958775,Hotel room,180.44,30,3,2024-06-01,0.49,1,158
3283,19686,Queens,Flushing,40.657949,-73.649254,Private room,97.73,5,2,2024-04-23,2.17,1,115
3284,4279,Queens,Long Island City,40.802322,-73.718688,Entire home/apt,123.18,7,21,2024-07-31,0.3,1,39
3285,84127,Brooklyn,Greenpoint,40.750408,-73.912152,Private room,79.67,3,11,2024-05-10,1.11,1,139
3286,9594,Manhattan,Upper East Side,40.762554,-73.973979,Private room,94.94,7,12,2024-05-21,2.4,1,346
3287,34806,Manhattan,Chelsea,40.750079,-73.962899,Entire home/apt,430.22,5,56,2024-07-24,0.73,1,282
3288,85274,Queens,Jamaica,40.714663,-73.798142,Entire home/apt,179.32,5,7,2023-10-15,0.04,1,188
3289,6272,Bronx,Riverdale,40.905,-73.88765,Entire home/apt,151.36,5,23,2024-05-23,1.16,1,109
3290,46259,Manhattan,Harlem,40.778058,-73.970761,Entire home/apt,144.38,30,15,2024-06-28,2.79,50,336
3291,26568,Manhattan,Harlem,40.7463,-73.976521,Shared room,75.96,7,0,,0.0,1,152
3292,81967,Queens,Jamaica,40.529336,-73.841742,Private room,64.37,3,5,2024-08-07,0.05,1,93
3293,25244,Manhattan,Lower East Side,40.800204,-73.962255,Entire home/apt,257.43,5,20,2024-08-16,2.48,1,137
3294,29738,Brooklyn,Greenpoint,40.642511,-73.941752,Entire home/apt,150.07,2,9,2023-01-30,0.47,20,359
3295,69779,Bronx,Fordham,40.791051,-73.864917,Private room,47.37,3,17,2022-01-16,0.68,1,14
3296,1805,Manhattan,Upper East Side,40.841706,-73.934284,Private room,202.28,2,3,2023-07-19,0.14,1,146
3297,30372,Brooklyn,Greenpoint,40.681357,-73.934591,Private room,44.67,2,17,2024-05-14,0.15,1,67
3298,30252,Manhattan,Midtown,40.763509,-73.987236,Private room,293.16,3,13,2023-11-10,1.43,3,142
3299,55317,Manhattan,Chelsea,40.790344,-73.981698,Entire home/apt,349.5,2,12,2023-10-14,1.21,1,228
3300,87118,Queens,Jamaica,40.800532,-73.669325,Private room,70.79,1,13,2024-06-29,0.52,10,270
3301,75478,Brooklyn,Crown Heights,40.698157,-73.938096,Private room,137.98,30,27,2024-03-27,0.9,1,96
3302,12295,Staten Island,New Dorp,40.495461,-74.120296,Entire home/apt,55.5,7,30,2023-02-14,0.74,1,12
3303,21219,Brooklyn,Greenpoint,40.60958,-73.969281,Private room,73.59,5,19,2024-07-04,1.78,1,208
3304,63866,Manhattan,Midtown,40.802292,-73.950605,Entire home/apt,274.38,1,17,2024-02-19,2.97,1,58
3305,37378,Manhattan,Midtown,40.77377,-73.979378,Entire home/apt,497.3,5,18,2024-02-19,2.17,1,268
3306,68028,Manhattan,Chelsea,40.769114,-73.995157,Entire home/apt,282.69,30,31,2024-05-16,0.01,1,56
3307,8457,Manhattan,Harlem,40.770404,-74.003463,Entire home/apt,344.81,5,5,2024-05-03,0.16,3,181
3308,79964,Manhattan,Upper East Side,40.796761,-73.96331,Entire home/apt,227.5,1,74,2024-05-15,0.84,1,295
3309,91932,Manhattan,Harlem,40.794311,-73.990288,Entire home/apt,349.92,5,11,2024-04-22,2.86,3,349
3310,44678,Brooklyn,Bushwick,40.606496,-73.940989,Entire home/apt,375.55,30,7,2024-08-04,0.41,1,99
3311,21279,Brooklyn,Bed-Stuy,40.682046,-73.953036,Entire home/apt,285.92,3,33,2023-11-21,3.17,2,286
3312,56647,Brooklyn,Crown Heights,40.660831,-73.841553,Entire home/apt,185.84,7,18,2024-02-20,0.17,1,268
3313,26161,Brooklyn,Williamsburg,40.703762,-73.825959,Entire home/apt,251.56,30,10,2022-11-16,0.11,1,279
3314,95616,Manhattan,Hell Kitchen,40.808479,-73.937135,Private room,181.42,30,10,2024-07-13,3.67,1,348
3315,36541,Manhattan,Lower East Side,40.761611,-73.959337,Entire home/apt,352.69,30,5,2024-08-04,0.27,2,55
3316,49690,Brooklyn,Williamsburg,40.652294,-74.044003,Entire home/apt,299.55,5,23,2024-06-18,0.93,1,301
3317,92060,Brooklyn,Greenpoint,40.76796,-73.961822,Private room,149.33,7,23,2024-04-26,0.59,1,257
3318,90936,Manhattan,Upper East Side,40.761998,-73.979491,Private room,136.86,30,6,2024-07-22,0.24,1,309
3319,4541,Queens,Jamaica,40.664502,-73.850396,Private room,93.08,14,1,2024-05-13,1.5,1,79
3320,24506,Queens,Flushing,40.710472,-73.656435,Entire home/apt,123.54,2,5,2024-02-29,4.97,1,283
3321,35492,Brooklyn,Bed-Stuy,40.638221,-73.844644,Entire home/apt,132.72,5,58,2024-08-22,1.61,1,345
3322,15242,Manhattan,Chelsea,40.800077,-73.963275,Private room,129.28,2,15,2023-12-21,0.65,1,351
3323,1594,Queens,Long Island City,40.78805,-73.793808,Entire home/apt,139.67,7,12,2023-04-15,1.87,2,188
3324,45826,Brooklyn,Bed-Stuy,40.755363,-73.910181,Entire home/apt,98.78,1,14,2024-07-07,0.23,1,361
3325,78962,Queens,Flushing,40.595027,-73.7712,Entire home/apt,203.15,7,12,2023-12-07,1.3,2,195
3326,40145,Queens,Astoria,40.790918,-73.81802,Private room,23.8,3,6,2024-05-27,0.95,1,132
3327,22019,Queens,Jamaica,40.7383,-73.843929,Entire home/apt,426.55,3,32,2024-02-18,0.67,1,16
3328,46858,Brooklyn,Crown Heights,40.595542,-74.037223,Shared room,98.47,7,11,2024-01-01,2.02,1,147
3329,91244,Manhattan,Harlem,40.752359,-73.957819,Private room,129.72,7,43,2024-07-01,0.19,1,167
3330,99133,Brooklyn,Bushwick,40.528783,-73.984189,Entire home/apt,192.73,2,24,2023-11-28,1.14,2,92
3331,32389,Brooklyn,Bed-Stuy,40.632261,-73.96113,Private room,108.37,2,7,2024-08-13,2.89,1,81
3332,44345,Brooklyn,Bushwick,40.566814,-73.919967,Private room,75.84,5,10,2022-07-17,0.34,1,308
3333,47912,Manhattan,Midtown,40.757637,-73.948552,Private room,155.53,2,8,2024-06-20,0.46,1,327
3334,67921,Manhattan,Midtown,40.770665,-73.973112,Entire home/apt,271.88,14,42,2024-07-18,1.62,1,167
3335,82071,Queens,Flushing,40.728502,-73.775361,Private room,69.34,1,14,2024-08-06,2.22,1,208
3336,65663,Brooklyn,Bed-Stuy,40.680421,-73.969827,Entire home/apt,206.45,1,1,2023-11-05,0.5,1,45
3337,90680,Bronx,Fordham,40.861952,-73.841493,Shared room,18.09,14,26,2024-03-27,0.67,2,211
3338,53906,Queens,Flushing,40.666989,-73.760791,Entire home/apt,146.3,2,3,2023-03-06,2.02,1,282
3339,98479,Brooklyn,Bed-Stuy,40.749703,-73.901846,Entire home/apt,204.97,14,14,2024-02-27,0.5,1,1
3340,9465,Brooklyn,Bushwick,40.734143,-73.933885,Private room,101.08,7,8,2024-06-19,1.65,1,51
3341,49288,Queens,Astoria,40.653308,-73.859672,Private room,66.04,7,11,2023-10-12,0.26,1,284
3342,47685,Brooklyn,Greenpoint,40.697393,-73.887634,Private room,151.33,1,11,2024-07-04,0.79,1,5
3343,84635,Brooklyn,Greenpoint,40.845355,-73.885291,Entire home/apt,166.67,30,0,,0.0,1,147
3344,69618,Manhattan,Midtown,40.759691,-73.986545,Entire home/apt,315.42,7,13,2024-07-02,0.92,1,330
3345,20907,Brooklyn,Bushwick,40.814911,-73.957063,Shared room,90.73,3,39,2024-08-27,0.03,1,111
3346,25065,Brooklyn,Park Slope,40.681051,-74.001825,Private room,93.0,7,34,2024-07-11,0.78,5,145
3347,93954,Manhattan,Lower East Side,40.814402,-73.961193,Private room,156.9,1,8,2024-07-09,0.51,1,102
3348,8569,Manhattan,Tribeca,40.767608,-73.991077,Entire home/apt,277.11,5,22,2024-06-30,0.16,1,21
3349,68940,Manhattan,Lower East Side,40.789244,-73.970316,Entire home/apt,472.44,30,37,2024-06-11,0.01,1,13
3350,77449,Manhattan,Chelsea,40.799742,-73.960261,Private room,129.89,2,13,2024-03-31,0.07,1,5
3351,83357,Manhattan,Hell Kitchen,40.77781,-73.982076,Private room,240.6,2,57,2024-07-20,4.47,1,276
3352,2473,Brooklyn,Bushwick,40.668603,-73.977241,Entire home/apt,184.21,5,19,2024-03-03,2.08,1,319
3353,29727,Bronx,Mott Haven,40.83829,-73.863978,Private room,38.57,3,5,2024-08-07,4.21,1,263
3354,1344,Brooklyn,Bed-Stuy,40.624324,-73.906359,Private room,125.98,30,18,2023-05-09,0.18,1,273
3355,8401,Manhattan,Tribeca,40.775691,-73.988038,Entire home/apt,254.96,3,9,2024-08-28,1.27,1,197
3356,1146,Manhattan,Upper East Side,40.776068,-73.966355,Entire home/apt,369.13,5,13,2023-06-30,0.13,1,118
3357,44295,Brooklyn,Bed-Stuy,40.683182,-73.918873,Entire home/apt,64.44,7,6,2024-04-12,0.04,1,354
3358,95627,Manhattan,Tribeca,40.801067,-73.945101,Private room,144.3,30,3,2024-01-23,0.94,3,181
3359,22062,Queens,Long Island City,40.751039,-73.880452,Entire home/apt,119.82,1,16,2024-06-30,1.56,1,162
3360,32404,Brooklyn,Park Slope,40.662053,-74.004459,Entire home/apt,125.49,30,5,2024-07-29,0.1,1,365
3361,25832,Queens,Forest Hills,40.863948,-73.635908,Private room,57.71,3,6,2023-03-22,0.68,1,300
3362,12443,Manhattan,Chelsea,40.796106,-73.954031,Entire home/apt,228.94,3,8,2024-05-20,0.14,1,180
3363,57096,Brooklyn,Williamsburg,40.693257,-73.922237,Entire home/apt,188.35,5,12,2024-05-07,0.67,2,309
3364,90249,Manhattan,Upper East Side,40.751151,-73.972679,Entire home/apt,166.67,14,21,2022-07-30,0.96,10,184
3365,41847,Bronx,Riverdale,40.800742,-73.850732,Entire home/apt,123.47,5,43,2024-06-20,0.62,1,72
3366,4934,Brooklyn,Crown Heights,40.674623,-73.827391,Private room,165.81,3,21,2024-08-13,1.29,1,79
3367,54368,Manhattan,Chelsea,40.801433,-73.96551,Entire home/apt,322.25,7,10,2024-03-26,1.32,3,202
3368,45673,Manhattan,Midtown,40.777761,-73.93768,Private room,199.02,14,8,2024-04-09,0.61,1,47
3369,19621,Manhattan,Upper East Side,40.782501,-73.964567,Private room,223.1,2,58,2023-12-10,0.74,1,297
3370,96051,Brooklyn,Park Slope,40.680735,-73.968449,Entire home/apt,314.85,2,27,2023-02-21,0.87,1,278
3371,58362,Manhattan,Chelsea,40.78383,-74.010439,Entire home/apt,608.51,2,54,2024-06-27,0.71,1,181
3372,49591,Brooklyn,Bushwick,40.585338,-73.923222,Entire home/apt,157.25,14,14,2024-01-15,2.14,1,61
3373,32503,Manhattan,Upper East Side,40.814464,-73.964236,Entire home/apt,216.06,2,6,2024-05-22,0.23,1,185
3374,73603,Brooklyn,Bushwick,40.634978,-74.030771,Private room,131.33,3,9,2023-12-01,2.92,1,211
3375,12909,Queens,Astoria,40.790962,-73.840276,Private room,95.58,3,11,2024-07-31,0.6,1,336
3376,73474,Queens,Long Island City,40.779659,-73.763711,Entire home/apt,196.39,2,7,2024-04-29,1.93,50,337
3377,10936,Queens,Astoria,40.766464,-73.792212,Entire home/apt,306.59,2,15,2024-08-18,3.23,1,284
3378,56206,Manhattan,Midtown,40.790773,-73.973589,Entire home/apt,289.31,7,11,2024-04-06,3.28,2,159
3379,30324,Manhattan,Hell Kitchen,40.770394,-73.99047,Private room,170.76,7,16,2024-07-30,0.9,1,49
3380,58839,Brooklyn,Bushwick,40.535099,-73.955067,Entire home/apt,129.72,14,16,2023-01-31,0.44,1,121
3381,41984,Manhattan,Hell Kitchen,40.813488,-73.956598,Entire home/apt,676.61,7,10,2024-04-09,1.4,1,301
3382,59024,Brooklyn,Park Slope,40.691863,-73.98824,Entire home/apt,167.82,1,1,2024-04-19,0.3,1,133
3383,25187,Manhattan,Hell Kitchen,40.803047,-73.973586,Private room,127.3,30,28,2022-11-26,2.35,2,324
3384,61580,Manhattan,Hell Kitchen,40.814599,-73.990822,Private room,125.35,30,9,2024-04-30,1.86,1,204
3385,62332,Manhattan,Tribeca,40.768101,-73.988145,Entire home/apt,222.52,7,12,2024-02-11,2.38,2,152
3386,15890,Queens,Long Island City,40.609631,-73.869864,Entire home/apt,107.56,30,3,2024-08-24,0.85,1,350
3387,16659,Manhattan,Lower East Side,40.785164,-73.985444,Hotel room,175.18,7,22,2024-01-24,1.22,1,225
3388,3003,Brooklyn,Bed-Stuy,40.446817,-73.879744,Entire home/apt,111.18,3,5,2024-08-13,0.16,1,56
3389,40379,Manhattan,Harlem,40.749418,-73.959415,Private room,105.18,2,9,2023-12-04,1.75,1,153
3390,83217,Brooklyn,Bed-Stuy,40.680073,-73.817158,Entire home/apt,418.67,14,3,2023-08-22,1.0,1,339
3391,30594,Manhattan,Midtown,40.803039,-73.981292,Private room,193.27,7,10,2024-06-25,1.07,1,113
3392,62472,Queens,Jamaica,40.672035,-73.674682,Entire home/apt,208.55,7,2,2023-08-20,2.82,1,5
3393,20087,Queens,Flushing,40.61013,-73.77963,Shared room,64.86,7,25,2024-05-06,2.22,1,95
3394,63086,Manhattan,Harlem,40.780478,-73.978065,Private room,299.91,3,2,2024-04-02,1.15,1,58
3395,73055,Bronx,South Bronx,40.862476,-73.855322,Private room,26.78,1,7,2024-05-29,0.66,1,315
3396,43511,Staten Island,New Dorp,40.60237,-74.144641,Private room,30.33,5,32,2024-05-08,0.89,1,10
3397,32789,Queens,Jamaica,40.761615,-73.787431,Private room,52.2,30,10,2023-06-29,0.65,2,46
3398,16875,Queens,Astoria,40.675446,-73.79458,Entire home/apt,119.33,14,31,2023-03-22,0.25,1,307
3399,4586,Manhattan,Hell Kitchen,40.768812,-73.986808,Private room,127.69,14,2,2024-05-18,1.56,1,265
3400,5445,Brooklyn,Greenpoint,40.658031,-73.951365,Shared room,45.16,2,14,2024-04-24,1.76,1,166
3401,95482,Manhattan,Midtown,40.783805,-73.952872,Entire home/apt,314.41,3,6,2024-08-10,5.32,1,291
3402,57666,Manhattan,Lower East Side,40.773131,-73.967263,Shared room,82.15,3,7,2024-06-23,0.91,1,147
3403,94468,Staten Island,Stapleton,40.585401,-74.174545,Private room,37.15,14,14,2024-04-25,8.87,1,45
3404,19933,Manhattan,Lower East Side,40.784575,-73.951146,Private room,60.32,3,17,2024-07-23,0.31,1,68
3405,71891,Brooklyn,Greenpoint,40.68939,-73.930605,Entire home/apt,129.07,30,6,2024-03-31,1.6,1,73
3406,64312,Queens,Jamaica,40.671774,-73.637391,Entire home/apt,115.6,7,16,2024-02-06,7.88,1,62
3407,47656,Queens,Forest Hills,40.676331,-73.928323,Entire home/apt,130.45,3,3,2024-02-26,1.53,1,159
3408,70908,Staten Island,New Dorp,40.622509,-74.154793,Entire home/apt,63.13,5,19,2024-05-19,0.9,5,167
3409,30408,Manhattan,Midtown,40.777039,-73.982111,Entire home/apt,236.66,3,22,2023-12-12,1.09,1,167
3410,50334,Manhattan,Hell Kitchen,40.820534,-73.964108,Entire home/apt,183.2,1,11,2024-06-24,2.8,20,91
3411,83442,Brooklyn,Crown Heights,40.711185,-73.934443,Entire home/apt,182.58,2,11,2024-05-10,4.2,1,277
3412,83530,Manhattan,Upper East Side,40.788501,-73.943228,Hotel room,140.62,14,11,2024-07-07,0.91,2,321
3413,47499,Manhattan,Harlem,40.778083,-74.000339,Entire home/apt,205.08,7,2,2024-03-19,2.22,1,204
3414,5134,Manhattan,Tribeca,40.800461,-73.961266,Entire home/apt,170.63,2,23,2024-05-20,4.07,1,290
3415,91673,Queens,Astoria,40.736838,-73.75724,Entire home/apt,135.42,14,9,2024-07-19,0.5,1,26
3416,20227,Brooklyn,Bushwick,40.655955,-73.942958,Entire home/apt,135.76,2,6,2024-06-27,1.02,1,157
3417,68603,Manhattan,Chelsea,40.780466,-73.98303,Private room,206.96,14,17,2024-07-05,8.08,5,28
3418,35470,Brooklyn,Bushwick,40.74955,-74.028936,Private room,112.92,30,14,2023-06-24,0.65,1,162
3419,95698,Manhattan,Lower East Side,40.830318,-73.953653,Private room,140.03,14,11,2024-04-22,1.45,1,36
3420,14720,Manhattan,Midtown,40.74754,-73.975683,Entire home/apt,209.34,3,34,2024-02-24,1.61,1,153
3421,35686,Queens,Forest Hills,40.714716,-73.763549,Private room,83.84,3,31,2023-04-29,0.25,1,3
3422,80612,Brooklyn,Crown Heights,40.618837,-73.942278,Entire home/apt,253.1,14,48,2024-07-27,2.46,1,98
3423,98453,Queens,Jamaica,40.71851,-73.853909,Entire home/apt,152.46,7,12,2023-04-23,0.8,1,187
3424,84655,Manhattan,Midtown,40.765565,-73.952824,Entire home/apt,547.0,30,3,2024-04-15,1.04,1,247
3425,17159,Queens,Jamaica,40.592473,-73.75667,Entire home/apt,173.07,7,9,2023-09-18,1.54,1,9
3426,25510,Brooklyn,Greenpoint,40.726051,-73.957314,Entire home/apt,276.7,2,8,2024-07-30,0.79,1,29
3427,3927,Brooklyn,Williamsburg,40.681342,-73.87439,Entire home/apt,202.54,14,23,2024-07-06,0.59,1,74
3428,40793,Brooklyn,Park Slope,40.635909,-73.980299,Hotel room,188.69,7,14,2024-07-25,1.19,1,143
3429,22803,Queens,Flushing,40.688561,-73.701674,Entire home/apt,104.7,30,23,2024-02-24,0.64,1,117
3430,85904,Brooklyn,Bushwick,40.755738,-74.027953,Entire home/apt,159.83,3,40,2024-08-05,0.85,5,39
3431,7739,Brooklyn,Bed-Stuy,40.738574,-73.895066,Entire home/apt,220.8,5,4,2023-11-23,0.17,5,0
3432,90096,Staten Island,St. George,40.65718,-74.134796,Private room,56.87,3,13,2024-07-12,2.79,1,300
3433,42332,Queens,Astoria,40.724659,-73.703283,Entire home/apt,176.42,30,4,2024-07-10,0.8,1,262
3434,83380,Brooklyn,Greenpoint,40.720134,-73.809506,Private room,149.08,2,18,2024-07-04,0.13,50,296
3435,2061,Brooklyn,Bed-Stuy,40.735722,-73.934987,Shared room,30.54,30,21,2023-12-30,2.34,1,323
3436,3171,Manhattan,Upper East Side,40.759618,-73.982818,Entire home/apt,195.04,14,16,2023-05-26,0.03,10,1
3437,70469,Manhattan,Harlem,40.754381,-73.975501,Entire home/apt,315.7,3,13,2023-07-01,1.37,1,272
3438,21004,Brooklyn,Williamsburg,40.733764,-73.94442,Entire home/apt,143.7,14,5,2024-08-13,1.82,3,138
3439,28798,Bronx,Mott Haven,40.895886,-73.847921,Private room,210.08,30,44,2024-07-09,0.32,1,299
3440,71730,Bronx,South Bronx,40.824645,-73.860419,Entire home/apt,133.73,1,17,2024-02-14,0.21,1,82
3441,63669,Manhattan,Chelsea,40.792542,-73.968416,Entire home/apt,279.12,5,19,2024-03-12,0.18,1,269
3442,13278,Brooklyn,Bed-Stuy,40.687241,-73.990343,Entire home/apt,156.23,30,25,2024-06-16,7.52,1,78
3443,72311,Manhattan,Midtown,40.77444,-73.926031,Private room,118.84,5,17,2023-09-10,2.11,1,186
3444,56334,Staten Island,St. George,40.640923,-74.209154,Entire home/apt,100.4,3,21,2024-08-07,0.56,1,187
3445,47555,Staten Island,Stapleton,40.461152,-74.147152,Entire home/apt,103.74,7,12,2024-03-02,0.61,1,32
3446,9060,Brooklyn,Williamsburg,40.731808,-73.975397,Private room,79.97,2,25,2024-07-06,1.57,2,129
3447,37465,Queens,Forest Hills,40.809933,-73.790128,Private room,64.55,30,6,2024-04-20,0.92,1,1
3448,12418,Brooklyn,Williamsburg,40.668416,-73.898833,Private room,164.36,7,3,2024-06-05,0.47,1,59
3449,53909,Brooklyn,Crown Heights,40.646287,-73.961402,Entire home/apt,334.05,3,8,2022-10-01,0.09,1,121
3450,20245,Manhattan,Harlem,40.796503,-73.971828,Private room,159.27,2,8,2024-05-04,2.3,1,81
3451,88571,Brooklyn,Greenpoint,40.792727,-73.90257,Private room,56.14,30,8,2022-10-30,3.29,1,157
3452,43330,Brooklyn,Bushwick,40.715929,-73.94717,Entire home/apt,238.15,14,8,2024-07-11,0.35,1,212
3453,26429,Brooklyn,Bed-Stuy,40.730685,-73.963556,Private room,178.76,5,18,2023-12-14,0.1,1,291
3454,82324,Manhattan,Upper East Side,40.788748,-73.989526,Entire home/apt,498.14,2,19,2024-01-18,0.19,1,117
3455,85255,Bronx,South Bronx,40.896772,-73.85027,Shared room,41.05,1,26,2023-09-29,0.8,1,66
3456,8455,Manhattan,Chelsea,40.82275,-73.923354,Entire home/apt,508.74,3,49,2024-02-02,0.53,1,144
3457,87192,Brooklyn,Williamsburg,40.723999,-73.940094,Private room,98.07,3,21,2024-02-08,0.11,1,72
3458,45005,Brooklyn,Bed-Stuy,40.621436,-73.889915,Entire home/apt,246.84,7,17,2024-02-20,0.91,1,160
3459,50454,Brooklyn,Greenpoint,40.690817,-73.911918,Shared room,41.13,14,37,2022-08-07,0.34,1,56
3460,94223,Brooklyn,Park Slope,40.781987,-73.993665,Entire home/apt,215.81,1,8,2024-07-17,0.1,3,225
3461,80876,Manhattan,Tribeca,40.764614,-73.975929,Shared room,137.86,7,14,2024-08-27,1.61,3,300
3462,64421,Manhattan,Lower East Side,40.799524,-73.960103,Shared room,63.99,1,6,2024-02-11,1.27,1,181
3463,69711,Brooklyn,Park Slope,40.624459,-73.898807,Entire home/apt,136.04,5,20,2024-07-29,2.63,1,314
3464,49629,Brooklyn,Greenpoint,40.606127,-73.994465,Private room,99.82,2,17,2024-02-10,0.54,1,7
3465,52702,Manhattan,Tribeca,40.780791,-73.982269,Hotel room,197.28,5,24,2024-06-24,0.22,1,270
3466,26352,Brooklyn,Bushwick,40.731592,-73.927017,Entire home/apt,248.93,2,40,2024-08-25,0.67,1,126
3467,30126,Brooklyn,Bed-Stuy,40.784134,-73.959031,Entire home/apt,160.16,30,21,2023-12-12,2.26,1,158
3468,11897,Brooklyn,Bushwick,40.670868,-73.871577,Private room,190.9,7,13,2024-08-23,0.42,1,63
3469,29391,Queens,Jamaica,40.720926,-73.67538,Entire home/apt,85.97,1,11,2024-07-18,0.44,1,4
3470,94184,Manhattan,Midtown,40.793917,-74.018256,Entire home/apt,475.54,30,17,2024-06-20,0.24,1,169
3471,14552,Manhattan,Lower East Side,40.806651,-73.952945,Entire home/apt,212.09,2,23,2024-08-07,6.46,5,361
3472,37217,Queens,Forest Hills,40.804307,-73.947778,Entire home/apt,70.21,14,15,2023-06-19,5.13,1,284
3473,57453,Brooklyn,Bed-Stuy,40.638421,-73.979522,Entire home/apt,211.17,30,18,2024-03-10,1.61,2,179
3474,4789,Brooklyn,Bushwick,40.627733,-73.839685,Entire home/apt,173.41,5,28,2023-08-24,0.36,5,180
3475,1727,Queens,Long Island City,40.727259,-73.797825,Private room,46.19,3,36,2024-02-08,2.18,2,12
3476,69089,Queens,Flushing,40.772361,-73.749356,Private room,36.75,3,12,2022-04-18,1.32,5,303
3477,68280,Bronx,South Bronx,40.678055,-73.897118,Entire home/apt,108.44,3,17,2024-04-20,2.08,1,211
3478,20024,Brooklyn,Park Slope,40.593433,-73.920182,Private room,141.84,7,16,2024-08-23,2.95,1,114
3479,23763,Brooklyn,Bushwick,40.660866,-73.943277,Private room,121.31,5,13,2024-08-01,0.58,1,35
3480,80380,Brooklyn,Park Slope,40.553489,-73.962791,Shared room,55.24,2,19,2024-03-26,3.67,1,26
3481,37207,Manhattan,Upper East Side,40.805403,-73.943011,Entire home/apt,348.8,5,21,2024-06-17,3.43,1,228
3482,32522,Brooklyn,Crown Heights,40.721332,-74.024328,Entire home/apt,189.92,5,34,2024-08-11,1.19,1,126
3483,34977,Manhattan,Chelsea,40.808288,-73.95672,Shared room,45.72,7,18,2024-07-15,1.73,2,96
3484,56088,Bronx,Mott Haven,40.838941,-73.966052,Shared room,17.33,2,11,2024-05-09,0.79,1,92
3485,89268,Brooklyn,Bed-Stuy,40.735416,-73.97973,Private room,88.51,2,1,2024-04-23,1.6,1,90
3486,89205,Brooklyn,Crown Heights,40.69897,-73.940096,Private room,90.02,5,18,2023-04-30,1.19,3,259
3487,87397,Manhattan,Lower East Side,40.813868,-73.973707,Entire home/apt,404.78,5,1,2024-08-15,0.58,1,202
3488,35775,Manhattan,Tribeca,40.782798,-73.939628,Entire home/apt,389.9,14,3,2024-06-14,0.58,1,216
3489,81275,Manhattan,Midtown,40.769936,-73.954914,Entire home/apt,366.87,30,11,2024-04-28,1.58,3,119
3490,3911,Brooklyn,Park Slope,40.666283,-74.004353,Entire home/apt,171.64,14,15,2024-08-11,4.71,1,132
3491,33278,Manhattan,Upper East Side,40.783123,-73.957366,Private room,82.89,14,20,2024-02-05,0.34,1,50
3492,35829,Brooklyn,Greenpoint,40.759423,-73.855718,Entire home/apt,226.4,3,9,2024-04-24,0.75,1,65
3493,74045,Queens,Astoria,40.704619,-73.87388,Entire home/apt,177.66,30,10,2024-05-14,2.46,1,39
3494,90808,Queens,Flushing,40.702701,-73.889422,Shared room,15.58,5,42,2024-02-22,0.2,1,119
3495,61775,Brooklyn,Bed-Stuy,40.665157,-73.9647,Entire home/apt,137.52,1,58,2024-07-02,7.72,1,282
3496,70377,Manhattan,Chelsea,40.79765,-74.015319,Hotel room,163.83,3,15,2024-06-19,1.7,1,208
3497,55534,Queens,Forest Hills,40.669511,-73.852941,Hotel room,113.24,1,8,2024-08-01,3.63,1,181
3498,69322,Queens,Jamaica,40.82317,-73.884008,Private room,52.21,5,8,2024-04-21,2.73,1,202
3499,81995,Manhattan,Lower East Side,40.787633,-73.973763,Entire home/apt,283.64,30,23,2024-06-10,2.25,1,8
3500,85109,Brooklyn,Bushwick,40.740783,-73.90845,Entire home/apt,176.49,5,38,2024-07-09,0.05,1,266
3501,11459,Manhattan,Upper East Side,40.785525,-73.982293,Entire home/apt,270.24,7,22,2024-08-09,0.78,1,228
3502,52084,Queens,Flushing,40.580013,-73.775133,Entire home/apt,108.12,14,22,2024-08-28,0.34,1,69
3503,68307,Staten Island,Stapleton,40.606024,-74.213195,Entire home/apt,76.83,5,10,2024-07-25,3.08,1,29
3504,62894,Manhattan,Upper East Side,40.758426,-73.966153,Hotel room,140.21,30,2,2024-07-12,1.71,2,92
3505,94122,Queens,Forest Hills,40.755331,-73.874152,Entire home/apt,167.64,7,13,2024-05-05,0.17,3,222
3506,36972,Brooklyn,Bed-Stuy,40.643756,-74.054389,Private room,120.64,14,7,2024-07-14,0.67,1,332
3507,26652,Staten Island,Stapleton,40.648363,-74.202195,Entire home/apt,72.89,14,44,2023-10-31,0.11,1,117
3508,40182,Brooklyn,Bushwick,40.710736,-73.946298,Private room,176.37,7,6,2024-05-09,2.02,1,337
3509,52937,Queens,Forest Hills,40.831367,-73.85828,Shared room,35.71,2,9,2024-03-10,0.81,1,331
3510,36665,Manhattan,Tribeca,40.784325,-74.005169,Entire home/apt,531.14,7,11,2024-07-22,0.4,1,250
3511,86763,Manhattan,Upper East Side,40.744329,-73.959273,Entire home/apt,222.76,2,21,2024-05-28,1.09,2,175
3512,82313,Manhattan,Chelsea,40.747399,-73.975764,Private room,64.02,2,16,2024-03-19,0.06,3,208
3513,4820,Staten Island,Stapleton,40.630065,-74.120333,Private room,58.26,3,12,2024-06-26,0.45,1,265
3514,35004,Queens,Jamaica,40.675033,-73.92198,Private room,79.53,2,18,2024-06-20,0.29,1,140
3515,37561,Queens,Jamaica,40.76896,-73.687519,Entire home/apt,145.99,14,10,2023-11-10,4.0,1,59
3516,20251,Bronx,Mott Haven,40.811688,-73.904966,Entire home/apt,84.15,3,34,2023-10-11,0.71,5,278
3517,13451,Manhattan,Tribeca,40.772602,-73.959768,Shared room,79.89,3,39,2024-04-17,1.32,1,285
3518,12874,Manhattan,Chelsea,40.80767,-73.995992,Shared room,66.02,3,12,2023-07-21,1.05,2,119
3519,16033,Manhattan,Midtown,40.753134,-73.9244,Entire home/apt,255.19,14,7,2024-01-05,1.61,5,316
3520,27849,Manhattan,Tribeca,40.779554,-73.966142,Private room,201.64,5,11,2024-08-22,0.49,1,283
3521,25493,Manhattan,Chelsea,40.769261,-73.961401,Entire home/apt,310.02,30,18,2024-04-07,0.19,1,150
3522,37545,Brooklyn,Williamsburg,40.735804,-73.926212,Entire home/apt,245.05,7,3,2024-01-30,0.13,1,304
3523,45456,Manhattan,Chelsea,40.817917,-73.977735,Entire home/apt,262.49,14,25,2024-04-14,0.32,1,200
3524,29495,Manhattan,Tribeca,40.777842,-73.966572,Entire home/apt,251.18,7,35,2023-10-16,0.99,1,97
3525,5507,Manhattan,Tribeca,40.792399,-73.966641,Private room,90.78,1,7,2024-06-29,0.4,1,25
3526,55523,Manhattan,Chelsea,40.757412,-73.96495,Entire home/apt,248.38,1,20,2024-08-20,0.85,1,336
3527,75909,Staten Island,St. George,40.560791,-74.173439,Entire home/apt,26.28,5,11,2024-03-05,0.04,1,67
3528,31238,Queens,Jamaica,40.730799,-73.871822,Private room,56.86,2,13,2024-01-09,1.48,1,77
3529,93133,Bronx,Fordham,40.78803,-73.995573,Private room,52.65,14,38,2023-12-16,3.16,1,257
3530,14254,Brooklyn,Bed-Stuy,40.783034,-73.910856,Private room,120.28,1,1,2024-08-30,0.07,1,303
3531,22329,Manhattan,Harlem,40.780765,-73.984544,Shared room,72.75,14,11,2024-02-13,0.37,1,69
3532,27543,Queens,Forest Hills,40.498117,-73.853182,Entire home/apt,165.49,14,32,2024-08-29,0.57,1,332
3533,52427,Manhattan,Lower East Side,40.797417,-73.952357,Private room,60.21,1,42,2023-12-08,0.51,2,330
3534,72764,Manhattan,Chelsea,40.795946,-73.968032,Private room,140.76,14,6,2024-01-27,0.06,1,103
3535,95815,Manhattan,Harlem,40.809177,-73.977771,Private room,73.55,3,20,2024-04-04,0.17,1,344
3536,2615,Manhattan,Tribeca,40.804804,-73.978892,Entire home/apt,177.62,14,24,2024-04-27,3.65,1,285
3537,75010,Manhattan,Hell Kitchen,40.765477,-73.991314,Entire home/apt,267.23,14,3,2024-01-19,1.86,1,150
3538,98355,Manhattan,Chelsea,40.76181,-73.958019,Shared room,134.96,1,6,2024-08-22,4.77,1,64
3539,13264,Brooklyn,Bushwick,40.633635,-74.006182,Entire home/apt,222.73,14,34,2023-10-16,0.87,1,334
3540,60423,Manhattan,Tribeca,40.797375,-73.964641,Private room,145.05,7,23,2024-07-23,3.17,1,249
3541,57103,Manhattan,Lower East Side,40.802352,-73.960948,Private room,142.88,3,4,2024-05-08,2.54,1,360
3542,65357,Queens,Forest Hills,40.667951,-73.788812,Private room,54.12,5,12,2024-05-04,3.12,1,317
3543,92371,Manhattan,Hell Kitchen,40.785603,-73.989583,Private room,115.84,5,12,2023-12-06,0.06,1,53
3544,47012,Manhattan,Harlem,40.761008,-73.984814,Private room,170.85,5,24,2024-07-25,1.59,1,353
3545,92367,Queens,Astoria,40.891127,-73.82792,Entire home/apt,82.74,3,5,2024-06-29,1.25,10,234
3546,28465,Manhattan,Hell Kitchen,40.807757,-73.980573,Entire home/apt,365.1,1,14,2024-02-19,1.18,1,192
3547,5259,Manhattan,Harlem,40.800877,-73.95315,Private room,123.27,1,0,,0.0,1,313
3548,33198,Brooklyn,Bushwick,40.735355,-73.92093,Entire home/apt,267.13,7,13,2024-05-29,2.38,1,180
3549,24410,Manhattan,Harlem,40.810647,-73.963633,Entire home/apt,423.01,3,35,2024-06-30,5.17,1,257
3550,99434,Brooklyn,Greenpoint,40.781012,-74.041395,Entire home/apt,98.32,3,3,2024-03-11,2.65,1,304
3551,34867,Queens,Astoria,40.756063,-73.772234,Shared room,32.09,7,23,2024-08-16,3.06,3,20
3552,10439,Manhattan,Tribeca,40.76437,-73.959608,Entire home/apt,204.54,1,16,2023-11-26,0.99,1,296
3553,23078,Brooklyn,Bushwick,40.588795,-73.983451,Private room,46.49,1,16,2024-04-21,1.76,1,71
3554,3418,Brooklyn,Bushwick,40.558255,-73.850682,Entire home/apt,127.04,2,22,2024-07-22,0.81,5,156
3555,83269,Manhattan,Midtown,40.778469,-73.927862,Entire home/apt,764.68,2,7,2024-05-30,0.67,1,237
3556,53884,Brooklyn,Bed-Stuy,40.726377,-73.917314,Private room,122.51,14,7,2024-08-07,3.38,1,328
3557,9211,Manhattan,Harlem,40.771375,-73.992127,Entire home/apt,620.1,2,23,2024-03-13,3.53,1,52
3558,16374,Brooklyn,Greenpoint,40.709578,-73.948491,Private room,133.75,2,12,2024-02-15,1.72,1,131
3559,24956,Manhattan,Upper East Side,40.756315,-74.001537,Private room,107.03,14,31,2024-05-31,2.73,5,194
3560,11078,Brooklyn,Greenpoint,40.620678,-73.834942,Private room,82.4,1,32,2024-06-19,0.67,1,362
3561,66938,Manhattan,Harlem,40.827366,-73.9671,Entire home/apt,364.43,5,37,2023-09-26,0.85,1,3
3562,76754,Queens,Astoria,40.740115,-73.821806,Shared room,48.25,3,24,2024-03-31,2.58,2,90
3563,70255,Manhattan,Lower East Side,40.76441,-73.943696,Private room,114.31,2,10,2024-02-17,0.76,1,292
3564,59133,Brooklyn,Williamsburg,40.790615,-73.997805,Shared room,29.52,5,23,2024-08-08,0.06,1,109
3565,86613,Brooklyn,Crown Heights,40.67323,-73.971192,Entire home/apt,715.23,2,28,2024-01-21,0.65,2,347
3566,84571,Brooklyn,Bushwick,40.652986,-73.873046,Private room,90.73,7,22,2024-05-19,0.76,1,182
3567,44501,Brooklyn,Crown Heights,40.599482,-73.916212,Shared room,47.4,30,5,2024-06-11,0.25,1,27
3568,99286,Brooklyn,Park Slope,40.721894,-73.952729,Shared room,56.5,2,14,2023-05-13,0.63,1,122
3569,46387,Queens,Long Island City,40.799645,-73.783088,Entire home/apt,130.68,30,22,2024-08-23,4.09,1,59
3570,81144,Queens,Forest Hills,40.82557,-73.916676,Entire home/apt,151.25,7,106,2024-07-24,2.93,2,244
3571,25937,Manhattan,Tribeca,40.776124,-73.972636,Entire home/apt,481.9,14,32,2024-06-09,0.89,1,365
3572,97267,Brooklyn,Bed-Stuy,40.517868,-74.009357,Entire home/apt,182.67,30,18,2024-06-23,1.86,1,131
3573,41572,Queens,Astoria,40.663112,-73.719044,Entire home/apt,90.44,3,22,2024-04-26,0.25,1,98
3574,80454,Staten Island,New Dorp,40.544158,-74.182923,Entire home/apt,92.99,2,5,2024-06-01,2.09,2,68
3575,9060,Queens,Jamaica,40.793599,-73.924333,Private room,59.79,7,5,2023-11-27,0.97,1,241
3576,36655,Manhattan,Midtown,40.741675,-73.978432,Entire home/apt,509.04,3,15,2023-12-14,1.92,3,28
3577,24805,Manhattan,Upper East Side,40.754146,-73.999394,Private room,230.04,2,12,2023-12-10,1.55,1,248
3578,41495,Brooklyn,Greenpoint,40.712606,-73.891642,Entire home/apt,200.44,14,9,2024-06-11,0.4,1,16
3579,3257,Brooklyn,Park Slope,40.725532,-73.877673,Entire home/apt,115.12,30,3,2024-05-30,2.7,5,158
3580,58075,Brooklyn,Bushwick,40.752668,-74.071915,Entire home/apt,117.58,30,27,2024-01-16,1.27,1,267
3581,56322,Brooklyn,Greenpoint,40.705225,-73.975976,Entire home/apt,193.16,30,4,2024-08-09,2.3,5,99
3582,13137,Queens,Jamaica,40.668406,-73.750067,Private room,82.37,2,46,2023-09-24,0.15,1,350
3583,19548,Manhattan,Harlem,40.748494,-74.006222,Shared room,69.73,14,11,2024-04-14,1.43,1,10
3584,59942,Queens,Jamaica,40.778886,-73.755877,Entire home/apt,118.84,1,23,2023-09-28,0.52,2,157
3585,19629,Brooklyn,Williamsburg,40.686404,-73.996995,Entire home/apt,151.47,5,7,2023-11-22,2.96,1,266
3586,42115,Manhattan,Midtown,40.797977,-73.957594,Entire home/apt,285.32,5,36,2024-06-09,4.48,1,261
3587,20612,Brooklyn,Crown Heights,40.683318,-74.014839,Private room,37.01,3,2,2024-08-13,0.09,1,182
3588,9593,Queens,Long Island City,40.69418,-73.727873,Private room,46.35,7,7,2023-06-03,1.93,1,104
3589,80852,Manhattan,Tribeca,40.809644,-73.977731,Entire home/apt,224.11,5,20,2024-06-17,0.16,1,5
3590,75346,Manhattan,Tribeca,40.778107,-73.974434,Private room,233.41,7,31,2024-06-09,2.92,1,102
3591,53525,Bronx,South Bronx,40.858545,-73.893853,Private room,39.28,7,12,2023-06-28,0.2,1,17
3592,60885,Manhattan,Midtown,40.725216,-73.947345,Entire home/apt,309.56,5,4,2023-06-11,0.33,5,358
3593,32830,Brooklyn,Crown Heights,40.785881,-73.980944,Entire home/apt,210.21,5,11,2024-07-09,0.43,2,294
3594,21472,Brooklyn,Bushwick,40.614201,-73.952426,Shared room,90.75,30,11,2024-08-16,1.95,3,333
3595,4811,Brooklyn,Bed-Stuy,40.66695,-73.884469,Private room,159.08,7,31,2024-09-01,0.52,1,142
3596,33563,Brooklyn,Park Slope,40.681478,-73.991757,Private room,93.82,7,9,2024-05-21,1.36,1,305
3597,76290,Manhattan,Harlem,40.756732,-73.953887,Private room,119.06,2,50,2024-04-03,1.27,50,180
3598,56592,Brooklyn,Bushwick,40.714171,-73.880566,Entire home/apt,147.23,30,12,2024-07-07,0.77,1,227
3599,22044,Manhattan,Lower East Side,40.763736,-73.934431,Private room,130.76,2,6,2024-07-09,1.16,2,86
3600,9204,Brooklyn,Crown Heights,40.573578,-73.901624,Private room,80.7,7,21,2024-06-14,0.19,1,35
3601,69246,Manhattan,Chelsea,40.744908,-73.987007,Entire home/apt,359.39,5,31,2024-07-09,3.13,1,216
3602,66074,Brooklyn,Bed-Stuy,40.771861,-73.894318,Private room,113.58,2,3,2023-09-16,0.35,1,8
3603,31442,Manhattan,Upper East Side,40.772176,-73.981577,Private room,182.46,7,42,2024-02-29,3.18,1,316
3604,44376,Manhattan,Upper East Side,40.785112,-73.960917,Entire home/apt,476.6,14,18,2023-10-20,1.1,1,100
3605,24261,Manhattan,Chelsea,40.808132,-73.980325,Entire home/apt,606.74,30,6,2023-09-13,1.43,1,151
3606,59517,Manhattan,Chelsea,40.750864,-73.968061,Entire home/apt,302.73,7,22,2024-05-22,0.45,1,355
3607,14534,Queens,Flushing,40.691606,-73.898951,Private room,111.77,3,27,2024-05-08,0.38,1,188
3608,3345,Manhattan,Hell Kitchen,40.789053,-73.975462,Entire home/apt,250.21,3,9,2022-10-17,1.01,1,353
3609,60331,Bronx,Riverdale,40.860126,-73.909522,Private room,87.39,7,16,2023-11-01,0.47,1,202
3610,92623,Bronx,Fordham,40.869136,-73.930655,Private room,83.18,30,0,,0.0,5,127
3611,40681,Brooklyn,Bushwick,40.628536,-73.958775,Entire home/apt,287.4,7,23,2023-11-19,0.87,1,290
3612,41231,Manhattan,Lower East Side,40.817936,-73.955503,Shared room,84.11,7,23,2024-03-28,0.47,2,251
3613,87390,Manhattan,Chelsea,40.804644,-73.942858,Hotel room,165.33,2,11,2024-05-13,0.52,1,347
3614,79233,Queens,Forest Hills,41.016427,-73.791573,Entire home/apt,82.43,1,8,2023-07-24,5.41,1,104
3615,73597,Manhattan,Upper East Side,40.811508,-73.950947,Entire home/apt,283.42,2,15,2023-11-13,1.33,1,30
3616,85269,Manhattan,Tribeca,40.803021,-73.935715,Shared room,149.55,7,26,2024-04-24,2.67,3,99
3617,25935,Brooklyn,Bushwick,40.653041,-73.974121,Shared room,47.71,30,22,2024-07-07,0.07,2,224
3618,29369,Queens,Astoria,40.753781,-73.809516,Entire home/apt,197.13,2,13,2024-08-04,0.0,1,142
3619,49839,Queens,Jamaica,40.75368,-73.66988,Entire home/apt,201.82,1,24,2024-04-10,1.1,1,193
3620,66385,Manhattan,Tribeca,40.773537,-73.977294,Entire home/apt,257.11,1,17,2024-06-30,2.63,1,126
3621,42674,Brooklyn,Greenpoint,40.688659,-73.957899,Hotel room,243.8,30,8,2024-07-08,1.42,1,358
3622,77111,Manhattan,Hell Kitchen,40.74482,-73.982803,Entire home/apt,89.97,1,21,2024-08-12,1.45,3,254
3623,18897,Manhattan,Upper East Side,40.796847,-73.942449,Entire home/apt,176.6,30,10,2024-08-26,0.23,1,26
3624,66934,Queens,Long Island City,40.635831,-73.887643,Private room,49.92,14,13,2023-12-01,5.76,3,143
3625,2255,Manhattan,Chelsea,40.783705,-74.012712,Entire home/apt,207.49,30,21,2024-08-12,1.13,1,66
3626,50454,Manhattan,Midtown,40.774201,-74.005921,Private room,164.73,7,1,2023-08-03,0.16,1,26
3627,47207,Manhattan,Midtown,40.810481,-73.986587,Entire home/apt,323.43,30,10,2024-07-20,0.8,5,185
3628,88378,Queens,Astoria,40.860427,-73.705818,Private room,84.29,5,32,2023-12-20,0.11,1,151
3629,54563,Queens,Astoria,40.676495,-73.880657,Entire home/apt,182.77,5,3,2023-10-26,0.81,1,70
3630,34662,Brooklyn,Crown Heights,40.666587,-73.950479,Private room,65.65,30,19,2023-11-23,1.86,1,82
3631,4856,Queens,Jamaica,40.755892,-73.857023,Private room,44.23,5,40,2023-08-27,0.59,1,132
3632,48352,Manhattan,Chelsea,40.798028,-73.965893,Entire home/apt,337.47,3,23,2024-06-19,0.56,3,166
3633,11129,Brooklyn,Bed-Stuy,40.657776,-73.986922,Entire home/apt,149.22,5,25,2022-07-28,1.08,5,306
3634,32809,Manhattan,Tribeca,40.779402,-73.987538,Entire home/apt,153.66,7,16,2024-07-04,1.04,1,190
3635,87383,Manhattan,Hell Kitchen,40.784269,-73.969491,Entire home/apt,424.75,7,34,2023-04-30,0.94,1,247
3636,40566,Brooklyn,Williamsburg,40.693902,-73.838225,Private room,167.74,3,41,2024-05-21,1.09,1,7
3637,52095,Bronx,South Bronx,40.838178,-73.81457,Private room,101.42,14,2,2024-08-22,0.07,1,88
3638,54014,Manhattan,Hell Kitchen,40.787692,-73.975965,Entire home/apt,310.37,7,14,2023-11-30,0.96,1,277
3639,81730,Manhattan,Tribeca,40.780717,-73.972377,Private room,184.97,14,10,2023-11-28,7.24,1,65
3640,86717,Manhattan,Hell Kitchen,40.788695,-73.990386,Private room,249.08,7,9,2024-07-24,2.17,1,167
3641,82198,Manhattan,Upper East Side,40.753793,-73.958114,Private room,111.41,30,16,2023-10-25,0.51,1,45
3642,42149,Bronx,Riverdale,40.889706,-73.827518,Entire home/apt,169.66,3,24,2024-08-02,1.7,1,9
3643,90292,Brooklyn,Greenpoint,40.687498,-73.898167,Entire home/apt,214.36,30,23,2024-08-03,0.6,20,337
3644,68312,Brooklyn,Bed-Stuy,40.721006,-73.896942,Entire home/apt,276.71,14,71,2023-11-09,0.32,1,113
3645,44763,Queens,Flushing,40.659437,-73.882656,Private room,77.56,14,17,2024-07-02,2.23,1,206
3646,5194,Manhattan,Tribeca,40.775329,-73.971548,Entire home/apt,483.7,14,28,2024-08-18,0.35,1,203
3647,25923,Brooklyn,Greenpoint,40.663685,-74.056801,Entire home/apt,209.96,3,19,2023-02-16,2.93,1,351
3648,64241,Brooklyn,Bed-Stuy,40.781502,-73.960643,Entire home/apt,106.05,3,8,2024-04-08,0.72,1,194
3649,99742,Brooklyn,Williamsburg,40.688562,-73.869527,Private room,171.59,7,86,2024-05-18,2.12,1,311
3650,92180,Staten Island,New Dorp,40.462251,-74.170668,Entire home/apt,67.91,3,13,2024-04-28,0.45,1,298
3651,70335,Queens,Astoria,40.697231,-73.821805,Entire home/apt,237.71,14,3,2024-02-15,1.59,1,252
3652,79884,Manhattan,Chelsea,40.77963,-73.942257,Entire home/apt,277.79,1,29,2023-09-11,0.36,1,162
3653,96843,Queens,Forest Hills,40.782077,-73.718257,Entire home/apt,230.49,2,4,2024-02-14,0.03,1,320
3654,60746,Manhattan,Tribeca,40.784042,-73.999187,Private room,226.72,3,18,2024-01-03,2.53,1,235
3655,88728,Manhattan,Midtown,40.741506,-74.001788,Entire home/apt,342.07,14,6,2024-07-28,2.91,1,83
3656,94689,Manhattan,Upper East Side,40.790295,-73.970565,Entire home/apt,352.97,3,14,2024-06-06,3.19,1,207
3657,90537,Manhattan,Hell Kitchen,40.778897,-73.978572,Private room,170.52,3,13,2024-03-27,0.06,1,300
3658,38817,Brooklyn,Williamsburg,40.798903,-73.993574,Entire home/apt,85.8,14,35,2024-03-12,2.15,1,34
3659,26339,Brooklyn,Bushwick,40.733869,-73.944085,Entire home/apt,201.31,14,30,2024-07-07,2.71,1,36
3660,76316,Bronx,Mott Haven,40.841753,-73.805968,Shared room,19.58,3,11,2022-11-08,0.56,1,64
3661,23376,Brooklyn,Crown Heights,40.765952,-73.958573,Entire home/apt,205.61,2,22,2024-08-10,0.95,20,310
3662,92621,Brooklyn,Williamsburg,40.726152,-73.922367,Entire home/apt,121.55,7,43,2024-08-11,0.79,1,161
3663,61566,Manhattan,Hell Kitchen,40.783249,-73.967115,Entire home/apt,179.29,5,12,2024-07-17,0.87,1,20
3664,93286,Manhattan,Midtown,40.76934,-73.977322,Entire home/apt,547.27,1,40,2023-12-24,2.81,1,281
3665,69491,Brooklyn,Greenpoint,40.643362,-73.890117,Private room,147.25,30,13,2024-08-26,0.81,1,13
3666,27866,Brooklyn,Crown Heights,40.672488,-74.022063,Private room,95.84,7,26,2022-06-30,0.54,1,145
3667,77628,Queens,Long Island City,40.670325,-74.050841,Private room,77.52,3,8,2022-07-02,0.21,3,343
3668,22532,Manhattan,Lower East Side,40.77321,-73.970447,Entire home/apt,260.81,30,3,2024-08-01,1.69,1,34
3669,12370,Manhattan,Tribeca,40.780377,-73.931597,Entire home/apt,361.73,14,44,2024-06-01,0.13,1,245
3670,88780,Brooklyn,Greenpoint,40.712694,-73.912373,Private room,73.25,30,9,2024-07-22,0.09,3,238
3671,88539,Manhattan,Tribeca,40.750235,-73.978493,Shared room,120.54,7,14,2024-05-30,1.72,1,15
3672,62210,Manhattan,Hell Kitchen,40.773367,-73.986922,Entire home/apt,260.27,14,9,2024-04-17,1.78,1,60
3673,62125,Brooklyn,Bushwick,40.630207,-74.052687,Entire home/apt,162.32,1,28,2023-10-26,0.33,3,365
3674,12957,Manhattan,Tribeca,40.757583,-73.953718,Entire home/apt,290.51,7,10,2024-08-26,4.73,1,358
3675,67231,Brooklyn,Bed-Stuy,40.669625,-73.974584,Entire home/apt,151.57,7,18,2022-07-14,2.33,1,357
3676,69072,Manhattan,Chelsea,40.782992,-73.947852,Entire home/apt,328.47,30,27,2023-04-12,1.74,1,20
3677,98941,Manhattan,Chelsea,40.783184,-73.960393,Entire home/apt,232.3,14,24,2024-04-02,2.11,1,25
3678,59006,Manhattan,Hell Kitchen,40.766168,-73.983573,Private room,173.68,3,11,2024-05-06,0.8,1,174
3679,26871,Queens,Flushing,40.756518,-73.643488,Private room,117.1,14,7,2024-04-11,0.91,1,301
3680,93483,Manhattan,Upper East Side,40.811695,-73.959543,Entire home/apt,215.99,2,11,2024-08-29,3.06,1,358
3681,33283,Queens,Astoria,40.740315,-73.682814,Entire home/apt,136.67,14,33,2024-01-05,0.04,1,17
3682,30659,Manhattan,Hell Kitchen,40.798994,-74.017073,Private room,173.18,5,37,2024-05-01,2.43,2,215
3683,78544,Queens,Jamaica,40.643886,-73.767849,Entire home/apt,120.96,30,5,2024-07-03,0.89,1,235
3684,56829,Manhattan,Upper East Side,40.747361,-73.989152,Private room,173.39,7,33,2024-05-13,0.94,1,347
3685,98497,Brooklyn,Williamsburg,40.636211,-73.95957,Entire home/apt,239.76,2,11,2024-07-01,0.59,1,275
3686,85710,Brooklyn,Bushwick,40.660954,-73.961547,Private room,148.07,14,36,2024-01-29,1.4,1,102
3687,85317,Bronx,Riverdale,40.886065,-73.878061,Entire home/apt,85.38,5,10,2024-03-14,1.69,1,241
3688,19545,Manhattan,Chelsea,40.775407,-73.998183,Entire home/apt,197.52,1,12,2024-06-05,0.26,1,113
3689,27292,Manhattan,Lower East Side,40.803587,-73.98463,Entire home/apt,254.66,1,21,2024-06-26,1.25,1,65
3690,73840,Manhattan,Hell Kitchen,40.761359,-73.966938,Entire home/apt,195.56,7,28,2023-08-20,0.94,1,228
3691,56129,Queens,Jamaica,40.666845,-73.836976,Entire home/apt,180.48,5,17,2024-02-08,2.28,1,163
3692,34193,Brooklyn,Bed-Stuy,40.693708,-73.963789,Private room,60.32,30,21,2024-01-19,1.18,1,298
3693,33890,Queens,Flushing,40.913129,-73.800886,Entire home/apt,366.14,1,6,2024-03-12,0.84,1,69
3694,70685,Manhattan,Midtown,40.795457,-74.010034,Entire home/apt,483.64,3,6,2024-08-18,1.13,1,231
3695,16690,Manhattan,Chelsea,40.765887,-73.992938,Entire home/apt,289.45,2,6,2024-08-22,1.01,1,100
3696,15200,Manhattan,Midtown,40.764012,-73.962889,Private room,203.73,7,17,2024-05-24,4.1,1,351
3697,67968,Bronx,South Bronx,40.896578,-73.847568,Shared room,15.9,14,13,2023-05-11,0.56,1,265
3698,67650,Brooklyn,Crown Heights,40.664601,-73.982051,Private room,263.41,14,15,2024-04-21,0.06,2,325
3699,80369,Bronx,Mott Haven,40.90048,-73.761237,Entire home/apt,85.92,1,11,2023-08-23,1.63,1,325
3700,79065,Manhattan,Hell Kitchen,40.785801,-73.952413,Private room,137.22,30,29,2024-08-14,1.39,1,32
3701,6060,Brooklyn,Crown Heights,40.698802,-73.89887,Shared room,25.7,14,12,2024-01-14,3.61,1,335
3702,83315,Brooklyn,Crown Heights,40.608327,-73.973488,Private room,116.61,2,0,,0.0,1,295
3703,3311,Manhattan,Lower East Side,40.791009,-73.94695,Entire home/apt,185.01,3,0,,0.0,1,152
3704,17069,Queens,Flushing,40.662749,-73.957564,Entire home/apt,149.98,14,9,2024-07-13,0.25,1,339
3705,70975,Bronx,South Bronx,40.819887,-73.814293,Entire home/apt,87.51,7,25,2024-04-21,0.91,1,218
3706,56040,Queens,Astoria,40.601488,-73.889054,Entire home/apt,93.57,30,3,2024-07-01,2.41,1,301
3707,91904,Brooklyn,Greenpoint,40.687555,-73.951158,Private room,69.59,7,34,2024-01-21,2.92,1,329
3708,3860,Manhattan,Hell Kitchen,40.794989,-73.995775,Entire home/apt,315.22,1,23,2024-06-01,2.69,1,218
3709,83094,Manhattan,Midtown,40.7766,-73.947296,Entire home/apt,172.49,7,42,2024-05-13,1.19,1,144
3710,63218,Bronx,Mott Haven,40.785155,-73.790954,Private room,40.32,2,18,2024-07-13,1.51,1,85
3711,22693,Manhattan,Upper East Side,40.761752,-73.954212,Private room,187.75,5,22,2024-07-04,1.2,1,13
3712,68798,Brooklyn,Greenpoint,40.655822,-74.012894,Entire home/apt,543.75,2,9,2024-07-28,1.24,2,112
3713,53643,Brooklyn,Bushwick,40.648386,-73.911504,Private room,116.21,3,5,2024-04-09,3.25,1,234
3714,50191,Brooklyn,Williamsburg,40.677789,-73.877092,Entire home/apt,133.03,14,8,2024-08-04,0.35,1,248
3715,4290,Staten Island,Stapleton,40.651287,-74.197521,Shared room,24.09,7,0,,0.0,3,71
3716,3412,Manhattan,Harlem,40.757975,-73.997296,Private room,145.83,3,28,2024-07-07,1.41,1,284
3717,66492,Manhattan,Hell Kitchen,40.765116,-73.949116,Private room,125.22,3,10,2024-04-18,2.17,1,296
3718,98796,Manhattan,Tribeca,40.794307,-73.982101,Private room,206.65,7,61,2024-07-06,2.15,1,192
3719,57714,Brooklyn,Bushwick,40.677534,-73.859942,Shared room,58.91,5,14,2024-03-26,0.19,1,364
3720,38557,Manhattan,Hell Kitchen,40.82126,-73.966012,Entire home/apt,414.1,2,8,2024-08-30,0.38,1,53
3721,67942,Manhattan,Midtown,40.729914,-73.965254,Entire home/apt,253.96,3,27,2022-11-20,3.64,3,200
3722,85895,Queens,Jamaica,40.80298,-73.776929,Private room,122.35,2,3,2024-01-10,0.66,1,263
3723,95001,Bronx,Mott Haven,40.881126,-73.846947,Entire home/apt,101.79,3,5,2024-04-28,0.0,1,212
3724,54603,Manhattan,Midtown,40.758407,-73.988925,Entire home/apt,195.29,7,15,2023-06-03,0.33,1,324
3725,47342,Manhattan,Chelsea,40.776677,-73.949892,Private room,344.03,7,13,2023-09-01,5.24,1,360
3726,94499,Bronx,Mott Haven,40.806506,-73.842005,Private room,26.22,30,46,2024-06-11,0.56,3,191
3727,65982,Manhattan,Hell Kitchen,40.789174,-73.939476,Entire home/apt,214.32,7,24,2024-08-10,1.43,3,240
3728,91918,Manhattan,Upper East Side,40.782266,-74.006295,Entire home/apt,224.11,7,4,2024-07-11,1.95,1,57
3729,96308,Manhattan,Harlem,40.796037,-73.928439,Entire home/apt,785.47,7,6,2024-07-21,1.56,1,40
3730,45934,Brooklyn,Crown Heights,40.720943,-73.99146,Entire home/apt,395.53,2,9,2023-12-27,0.71,1,40
3731,47548,Manhattan,Midtown,40.761461,-73.990259,Entire home/apt,523.5,3,15,2024-04-12,0.84,1,214
3732,34915,Bronx,Fordham,40.944966,-73.881166,Private room,47.66,14,28,2023-09-26,2.73,1,245
3733,6243,Brooklyn,Bed-Stuy,40.638441,-73.953706,Entire home/apt,506.72,1,4,2024-05-03,1.63,1,115
3734,34484,Brooklyn,Bushwick,40.659186,-73.850141,Entire home/apt,222.48,5,14,2023-12-12,0.04,1,186
3735,86155,Manhattan,Tribeca,40.76281,-73.947587,Entire home/apt,425.76,1,48,2024-06-23,0.34,1,194
3736,30195,Brooklyn,Bed-Stuy,40.685526,-73.871778,Hotel room,154.73,30,31,2024-03-20,0.51,1,266
3737,43311,Brooklyn,Bed-Stuy,40.773157,-73.939112,Entire home/apt,188.24,30,15,2024-03-02,0.68,10,27
3738,79319,Queens,Jamaica,40.702995,-73.789606,Entire home/apt,130.2,14,5,2023-12-20,1.29,1,251
3739,71762,Queens,Long Island City,40.720618,-73.927457,Entire home/apt,132.42,3,32,2023-11-17,0.68,1,115
3740,55627,Brooklyn,Greenpoint,40.771349,-73.929453,Private room,122.46,2,38,2024-07-05,2.61,1,200
3741,10404,Bronx,Riverdale,40.786645,-73.968176,Private room,63.01,14,44,2024-06-06,0.96,5,223
3742,37718,Queens,Jamaica,40.541992,-73.733262,Entire home/apt,142.2,30,4,2024-07-22,1.05,1,236
3743,45153,Queens,Flushing,40.678682,-73.831292,Entire home/apt,263.39,3,0,,0.0,5,179
3744,91347,Manhattan,Midtown,40.792863,-73.981521,Entire home/apt,87.91,5,46,2023-12-29,0.56,3,73
3745,50174,Manhattan,Lower East Side,40.79403,-73.969295,Entire home/apt,353.16,30,7,2024-07-07,1.94,1,139
3746,60361,Manhattan,Chelsea,40.781417,-74.002655,Entire home/apt,383.77,30,41,2024-06-04,0.39,1,171
3747,94974,Brooklyn,Crown Heights,40.629016,-73.908048,Entire home/apt,303.77,14,30,2023-11-14,1.75,1,147
3748,50893,Brooklyn,Greenpoint,40.637279,-73.871878,Entire home/apt,187.08,3,11,2024-06-19,1.13,1,188
3749,91396,Brooklyn,Crown Heights,40.818984,-73.904817,Entire home/apt,208.65,7,41,2024-07-01,0.16,1,139
3750,45465,Queens,Astoria,40.847627,-73.737242,Entire home/apt,213.62,1,27,2024-02-25,0.03,1,8
3751,7807,Queens,Astoria,40.685459,-73.778888,Private room,130.73,30,38,2022-11-05,0.28,1,280
3752,77949,Bronx,South Bronx,40.945466,-73.890978,Entire home/apt,96.48,5,25,2024-08-21,2.15,1,264
3753,94707,Manhattan,Lower East Side,40.762313,-73.993884,Entire home/apt,320.46,5,9,2023-10-13,0.73,1,236
3754,91959,Brooklyn,Park Slope,40.665148,-74.004408,Entire home/apt,375.75,1,3,2024-08-09,2.45,1,364
3755,25768,Manhattan,Upper East Side,40.81658,-73.966873,Shared room,34.63,2,17,2024-06-17,1.05,1,140
3756,5978,Manhattan,Upper East Side,40.802535,-73.977173,Private room,109.27,1,24,2024-05-27,0.05,1,134
3757,92037,Manhattan,Harlem,40.760296,-73.997388,Entire home/apt,517.65,30,17,2024-01-17,2.81,1,139
3758,64017,Manhattan,Hell Kitchen,40.76494,-73.964249,Entire home/apt,445.85,1,13,2023-05-20,4.13,1,214
3759,64871,Brooklyn,Williamsburg,40.709393,-73.908008,Entire home/apt,236.62,1,2,2024-08-13,0.12,1,282
3760,57855,Queens,Jamaica,40.609106,-73.794933,Entire home/apt,120.35,30,21,2023-12-31,0.35,1,219
3761,7566,Manhattan,Midtown,40.762579,-73.963171,Entire home/apt,202.4,2,29,2024-06-23,1.89,1,63
3762,61453,Brooklyn,Bushwick,40.706945,-74.01453,Private room,75.78,5,23,2023-07-12,8.8,1,311
3763,56455,Brooklyn,Crown Heights,40.736282,-73.803871,Private room,178.31,14,16,2024-07-05,3.13,1,289
3764,53990,Manhattan,Chelsea,40.799797,-73.974457,Shared room,63.0,3,7,2024-02-01,0.16,1,267
3765,87713,Brooklyn,Park Slope,40.659207,-73.956744,Entire home/apt,199.95,1,3,2024-07-31,1.4,1,67
3766,86557,Manhattan,Lower East Side,40.767885,-73.966152,Private room,106.52,2,37,2023-02-09,1.64,1,275
3767,57223,Brooklyn,Bushwick,40.609892,-74.057582,Private room,134.49,3,41,2024-09-01,1.49,1,92
3768,9457,Brooklyn,Crown Heights,40.691376,-73.942926,Entire home/apt,154.78,14,9,2024-07-16,1.26,1,112
3769,11296,Manhattan,Tribeca,40.771677,-73.996854,Entire home/apt,276.97,30,9,2024-02-12,0.52,1,197
3770,20659,Manhattan,Hell Kitchen,40.788895,-73.991004,Entire home/apt,146.88,14,20,2023-09-22,1.66,1,68
3771,63284,Brooklyn,Williamsburg,40.669863,-73.838302,Entire home/apt,100.7,3,25,2022-03-08,1.96,3,62
3772,11318,Bronx,Fordham,40.877359,-73.933257,Entire home/apt,109.13,5,10,2024-07-29,1.29,1,170
3773,31749,Manhattan,Hell Kitchen,40.757603,-73.968164,Private room,84.75,14,8,2024-06-27,1.03,1,354
3774,57562,Brooklyn,Greenpoint,40.595681,-74.064304,Entire home/apt,445.65,30,25,2023-07-29,0.37,2,139
3775,53010,Brooklyn,Williamsburg,40.710142,-73.924944,Shared room,23.67,7,1,2024-08-27,1.18,1,310
3776,90216,Bronx,Mott Haven,40.86733,-73.851648,Entire home/apt,79.0,3,4,2024-01-08,0.21,1,357
3777,11833,Queens,Astoria,40.722975,-73.847875,Hotel room,108.72,1,37,2024-05-25,0.11,1,46
3778,35086,Brooklyn,Bed-Stuy,40.709168,-73.852407,Entire home/apt,165.91,3,19,2024-02-04,2.26,1,216
3779,15219,Brooklyn,Greenpoint,40.648126,-74.005444,Private room,61.73,7,32,2024-04-21,1.69,1,351
3780,89241,Queens,Flushing,40.63739,-73.864238,Entire home/apt,98.16,30,12,2024-03-08,1.57,1,115
3781,58323,Manhattan,Upper East Side,40.787152,-74.013993,Entire home/apt,193.78,7,10,2024-02-17,3.95,3,120
3782,42352,Manhattan,Midtown,40.791883,-73.958322,Private room,128.4,30,14,2024-03-06,0.72,1,194
3783,23524,Manhattan,Harlem,40.747138,-73.990784,Entire home/apt,628.75,5,23,2024-02-18,0.77,1,365
3784,40130,Queens,Flushing,40.734574,-73.806378,Private room,74.28,2,55,2024-04-03,0.8,1,246
3785,84547,Queens,Astoria,40.769771,-73.806191,Private room,115.56,14,11,2024-01-20,0.94,1,62
3786,25599,Manhattan,Lower East Side,40.808395,-73.977623,Entire home/apt,352.75,14,61,2023-12-07,1.08,3,0
3787,11236,Brooklyn,Greenpoint,40.619218,-74.008007,Entire home/apt,299.78,14,24,2023-11-27,2.26,1,65
3788,93739,Brooklyn,Park Slope,40.722328,-73.942423,Private room,31.32,5,33,2023-09-22,0.37,1,243
3789,20899,Manhattan,Chelsea,40.795774,-73.958938,Entire home/apt,254.98,30,30,2024-06-25,0.85,1,81
3790,12931,Staten Island,New Dorp,40.478508,-74.195803,Private room,83.67,14,44,2023-12-30,1.06,20,105
3791,64155,Manhattan,Upper East Side,40.762687,-73.987521,Shared room,64.44,30,47,2023-03-24,0.28,1,105
3792,52091,Manhattan,Upper East Side,40.774693,-73.951217,Entire home/apt,582.86,7,13,2024-06-11,1.82,10,84
3793,26918,Brooklyn,Crown Heights,40.750109,-73.961773,Entire home/apt,347.6,2,38,2023-12-06,0.09,1,325
3794,63172,Brooklyn,Park Slope,40.663123,-73.986526,Private room,79.57,14,13,2024-07-01,1.32,2,63
3795,41477,Manhattan,Hell Kitchen,40.784884,-73.96715,Entire home/apt,235.5,14,14,2024-07-29,0.34,1,194
3796,72106,Brooklyn,Crown Heights,40.726589,-73.896294,Entire home/apt,128.0,14,15,2024-05-18,0.01,1,305
3797,7802,Brooklyn,Bed-Stuy,40.540073,-73.953353,Entire home/apt,149.26,30,4,2023-11-11,0.57,3,77
3798,89212,Manhattan,Harlem,40.810782,-73.979962,Entire home/apt,175.9,14,32,2024-06-27,0.84,1,30
3799,64911,Manhattan,Midtown,40.805885,-73.977329,Entire home/apt,341.89,14,26,2024-07-01,2.55,1,136
3800,43260,Brooklyn,Park Slope,40.688695,-74.012413,Entire home/apt,107.24,30,5,2024-07-05,0.79,2,64
3801,43323,Manhattan,Midtown,40.761115,-73.95669,Private room,183.33,5,16,2024-07-19,3.71,2,101
3802,88350,Bronx,South Bronx,40.888891,-73.863479,Entire home/apt,139.87,1,10,2024-03-15,2.77,1,182
3803,13064,Queens,Flushing,40.629998,-73.791396,Entire home/apt,74.09,3,13,2024-07-13,0.32,1,284
3804,90509,Staten Island,Stapleton,40.642362,-74.080485,Hotel room,138.29,1,20,2023-04-29,0.25,1,216
3805,23024,Manhattan,Harlem,40.776766,-74.004397,Private room,176.84,1,8,2024-06-17,0.42,1,38
3806,7193,Bronx,Fordham,40.886818,-73.878598,Private room,73.42,3,3,2024-04-14,0.67,3,33
3807,81478,Brooklyn,Bushwick,40.734782,-73.927336,Entire home/apt,141.74,14,34,2024-05-30,1.31,1,149
3808,78855,Manhattan,Hell Kitchen,40.765431,-73.970035,Private room,184.71,3,11,2023-01-18,0.2,1,235
3809,74622,Manhattan,Midtown,40.809267,-73.974183,Entire home/apt,451.93,14,8,2024-05-25,1.14,1,205
3810,55998,Manhattan,Harlem,40.762404,-74.002973,Entire home/apt,276.86,30,6,2024-04-05,1.3,1,57
3811,98139,Brooklyn,Bushwick,40.63187,-73.968808,Entire home/apt,427.63,7,9,2023-12-17,1.62,1,62
3812,53521,Brooklyn,Williamsburg,40.7274,-74.011451,Entire home/apt,195.41,3,20,2024-07-30,1.2,1,186
3813,60284,Manhattan,Upper East Side,40.814175,-73.997943,Private room,227.27,1,24,2024-08-27,2.62,1,70
3814,28221,Brooklyn,Park Slope,40.818089,-73.840669,Entire home/apt,215.87,30,22,2024-05-15,1.54,1,125
3815,63055,Manhattan,Chelsea,40.785923,-74.004154,Private room,182.0,30,24,2024-04-11,3.88,1,5
3816,49046,Brooklyn,Williamsburg,40.674875,-73.96741,Private room,49.2,14,7,2024-07-03,1.81,3,35
3817,38828,Manhattan,Harlem,40.757614,-73.96538,Private room,167.04,30,12,2024-05-13,0.86,1,287
3818,21121,Queens,Forest Hills,40.662309,-73.852092,Entire home/apt,107.32,14,11,2024-03-14,0.35,1,236
3819,83010,Queens,Long Island City,40.711906,-73.840893,Private room,51.32,3,18,2022-11-20,0.02,1,314
3820,18372,Brooklyn,Bed-Stuy,40.802889,-73.976343,Entire home/apt,385.73,7,5,2024-03-20,0.14,1,217
3821,13471,Manhattan,Hell Kitchen,40.791918,-73.96829,Entire home/apt,264.4,30,19,2024-05-17,0.32,1,69
3822,16321,Manhattan,Midtown,40.790155,-73.962618,Hotel room,144.6,2,73,2024-08-28,0.37,1,33
3823,80050,Queens,Jamaica,40.798709,-73.773584,Entire home/apt,124.73,5,0,,0.0,1,170
3824,84777,Manhattan,Lower East Side,40.787598,-73.97003,Entire home/apt,171.19,14,25,2024-06-27,0.73,1,49
3825,86376,Manhattan,Chelsea,40.780332,-73.989436,Private room,255.54,30,14,2024-06-14,0.59,2,156
3826,30696,Manhattan,Midtown,40.781883,-73.966375,Entire home/apt,218.04,1,9,2024-05-08,0.08,1,261
3827,40251,Brooklyn,Park Slope,40.70233,-73.933383,Private room,118.64,3,7,2023-12-02,1.16,3,64
3828,98065,Brooklyn,Bushwick,40.664223,-73.947625,Entire home/apt,330.28,2,13,2023-12-07,1.42,1,327
3829,71223,Queens,Astoria,40.683908,-73.769842,Entire home/apt,117.89,5,2,2023-10-02,3.15,1,153
3830,64922,Manhattan,Chelsea,40.778677,-73.967589,Entire home/apt,356.3,30,35,2024-07-02,1.05,1,149
3831,34583,Manhattan,Midtown,40.803116,-73.985387,Entire home/apt,190.74,5,17,2024-06-17,0.01,1,108
3832,2986,Queens,Forest Hills,40.775936,-73.792243,Entire home/apt,383.03,14,23,2024-08-03,0.1,1,15
3833,78822,Queens,Jamaica,40.889895,-73.812204,Private room,104.71,5,9,2023-09-17,0.47,1,144
3834,46350,Manhattan,Upper East Side,40.797003,-73.970893,Entire home/apt,266.64,30,5,2024-02-24,0.22,1,327
3835,91090,Brooklyn,Greenpoint,40.594902,-73.975441,Shared room,39.64,14,9,2024-08-18,2.21,1,113
3836,96140,Manhattan,Harlem,40.800709,-73.979854,Entire home/apt,275.16,30,1,2024-06-28,0.17,1,339
3837,94416,Bronx,Fordham,40.733787,-73.86637,Entire home/apt,94.97,30,38,2024-08-03,0.26,3,107
3838,92683,Manhattan,Midtown,40.761253,-73.968564,Private room,314.5,30,29,2022-12-15,1.65,1,59
3839,60977,Bronx,Riverdale,40.922357,-73.826327,Shared room,18.74,1,11,2024-06-23,0.41,1,286
3840,92126,Brooklyn,Greenpoint,40.770399,-73.977891,Entire home/apt,202.64,5,15,2024-05-01,5.21,1,362
3841,78633,Brooklyn,Greenpoint,40.66961,-74.006866,Private room,95.3,14,8,2024-06-25,2.98,1,24
3842,89440,Manhattan,Lower East Side,40.769419,-73.989738,Private room,137.39,1,1,2024-05-09,2.05,1,242
3843,98822,Brooklyn,Greenpoint,40.599797,-73.862249,Entire home/apt,183.84,1,20,2021-06-04,0.63,1,75
3844,31375,Brooklyn,Bed-Stuy,40.552682,-73.861992,Private room,91.64,7,3,2024-07-03,0.09,1,156
3845,19510,Manhattan,Chelsea,40.808021,-73.961204,Entire home/apt,408.38,5,8,2024-07-04,0.62,1,321
3846,72328,Brooklyn,Park Slope,40.61133,-74.039131,Private room,122.48,3,6,2024-06-10,0.71,1,13
3847,29865,Staten Island,Stapleton,40.55208,-74.125195,Shared room,32.99,14,7,2024-07-30,0.2,1,305
3848,86169,Brooklyn,Williamsburg,40.678384,-74.00681,Private room,28.52,2,16,2024-01-04,0.19,1,87
3849,23871,Brooklyn,Bushwick,40.747092,-73.843137,Entire home/apt,216.46,1,27,2024-06-08,1.65,1,24
3850,25154,Manhattan,Tribeca,40.778568,-73.969013,Entire home/apt,148.52,1,18,2024-03-29,0.4,1,110
3851,84058,Brooklyn,Crown Heights,40.587669,-73.969063,Shared room,69.93,7,10,2024-02-20,1.7,1,23
3852,8262,Manhattan,Lower East Side,40.793309,-73.964103,Entire home/apt,519.44,1,41,2024-08-26,1.19,2,258
3853,14254,Brooklyn,Greenpoint,40.64774,-73.960655,Entire home/apt,132.56,14,18,2024-02-29,3.48,2,78
3854,86501,Bronx,South Bronx,40.822439,-73.878723,Private room,48.99,1,1,2024-04-18,2.39,1,300
3855,18433,Brooklyn,Williamsburg,40.703594,-74.062252,Entire home/apt,151.07,3,44,2024-08-17,0.25,1,329
3856,50404,Manhattan,Harlem,40.781613,-73.9642,Entire home/apt,472.07,1,6,2024-08-09,1.41,1,295
3857,3497,Manhattan,Lower East Side,40.77169,-73.980787,Entire home/apt,299.16,2,20,2024-05-20,1.59,1,41
3858,21879,Brooklyn,Bushwick,40.651176,-73.972943,Entire home/apt,383.3,30,13,2024-06-17,2.97,1,253
3859,76663,Brooklyn,Bushwick,40.678553,-73.93646,Private room,113.28,2,13,2024-05-21,1.54,1,282
3860,36158,Queens,Forest Hills,40.560159,-73.74267,Private room,79.33,3,24,2024-03-04,0.23,1,5
3861,21464,Queens,Jamaica,40.705,-73.640263,Entire home/apt,147.98,7,14,2024-08-02,0.45,2,165
3862,73487,Brooklyn,Greenpoint,40.606701,-73.996239,Private room,133.16,3,5,2024-02-19,1.52,3,231
3863,43248,Manhattan,Upper East Side,40.779042,-73.962935,Private room,71.86,2,21,2023-10-31,3.64,2,288
3864,29711,Manhattan,Chelsea,40.744085,-73.987782,Private room,149.0,3,18,2024-09-01,3.33,1,245
3865,96582,Manhattan,Lower East Side,40.794926,-73.990162,Entire home/apt,280.04,3,7,2024-06-11,0.67,3,276
3866,45401,Manhattan,Hell Kitchen,40.810501,-73.980278,Private room,192.48,30,30,2024-07-06,2.66,1,114
3867,52756,Brooklyn,Williamsburg,40.624238,-73.907585,Entire home/apt,178.11,5,55,2024-05-23,1.07,1,64
3868,77800,Brooklyn,Park Slope,40.774657,-73.919216,Private room,63.36,5,1,2024-03-14,0.94,1,231
3869,38844,Brooklyn,Williamsburg,40.753826,-73.843602,Private room,96.28,14,4,2024-07-26,0.65,5,75
3870,58756,Manhattan,Lower East Side,40.764663,-73.952432,Entire home/apt,186.76,3,3,2024-08-07,1.7,1,162
3871,14959,Manhattan,Tribeca,40.752631,-73.962702,Shared room,37.5,30,14,2024-01-11,1.37,1,150
3872,64688,Manhattan,Chelsea,40.781674,-73.946341,Entire home/apt,385.22,1,20,2024-02-06,0.7,1,97
3873,63137,Manhattan,Hell Kitchen,40.806545,-73.959804,Private room,181.53,3,37,2024-05-13,2.16,1,97
3874,14330,Queens,Jamaica,40.752074,-73.754231,Entire home/apt,173.58,7,4,2024-04-29,0.72,1,95
3875,74719,Manhattan,Hell Kitchen,40.784335,-73.972424,Shared room,136.4,3,12,2024-07-07,1.32,5,146
3876,7775,Brooklyn,Park Slope,40.764755,-73.850427,Entire home/apt,147.15,2,0,,0.0,1,209
3877,10754,Manhattan,Midtown,40.780267,-73.966447,Entire home/apt,162.47,30,25,2024-06-22,0.19,1,254
3878,23228,Queens,Forest Hills,40.734732,-73.923836,Entire home/apt,140.02,30,13,2024-06-24,0.26,1,252
3879,43966,Brooklyn,Williamsburg,40.658014,-73.848218,Entire home/apt,167.08,7,29,2024-01-12,1.6,1,199
3880,82770,Manhattan,Chelsea,40.768104,-73.928909,Entire home/apt,205.62,2,19,2024-04-08,2.5,1,112
3881,75957,Brooklyn,Crown Heights,40.748528,-73.92011,Private room,92.98,7,1,2024-01-10,0.95,1,226
3882,19635,Brooklyn,Bushwick,40.711851,-73.999232,Entire home/apt,150.33,7,33,2024-03-25,0.59,1,355
3883,7779,Bronx,Mott Haven,40.831539,-73.79273,Entire home/apt,52.2,2,15,2024-04-13,0.62,1,112
3884,75165,Manhattan,Lower East Side,40.770809,-73.949977,Entire home/apt,241.41,14,13,2024-06-24,1.37,1,176
3885,95148,Queens,Forest Hills,40.618037,-73.890753,Private room,45.7,3,10,2024-06-03,0.95,1,227
3886,31776,Bronx,South Bronx,40.939869,-73.865392,Private room,59.68,7,5,2023-08-05,0.0,1,357
3887,86174,Bronx,Fordham,40.817875,-73.796663,Private room,41.84,1,3,2024-03-31,2.21,1,53
3888,20910,Brooklyn,Greenpoint,40.752949,-73.888955,Private room,149.76,2,59,2024-04-21,0.23,1,235
3889,89802,Brooklyn,Bed-Stuy,40.644006,-73.961415,Entire home/apt,364.69,30,19,2024-08-23,1.69,2,230
3890,89157,Brooklyn,Bushwick,40.696898,-73.902536,Entire home/apt,251.95,2,21,2024-02-14,0.63,10,39
3891,75665,Queens,Long Island City,40.687521,-73.781241,Entire home/apt,77.43,30,19,2024-02-06,1.29,20,177
3892,97074,Brooklyn,Bed-Stuy,40.694243,-73.866994,Private room,175.29,3,20,2024-02-03,2.9,1,248
3893,72623,Brooklyn,Williamsburg,40.723468,-74.034608,Hotel room,270.45,3,1,2024-08-15,0.25,1,260
3894,52301,Brooklyn,Greenpoint,40.665382,-73.999927,Entire home/apt,193.45,7,18,2024-06-29,2.26,1,37
3895,41091,Brooklyn,Williamsburg,40.712285,-73.888811,Entire home/apt,325.92,2,10,2024-06-10,0.06,1,176
3896,43891,Queens,Astoria,40.736324,-73.81635,Entire home/apt,115.49,3,21,2023-10-22,3.81,3,334
3897,81044,Manhattan,Harlem,40.784483,-73.967022,Entire home/apt,136.52,2,5,2022-09-22,0.34,1,310
3898,70409,Queens,Long Island City,40.676992,-73.892397,Private room,53.12,30,22,2024-05-28,2.37,1,229
3899,73286,Brooklyn,Crown Heights,40.555192,-73.868169,Entire home/apt,383.45,1,29,2024-04-09,0.1,1,157
3900,58078,Queens,Astoria,40.767909,-73.765899,Shared room,22.31,2,0,,0.0,1,321
3901,72508,Brooklyn,Greenpoint,40.754112,-74.019528,Entire home/apt,191.96,7,54,2024-08-31,1.51,1,70
3902,77239,Manhattan,Chelsea,40.748387,-73.963515,Shared room,82.11,30,30,2024-08-31,1.61,1,312
3903,23743,Bronx,Fordham,40.859464,-73.951365,Private room,44.31,1,14,2024-08-19,1.8,1,72
3904,93373,Manhattan,Chelsea,40.79029,-73.979204,Private room,120.59,1,14,2024-01-17,0.65,1,284
3905,13473,Queens,Forest Hills,40.663633,-73.821574,Private room,74.11,14,17,2024-07-28,1.64,2,29
3906,2288,Brooklyn,Bushwick,40.531708,-73.979682,Private room,76.67,5,61,2023-12-21,0.84,3,210
3907,15060,Brooklyn,Bed-Stuy,40.635942,-73.910774,Private room,54.35,3,6,2024-05-23,1.25,1,277
3908,23382,Manhattan,Midtown,40.779935,-73.958423,Private room,156.93,30,13,2023-09-26,1.19,1,130
3909,10543,Brooklyn,Crown Heights,40.525228,-73.994546,Private room,147.48,1,13,2023-08-31,0.28,1,56
3910,13758,Manhattan,Chelsea,40.79422,-73.977377,Hotel room,305.85,14,11,2023-08-17,2.81,1,29
3911,1048,Manhattan,Tribeca,40.800009,-74.007292,Private room,104.16,14,15,2024-04-13,3.03,5,356
3912,16497,Manhattan,Hell Kitchen,40.797722,-73.983983,Private room,87.3,14,13,2023-11-27,0.34,1,15
3913,50783,Manhattan,Lower East Side,40.768376,-73.951379,Private room,128.53,5,19,2024-02-19,0.81,2,232
3914,41912,Staten Island,St. George,40.637595,-74.108812,Entire home/apt,185.72,7,9,2024-07-26,0.94,1,302
3915,62468,Bronx,Riverdale,40.946732,-73.80146,Entire home/apt,140.86,30,19,2024-06-07,1.19,1,347
3916,21146,Manhattan,Lower East Side,40.767191,-73.968367,Entire home/apt,381.67,3,6,2023-01-20,0.03,1,154
3917,38042,Brooklyn,Greenpoint,40.656588,-73.822455,Entire home/apt,274.08,2,10,2023-12-10,2.13,1,172
3918,64425,Manhattan,Hell Kitchen,40.805197,-73.974978,Private room,170.4,2,1,2024-07-09,2.97,1,69
3919,57842,Brooklyn,Crown Heights,40.730875,-74.018132,Entire home/apt,201.49,2,3,2024-07-04,0.23,1,357
3920,75567,Queens,Forest Hills,40.748221,-73.869934,Private room,93.84,1,18,2024-07-11,3.4,3,190
3921,23420,Bronx,Fordham,40.76037,-73.825573,Private room,43.72,14,14,2024-06-22,2.85,2,17
3922,51630,Brooklyn,Bed-Stuy,40.732715,-73.916767,Entire home/apt,109.04,3,15,2023-05-16,1.17,1,39
3923,36688,Queens,Jamaica,40.713563,-73.896209,Private room,96.15,14,21,2024-05-22,0.48,1,324
3924,24560,Manhattan,Midtown,40.759873,-73.990586,Private room,236.25,7,14,2024-06-12,0.35,1,137
3925,95057,Staten Island,New Dorp,40.567816,-74.107153,Entire home/apt,63.42,5,27,2024-07-14,1.01,2,85
3926,33367,Manhattan,Harlem,40.804308,-74.004171,Private room,200.05,3,20,2023-07-28,1.06,5,232
3927,26130,Brooklyn,Bushwick,40.636606,-73.98741,Private room,188.04,5,4,2023-02-12,1.58,1,279
3928,87693,Brooklyn,Bushwick,40.526305,-73.910233,Entire home/apt,191.83,5,3,2024-06-23,2.43,1,56
3929,61762,Brooklyn,Bed-Stuy,40.66343,-73.950989,Entire home/apt,138.42,30,16,2024-03-13,4.09,1,6
3930,27155,Manhattan,Hell Kitchen,40.810017,-73.969434,Hotel room,226.89,2,25,2023-02-07,2.39,1,139
3931,59043,Bronx,South Bronx,40.823263,-73.836196,Entire home/apt,87.3,1,3,2024-04-30,3.6,1,208
3932,96049,Manhattan,Hell Kitchen,40.804277,-73.965271,Entire home/apt,225.04,30,10,2024-05-11,1.04,20,355
3933,9431,Brooklyn,Greenpoint,40.719551,-73.952934,Entire home/apt,228.32,1,3,2024-04-19,0.06,1,59
3934,30593,Manhattan,Lower East Side,40.781463,-73.96894,Private room,75.82,7,21,2024-08-26,0.08,1,353
3935,28098,Manhattan,Midtown,40.768038,-73.982561,Private room,80.82,30,18,2024-06-29,0.47,1,184
3936,95007,Brooklyn,Crown Heights,40.760873,-73.823723,Private room,96.74,30,20,2024-01-29,1.43,1,147
3937,75837,Brooklyn,Bed-Stuy,40.773732,-74.023595,Entire home/apt,190.29,7,0,,0.0,1,180
3938,25759,Manhattan,Lower East Side,40.754703,-73.995014,Shared room,92.93,2,56,2022-12-29,0.27,1,49
3939,14997,Manhattan,Upper East Side,40.785788,-74.027374,Entire home/apt,609.75,30,4,2024-04-03,2.85,3,14
3940,1752,Brooklyn,Bed-Stuy,40.642872,-73.859774,Entire home/apt,200.2,14,39,2024-07-25,6.3,2,200
3941,37243,Queens,Astoria,40.806795,-73.835628,Entire home/apt,182.93,5,19,2024-05-24,0.03,1,71
3942,35084,Queens,Jamaica,40.693532,-73.749521,Entire home/apt,97.48,30,19,2024-05-03,0.14,1,214
3943,9611,Manhattan,Lower East Side,40.801805,-73.981863,Private room,195.78,14,21,2024-08-03,1.04,2,134
3944,31172,Manhattan,Tribeca,40.778413,-73.98252,Shared room,65.62,30,23,2024-06-22,0.62,1,319
3945,39517,Manhattan,Midtown,40.756473,-73.975595,Entire home/apt,296.35,2,2,2024-05-18,2.29,3,219
3946,9006,Manhattan,Hell Kitchen,40.777181,-73.996413,Private room,137.86,1,11,2024-07-09,1.59,3,94
3947,89778,Brooklyn,Bushwick,40.716965,-73.915201,Private room,145.12,30,6,2024-06-15,0.11,1,103
3948,58719,Brooklyn,Bushwick,40.719943,-73.990284,Shared room,31.98,14,25,2024-07-05,1.18,3,62
3949,56159,Manhattan,Lower East Side,40.743428,-73.961853,Entire home/apt,115.55,1,15,2024-03-15,0.62,1,142
3950,50972,Manhattan,Midtown,40.769818,-73.989013,Private room,132.22,2,2,2024-03-30,5.03,1,185
3951,23199,Manhattan,Upper East Side,40.757959,-73.976706,Entire home/apt,347.36,3,15,2024-04-10,0.97,1,6
3952,50067,Queens,Astoria,40.854386,-73.835336,Private room,76.52,1,29,2024-08-14,3.94,1,233
3953,70826,Staten Island,New Dorp,40.52501,-74.124123,Entire home/apt,162.39,7,6,2024-07-27,0.05,1,182
3954,67082,Manhattan,Harlem,40.786556,-74.013586,Private room,171.53,3,32,2024-08-11,0.16,2,213
3955,34152,Manhattan,Harlem,40.796347,-73.928631,Entire home/apt,229.85,2,10,2024-08-21,0.73,5,248
3956,47761,Queens,Flushing,40.520157,-73.893756,Entire home/apt,56.81,3,5,2024-07-12,3.27,3,52
3957,92072,Bronx,Fordham,40.702374,-73.868565,Private room,49.47,5,13,2024-07-25,1.18,1,149
3958,71624,Brooklyn,Park Slope,40.737623,-73.93787,Private room,144.83,14,16,2024-01-13,2.61,2,358
3959,52225,Manhattan,Harlem,40.81094,-73.954589,Private room,123.1,30,4,2024-01-31,0.5,1,84
3960,70482,Manhattan,Hell Kitchen,40.817143,-73.947996,Private room,145.64,3,15,2024-07-23,0.18,5,345
3961,5719,Brooklyn,Park Slope,40.654023,-73.940196,Entire home/apt,227.25,30,19,2024-07-31,0.42,1,105
3962,29098,Manhattan,Tribeca,40.765726,-73.975813,Entire home/apt,191.87,14,11,2024-08-04,1.55,3,329
3963,80191,Manhattan,Harlem,40.784337,-73.972898,Entire home/apt,369.54,2,23,2024-06-24,3.08,1,344
3964,40522,Brooklyn,Bed-Stuy,40.758735,-73.96401,Entire home/apt,369.57,5,3,2024-07-01,0.91,10,270
3965,52388,Manhattan,Tribeca,40.764458,-73.988592,Private room,134.38,14,15,2024-08-27,0.32,1,51
3966,39524,Queens,Flushing,40.780608,-73.907151,Private room,45.83,7,26,2024-04-03,1.52,2,79
3967,91471,Manhattan,Lower East Side,40.779076,-73.94465,Private room,140.21,7,14,2023-07-19,0.33,5,246
3968,2402,Manhattan,Upper East Side,40.788952,-73.972692,Private room,59.15,14,5,2024-04-15,1.27,1,228
3969,54420,Brooklyn,Greenpoint,40.676045,-74.005974,Private room,109.85,14,11,2024-08-21,0.16,3,195
3970,3639,Manhattan,Chelsea,40.765957,-73.975104,Entire home/apt,345.11,1,17,2024-03-21,2.5,2,252
3971,30422,Staten Island,St. George,40.593064,-74.112274,Entire home/apt,193.91,3,24,2024-05-05,2.45,5,17
3972,71249,Brooklyn,Williamsburg,40.683754,-73.863034,Private room,88.83,30,11,2023-07-02,1.17,1,104
3973,45400,Manhattan,Harlem,40.815204,-73.955295,Entire home/apt,339.12,14,10,2024-06-12,0.06,1,36
3974,67637,Brooklyn,Bed-Stuy,40.751699,-74.003643,Entire home/apt,136.04,30,7,2023-12-26,0.49,1,74
3975,61320,Manhattan,Upper East Side,40.760116,-73.960841,Entire home/apt,249.73,2,22,2024-08-25,0.22,1,261
3976,16545,Bronx,Riverdale,40.77774,-73.879319,Private room,29.56,7,35,2024-01-15,1.11,1,32
3977,93552,Manhattan,Midtown,40.798524,-73.942933,Entire home/apt,266.41,14,9,2024-08-25,0.16,1,35
3978,80993,Brooklyn,Crown Heights,40.662947,-73.983197,Private room,84.96,7,25,2024-06-17,3.06,3,238
3979,79537,Manhattan,Chelsea,40.789509,-73.992671,Private room,162.31,3,2,2023-03-19,2.85,1,94
3980,93350,Brooklyn,Greenpoint,40.667803,-73.94468,Entire home/apt,149.61,2,29,2024-01-27,0.25,1,179
3981,93313,Queens,Forest Hills,40.725961,-73.78782,Private room,74.44,2,6,2023-05-24,1.78,1,136
3982,51073,Queens,Flushing,40.661439,-73.853059,Private room,63.01,5,17,2024-05-01,1.79,1,78
3983,76661,Manhattan,Chelsea,40.768158,-74.003602,Private room,126.12,14,16,2024-03-18,0.76,1,284
3984,93454,Manhattan,Harlem,40.789937,-73.953307,Private room,148.7,7,42,2024-04-23,0.25,1,131
3985,52144,Queens,Jamaica,40.791905,-73.8159,Entire home/apt,146.35,30,15,2024-05-07,0.21,3,215
3986,25204,Bronx,South Bronx,40.80425,-73.827584,Private room,73.76,14,27,2024-03-30,2.02,1,215
3987,17448,Manhattan,Harlem,40.795878,-73.966852,Entire home/apt,274.43,3,11,2024-08-25,0.37,1,107
3988,79198,Brooklyn,Bed-Stuy,40.782859,-73.945786,Shared room,46.95,7,8,2024-07-27,1.39,1,189
3989,91753,Manhattan,Tribeca,40.777962,-73.979196,Private room,133.95,3,30,2024-07-20,3.01,1,158
3990,93182,Queens,Astoria,40.60333,-73.741993,Private room,54.1,14,6,2024-06-07,1.35,1,195
3991,89353,Manhattan,Upper East Side,40.78099,-73.961001,Entire home/apt,249.38,14,40,2024-05-22,5.47,1,359
3992,43600,Manhattan,Hell Kitchen,40.819938,-73.979015,Entire home/apt,648.99,1,10,2024-01-03,1.56,1,299
3993,93201,Queens,Jamaica,40.541159,-73.756414,Entire home/apt,99.96,3,20,2024-07-31,0.57,1,275
3994,71825,Manhattan,Tribeca,40.786437,-73.985849,Entire home/apt,257.62,2,9,2024-04-03,2.87,1,5
3995,80684,Brooklyn,Bed-Stuy,40.702036,-73.897034,Entire home/apt,164.43,1,22,2024-07-06,0.56,1,300
3996,4039,Brooklyn,Bed-Stuy,40.621403,-73.96228,Entire home/apt,173.93,3,12,2024-04-24,5.34,20,196
3997,23729,Manhattan,Harlem,40.812635,-73.985632,Entire home/apt,252.26,14,6,2024-03-08,0.97,1,58
3998,65021,Manhattan,Hell Kitchen,40.784433,-74.023688,Hotel room,241.53,7,32,2024-03-28,4.59,2,206
3999,33215,Brooklyn,Bushwick,40.589289,-73.934749,Entire home/apt,96.88,5,14,2024-07-20,0.3,1,80
4000,79882,Manhattan,Hell Kitchen,40.80766,-73.998441,Shared room,122.65,7,20,2024-01-23,0.02,1,334
4001,72723,Brooklyn,Crown Heights,40.682674,-73.966743,Shared room,69.55,1,12,2024-02-24,0.33,1,280
4002,41435,Queens,Jamaica,40.804447,-73.892324,Private room,43.79,1,18,2023-05-07,0.16,1,106
4003,69399,Queens,Jamaica,40.762606,-73.847195,Private room,29.05,1,10,2024-03-05,1.99,3,117
4004,11033,Manhattan,Upper East Side,40.787561,-73.969821,Entire home/apt,194.83,3,49,2024-01-16,0.46,2,141
4005,39383,Manhattan,Midtown,40.778064,-73.961644,Private room,130.68,2,18,2023-11-07,1.53,1,347
4006,77756,Manhattan,Harlem,40.783973,-73.973856,Entire home/apt,808.42,30,56,2024-08-12,1.66,2,364
4007,64674,Manhattan,Midtown,40.775972,-73.969648,Entire home/apt,357.9,1,14,2024-01-31,1.75,3,40
4008,9009,Brooklyn,Greenpoint,40.691523,-74.003549,Private room,46.59,2,7,2024-06-24,2.68,1,179
4009,77890,Brooklyn,Bed-Stuy,40.657232,-74.007511,Entire home/apt,145.71,1,17,2023-10-26,0.24,1,291
4010,11016,Manhattan,Tribeca,40.782303,-73.983047,Private room,140.97,5,16,2024-05-07,0.08,1,207
4011,2551,Manhattan,Tribeca,40.798516,-73.957745,Entire home/apt,318.76,7,0,,0.0,1,354
4012,60518,Manhattan,Chelsea,40.764645,-73.971246,Entire home/apt,170.21,14,10,2024-03-29,0.16,1,174
4013,46828,Brooklyn,Park Slope,40.716511,-73.954718,Entire home/apt,181.91,3,14,2024-07-09,0.72,1,275
4014,55999,Manhattan,Lower East Side,40.768536,-73.993048,Entire home/apt,216.14,5,6,2024-02-25,5.13,1,240
4015,81299,Brooklyn,Williamsburg,40.729456,-73.890037,Entire home/apt,123.47,5,12,2024-08-26,0.65,1,71
4016,36951,Manhattan,Lower East Side,40.778941,-73.955877,Entire home/apt,319.51,2,29,2023-12-28,0.9,1,115
4017,81090,Queens,Long Island City,40.490983,-73.688696,Entire home/apt,196.25,5,19,2024-07-31,2.53,1,159
4018,63453,Queens,Astoria,40.715644,-73.783558,Private room,100.79,3,9,2024-07-17,3.76,1,118
4019,74997,Manhattan,Hell Kitchen,40.77669,-73.943286,Entire home/apt,362.39,1,44,2024-09-01,5.33,1,133
4020,33713,Manhattan,Lower East Side,40.761885,-73.941711,Private room,118.02,7,29,2024-06-26,2.63,1,77
4021,41796,Brooklyn,Park Slope,40.701976,-73.90684,Entire home/apt,255.52,3,20,2024-06-05,1.05,2,161
4022,23478,Manhattan,Upper East Side,40.776516,-73.997364,Private room,162.95,7,23,2024-07-16,0.39,1,203
4023,83389,Brooklyn,Greenpoint,40.734031,-73.925515,Entire home/apt,202.57,5,21,2024-07-16,1.37,20,33
4024,43858,Queens,Long Island City,40.83713,-73.810402,Entire home/apt,112.75,3,13,2023-07-27,0.33,1,15
4025,56096,Brooklyn,Williamsburg,40.653046,-73.860915,Entire home/apt,157.39,30,14,2024-06-22,0.09,1,290
4026,1069,Queens,Flushing,40.881152,-73.794152,Entire home/apt,148.32,2,22,2024-01-15,3.78,5,234
4027,3170,Manhattan,Hell Kitchen,40.768045,-73.954989,Private room,382.13,7,6,2024-07-15,0.99,1,313
4028,10842,Manhattan,Tribeca,40.77802,-73.959215,Entire home/apt,324.88,2,28,2023-11-08,1.06,1,282
4029,43798,Brooklyn,Greenpoint,40.662643,-73.850359,Hotel room,112.77,14,22,2024-02-11,1.41,1,29
4030,37442,Manhattan,Upper East Side,40.76911,-73.961589,Entire home/apt,206.44,7,3,2023-12-22,0.9,1,227
4031,74564,Brooklyn,Park Slope,40.648878,-73.96109,Entire home/apt,157.71,14,7,2024-05-20,0.88,2,351
4032,20675,Manhattan,Midtown,40.774859,-73.956428,Private room,344.03,5,4,2023-08-18,3.7,2,47
4033,15482,Manhattan,Harlem,40.801467,-73.960045,Entire home/apt,245.49,7,11,2024-06-09,2.54,1,359
4034,62280,Staten Island,Stapleton,40.574101,-74.144593,Private room,71.29,1,8,2024-03-20,0.36,20,300
4035,16421,Manhattan,Midtown,40.801054,-73.952614,Entire home/apt,247.79,14,26,2024-03-02,0.52,2,339
4036,10865,Staten Island,St. George,40.444986,-74.161089,Private room,55.06,1,27,2023-03-04,1.62,1,309
4037,21535,Staten Island,New Dorp,40.568287,-74.12343,Entire home/apt,136.16,7,15,2024-08-06,1.27,1,254
4038,13042,Queens,Flushing,40.722858,-73.737365,Private room,57.28,7,8,2024-08-06,2.18,1,352
4039,81107,Brooklyn,Bushwick,40.61348,-73.928597,Private room,74.28,5,20,2024-05-13,1.95,1,35
4040,31287,Brooklyn,Bed-Stuy,40.732212,-74.032663,Entire home/apt,372.8,1,26,2023-06-10,1.85,1,280
4041,92526,Queens,Forest Hills,40.929291,-73.699629,Entire home/apt,213.5,2,12,2024-08-29,3.18,1,138
4042,33564,Manhattan,Chelsea,40.783127,-73.987768,Entire home/apt,395.14,3,17,2024-07-05,2.18,1,258
4043,9003,Brooklyn,Park Slope,40.667695,-73.939172,Hotel room,197.3,2,27,2024-07-03,0.42,1,196
4044,82551,Brooklyn,Williamsburg,40.70464,-73.85416,Entire home/apt,230.75,3,9,2024-06-28,3.09,1,234
4045,36515,Brooklyn,Bed-Stuy,40.649634,-73.910437,Entire home/apt,430.35,3,12,2024-08-28,0.61,1,299
4046,71783,Brooklyn,Greenpoint,40.600654,-73.969016,Entire home/apt,195.4,3,30,2023-10-23,3.63,1,328
4047,34672,Manhattan,Tribeca,40.790634,-73.957375,Entire home/apt,362.8,7,27,2024-08-31,2.61,3,175
4048,71576,Brooklyn,Greenpoint,40.633006,-73.970648,Private room,53.73,30,2,2024-05-08,0.12,1,74
4049,35056,Queens,Flushing,40.845045,-73.701947,Shared room,29.12,1,32,2024-08-22,2.21,1,258
4050,18695,Manhattan,Upper East Side,40.787269,-74.015933,Entire home/apt,178.15,5,18,2023-11-18,1.04,3,71
4051,67285,Bronx,Riverdale,40.970357,-73.865797,Private room,90.56,5,13,2023-12-29,5.67,1,355
4052,83265,Brooklyn,Park Slope,40.659446,-73.975542,Private room,34.58,5,3,2024-01-15,0.92,1,310
4053,63776,Queens,Long Island City,40.758309,-73.763973,Entire home/apt,122.6,1,5,2024-01-06,0.1,1,72
4054,57363,Brooklyn,Park Slope,40.735238,-73.999764,Entire home/apt,57.98,7,5,2023-04-13,0.52,1,99
4055,10362,Queens,Flushing,40.7032,-73.632456,Private room,51.63,14,4,2024-05-27,0.84,1,214
4056,34652,Manhattan,Harlem,40.787592,-73.97465,Shared room,66.56,30,14,2023-09-12,1.34,1,194
4057,59410,Queens,Flushing,40.652871,-73.754425,Private room,125.29,14,12,2024-07-27,0.25,1,42
4058,6443,Manhattan,Harlem,40.80372,-73.953708,Entire home/apt,337.52,5,40,2024-05-16,1.09,1,127
4059,90182,Queens,Flushing,40.707496,-73.766,Entire home/apt,103.19,7,18,2024-08-31,0.99,1,185
4060,3700,Staten Island,Stapleton,40.663083,-74.107365,Entire home/apt,151.95,2,35,2024-07-03,2.72,1,361
4061,94421,Manhattan,Upper East Side,40.767417,-74.02212,Shared room,81.58,1,9,2024-05-14,0.54,10,248
4062,59505,Manhattan,Midtown,40.789035,-73.955229,Private room,146.18,2,10,2023-06-27,0.9,1,15
4063,68247,Queens,Jamaica,40.641062,-73.795603,Private room,44.5,1,24,2024-06-25,0.74,1,315
4064,34395,Manhattan,Upper East Side,40.777826,-73.969114,Entire home/apt,193.82,7,20,2024-02-14,1.5,1,54
4065,55699,Queens,Jamaica,40.684624,-73.691659,Entire home/apt,103.52,14,16,2023-10-14,2.71,2,173
4066,67991,Manhattan,Midtown,40.786059,-73.98878,Entire home/apt,293.4,7,15,2024-06-22,1.69,10,71
4067,4783,Manhattan,Lower East Side,40.801449,-73.996484,Entire home/apt,297.11,30,15,2024-07-30,0.94,1,298
4068,66599,Staten Island,New Dorp,40.643725,-74.110558,Entire home/apt,183.97,2,38,2024-03-24,1.52,1,256
4069,26038,Brooklyn,Williamsburg,40.761587,-73.953695,Entire home/apt,223.97,14,19,2024-07-03,0.58,1,318
4070,57348,Queens,Astoria,40.688511,-73.788178,Entire home/apt,48.75,1,16,2024-02-24,0.23,1,42
4071,52697,Manhattan,Hell Kitchen,40.781411,-73.984255,Shared room,89.97,14,5,2024-08-06,0.58,1,87
4072,69935,Brooklyn,Park Slope,40.644983,-73.966182,Private room,53.75,30,33,2024-08-03,0.88,5,140
4073,76784,Brooklyn,Bed-Stuy,40.608,-73.903522,Entire home/apt,130.47,14,16,2024-02-12,0.87,1,185
4074,51710,Brooklyn,Crown Heights,40.675062,-73.962703,Entire home/apt,138.74,5,8,2022-11-18,2.01,1,77
4075,60702,Brooklyn,Park Slope,40.611579,-74.013822,Entire home/apt,147.25,5,34,2024-07-12,4.13,1,201
4076,64307,Brooklyn,Park Slope,40.794355,-73.981835,Private room,55.38,3,10,2024-01-20,0.74,1,3
4077,30102,Brooklyn,Williamsburg,40.714832,-73.934442,Private room,104.14,14,28,2024-04-18,0.14,1,254
4078,91347,Manhattan,Lower East Side,40.727596,-73.935351,Private room,81.9,30,33,2023-10-03,0.05,1,160
4079,72310,Queens,Long Island City,40.782927,-73.856314,Private room,83.04,2,7,2024-06-05,0.01,1,110
4080,93401,Manhattan,Tribeca,40.782533,-73.994184,Entire home/apt,704.68,30,1,2022-11-30,4.17,1,140
4081,98250,Brooklyn,Crown Heights,40.787773,-73.998659,Entire home/apt,112.82,7,24,2024-08-17,8.15,1,263
4082,63428,Manhattan,Tribeca,40.772638,-73.985791,Entire home/apt,257.02,14,2,2022-08-12,0.08,1,327
4083,41505,Brooklyn,Williamsburg,40.683023,-73.861981,Entire home/apt,69.97,2,3,2023-09-30,0.67,1,350
4084,29305,Brooklyn,Bed-Stuy,40.785562,-73.96814,Private room,85.11,30,8,2023-09-05,1.66,2,248
4085,54671,Manhattan,Chelsea,40.790665,-73.969562,Entire home/apt,372.43,5,20,2023-10-05,0.3,1,340
4086,87161,Manhattan,Chelsea,40.763468,-73.922749,Entire home/apt,384.22,14,23,2023-09-11,1.35,1,329
4087,53681,Manhattan,Chelsea,40.810355,-73.967418,Entire home/apt,297.05,3,27,2023-11-03,2.52,10,276
4088,95214,Brooklyn,Bed-Stuy,40.773113,-73.871474,Hotel room,205.51,1,14,2023-07-16,2.93,1,310
4089,5817,Queens,Astoria,40.734749,-73.768823,Entire home/apt,398.71,5,12,2024-05-13,1.84,1,62
4090,14545,Manhattan,Upper East Side,40.813343,-73.990123,Private room,285.64,5,19,2023-04-16,0.13,1,343
4091,68378,Brooklyn,Bushwick,40.778621,-73.957707,Entire home/apt,155.79,30,8,2024-06-06,0.64,2,316
4092,19338,Manhattan,Chelsea,40.813594,-73.971305,Entire home/apt,161.18,2,25,2024-01-11,5.13,1,347
4093,93005,Brooklyn,Bushwick,40.698456,-73.946259,Entire home/apt,163.21,1,51,2024-01-22,0.32,1,30
4094,15867,Bronx,Riverdale,40.818208,-73.878303,Private room,37.25,30,8,2023-10-28,0.91,10,75
4095,57888,Manhattan,Upper East Side,40.810682,-74.017483,Entire home/apt,344.98,5,19,2024-01-04,0.61,5,300
4096,96177,Brooklyn,Park Slope,40.603862,-73.987728,Private room,59.85,3,36,2024-08-26,0.35,1,151
4097,2676,Manhattan,Chelsea,40.761533,-73.941,Entire home/apt,279.73,7,6,2024-01-04,0.59,1,62
4098,5724,Manhattan,Tribeca,40.808254,-73.959359,Entire home/apt,402.69,5,1,2024-08-28,0.32,1,27
4099,7679,Manhattan,Lower East Side,40.770344,-73.944499,Shared room,77.8,14,14,2024-04-17,3.15,1,337
4100,22438,Manhattan,Lower East Side,40.751337,-73.92836,Entire home/apt,197.24,2,19,2023-10-09,0.29,1,32
4101,22618,Brooklyn,Bed-Stuy,40.637122,-73.959922,Private room,153.59,5,10,2023-10-19,1.47,10,270
4102,11172,Brooklyn,Greenpoint,40.652439,-74.008586,Private room,45.28,2,26,2023-10-06,4.28,1,155
4103,68914,Brooklyn,Williamsburg,40.793707,-73.896866,Entire home/apt,168.41,1,20,2024-03-19,4.58,5,283
4104,42918,Manhattan,Hell Kitchen,40.807409,-73.995673,Private room,141.62,5,16,2024-07-27,1.38,1,39
4105,93024,Manhattan,Upper East Side,40.786719,-73.960779,Entire home/apt,289.84,3,34,2024-04-27,0.47,1,331
4106,51579,Brooklyn,Greenpoint,40.694445,-74.013822,Entire home/apt,206.37,5,15,2024-04-24,0.43,1,342
4107,92919,Bronx,Riverdale,40.898575,-73.858722,Entire home/apt,138.89,7,18,2024-06-23,2.06,1,343
4108,5642,Manhattan,Hell Kitchen,40.764001,-74.008305,Private room,141.97,3,8,2024-05-25,5.92,1,57
4109,73140,Queens,Astoria,40.776733,-73.598864,Entire home/apt,124.29,7,11,2023-08-28,0.12,1,361
4110,13013,Brooklyn,Crown Heights,40.617285,-73.933973,Private room,81.56,5,24,2024-04-23,2.34,3,12
4111,81136,Brooklyn,Greenpoint,40.74483,-74.020379,Shared room,42.28,3,55,2024-01-26,0.2,1,83
4112,37830,Brooklyn,Bed-Stuy,40.649403,-73.99581,Private room,131.55,3,3,2024-05-01,0.53,1,274
4113,55645,Manhattan,Upper East Side,40.802794,-73.94469,Private room,111.19,7,25,2024-03-13,1.25,1,25
4114,2962,Manhattan,Hell Kitchen,40.786281,-73.988035,Entire home/apt,404.1,1,27,2024-08-15,0.53,1,178
4115,39422,Brooklyn,Williamsburg,40.651633,-73.98203,Entire home/apt,193.46,7,56,2023-05-08,1.58,1,273
4116,95384,Manhattan,Chelsea,40.763555,-73.973241,Entire home/apt,233.8,3,25,2024-05-21,0.81,10,170
4117,6599,Bronx,South Bronx,40.873541,-73.840287,Private room,69.67,5,2,2023-12-28,0.37,1,295
4118,69591,Brooklyn,Park Slope,40.677706,-73.940777,Hotel room,107.64,5,8,2024-02-17,1.14,1,22
4119,26088,Manhattan,Hell Kitchen,40.781469,-73.997144,Shared room,104.56,1,15,2023-11-17,0.04,20,330
4120,26137,Brooklyn,Bushwick,40.687808,-73.979218,Private room,104.53,5,29,2024-08-26,2.03,1,314
4121,9193,Manhattan,Upper East Side,40.756153,-73.963786,Shared room,63.81,3,13,2023-04-28,1.11,1,325
4122,99383,Brooklyn,Bed-Stuy,40.641496,-73.930535,Entire home/apt,237.21,5,50,2023-10-19,4.4,1,234
4123,45186,Brooklyn,Bed-Stuy,40.729058,-74.001214,Private room,119.46,3,21,2023-10-15,0.16,20,99
4124,99016,Bronx,Mott Haven,40.849406,-73.955321,Shared room,48.62,5,45,2024-05-11,1.98,1,263
4125,26753,Queens,Long Island City,40.850803,-73.903625,Entire home/apt,211.93,1,37,2023-11-20,0.54,1,343
4126,34866,Brooklyn,Greenpoint,40.647311,-73.863897,Shared room,65.73,5,12,2024-03-31,0.7,1,265
4127,25838,Brooklyn,Park Slope,40.664129,-74.016044,Entire home/apt,122.3,2,7,2024-04-28,0.64,1,146
4128,60045,Bronx,Fordham,40.880454,-73.830273,Private room,144.86,2,43,2023-11-30,0.66,10,151
4129,11021,Manhattan,Chelsea,40.770436,-73.981699,Private room,82.14,30,2,2024-03-08,0.85,1,116
4130,98944,Manhattan,Harlem,40.774392,-73.97534,Shared room,118.41,3,28,2024-08-18,0.03,1,160
4131,2715,Manhattan,Hell Kitchen,40.745241,-73.974828,Entire home/apt,342.23,14,5,2024-06-26,2.81,1,359
4132,78239,Manhattan,Lower East Side,40.818778,-73.989119,Private room,90.03,3,19,2024-03-10,3.2,1,214
4133,68889,Brooklyn,Bushwick,40.64319,-74.015217,Private room,91.34,5,11,2023-07-08,0.06,1,100
4134,5551,Brooklyn,Crown Heights,40.71493,-73.872008,Entire home/apt,186.05,2,35,2023-05-04,2.24,1,174
4135,37187,Brooklyn,Greenpoint,40.749019,-74.019081,Private room,161.84,5,12,2023-10-09,0.11,1,118
4136,56399,Manhattan,Tribeca,40.793096,-73.942525,Private room,108.25,3,9,2024-07-11,2.47,1,61
4137,22276,Brooklyn,Park Slope,40.70878,-73.915495,Private room,86.45,30,5,2024-05-09,1.42,1,88
4138,8874,Manhattan,Tribeca,40.773667,-73.966798,Entire home/apt,113.13,7,52,2024-05-22,0.55,1,332
4139,22539,Brooklyn,Bushwick,40.752379,-73.924507,Entire home/apt,384.29,2,2,2024-05-21,1.43,1,9
4140,34029,Brooklyn,Greenpoint,40.603304,-73.971563,Private room,62.56,30,29,2024-08-23,1.06,1,80
4141,40808,Manhattan,Hell Kitchen,40.807286,-73.964705,Entire home/apt,328.23,2,8,2024-07-29,1.51,1,167
4142,5430,Manhattan,Chelsea,40.785481,-73.98228,Entire home/apt,276.55,7,6,2024-08-03,0.97,1,13
4143,27635,Manhattan,Upper East Side,40.806872,-73.937952,Shared room,77.89,14,11,2024-03-13,2.22,1,188
4144,97055,Queens,Forest Hills,40.829255,-73.679493,Entire home/apt,199.09,30,51,2024-05-29,0.07,1,202
4145,73447,Bronx,Mott Haven,40.826865,-73.889808,Private room,106.15,14,8,2024-06-23,0.63,1,255
4146,10139,Brooklyn,Greenpoint,40.668819,-73.941886,Entire home/apt,212.32,7,12,2024-05-19,1.23,2,173
4147,92172,Manhattan,Midtown,40.81172,-73.947882,Entire home/apt,374.28,2,20,2024-06-23,1.33,1,9
4148,92239,Brooklyn,Crown Heights,40.710508,-74.030071,Entire home/apt,219.0,14,7,2023-12-22,0.28,1,45
4149,96798,Brooklyn,Greenpoint,40.576919,-73.929772,Entire home/apt,288.45,2,14,2024-07-31,0.12,1,232
4150,29099,Queens,Jamaica,40.798621,-73.801265,Private room,59.83,2,4,2024-08-22,0.03,1,349
4151,60956,Manhattan,Chelsea,40.821398,-73.992849,Private room,221.4,3,13,2024-02-25,0.8,1,305
4152,99825,Manhattan,Lower East Side,40.758933,-73.984486,Entire home/apt,449.06,2,51,2024-07-16,0.6,1,235
4153,12340,Brooklyn,Greenpoint,40.636062,-73.912623,Entire home/apt,296.04,1,27,2024-02-29,1.26,1,79
4154,40686,Manhattan,Hell Kitchen,40.774666,-74.002157,Entire home/apt,221.16,2,5,2024-08-22,0.9,1,356
4155,48010,Manhattan,Lower East Side,40.800932,-74.006399,Entire home/apt,269.25,7,14,2024-07-12,0.75,1,122
4156,32044,Manhattan,Harlem,40.761676,-74.003654,Entire home/apt,316.95,1,34,2024-08-02,2.78,3,141
4157,74041,Brooklyn,Park Slope,40.690627,-73.933037,Shared room,31.21,7,13,2024-07-02,1.46,1,285
4158,74734,Queens,Jamaica,40.881516,-73.721794,Private room,136.27,7,5,2024-06-22,1.56,1,3
4159,23437,Bronx,Riverdale,40.916882,-73.85037,Private room,54.13,30,8,2024-05-01,0.72,1,294
4160,80367,Brooklyn,Crown Heights,40.619584,-73.936514,Entire home/apt,215.09,5,35,2024-04-22,2.25,3,311
4161,1870,Brooklyn,Bushwick,40.713745,-73.901972,Shared room,42.87,2,9,2024-03-06,0.25,1,276
4162,1892,Manhattan,Chelsea,40.773652,-73.961424,Private room,84.7,2,6,2024-06-21,0.77,1,149
4163,4188,Brooklyn,Bed-Stuy,40.622218,-74.006797,Private room,75.39,30,21,2024-04-18,0.07,1,67
4164,49937,Manhattan,Lower East Side,40.760784,-73.970707,Entire home/apt,314.39,2,10,2022-05-24,0.18,1,278
4165,83073,Brooklyn,Bed-Stuy,40.60753,-73.969685,Shared room,70.69,30,16,2024-07-21,0.13,1,248
4166,87277,Manhattan,Hell Kitchen,40.801158,-73.991783,Private room,153.63,7,29,2024-08-03,0.87,1,69
4167,21305,Manhattan,Lower East Side,40.773014,-73.969767,Private room,165.42,14,14,2023-10-05,1.79,1,280
4168,23329,Manhattan,Tribeca,40.788038,-73.981186,Entire home/apt,251.68,1,48,2024-05-29,0.56,2,57
4169,13645,Manhattan,Chelsea,40.798837,-73.959391,Entire home/apt,351.24,2,17,2023-09-30,0.04,1,317
4170,33777,Manhattan,Hell Kitchen,40.805897,-73.972832,Entire home/apt,521.18,2,14,2024-05-25,1.84,1,224
4171,37107,Manhattan,Upper East Side,40.772844,-73.984853,Entire home/apt,381.79,14,31,2024-08-29,0.35,1,78
4172,45060,Staten Island,Stapleton,40.594851,-74.165286,Private room,68.57,1,20,2024-06-09,1.92,1,276
4173,33148,Brooklyn,Bed-Stuy,40.64405,-73.971097,Entire home/apt,215.96,30,10,2024-03-16,0.01,1,314
4174,7164,Brooklyn,Bed-Stuy,40.637179,-73.932259,Entire home/apt,105.24,1,25,2024-05-18,0.56,1,208
4175,92994,Queens,Astoria,40.615193,-73.770659,Entire home/apt,94.82,30,18,2024-05-14,1.46,1,110
4176,74001,Staten Island,New Dorp,40.613327,-74.173435,Entire home/apt,119.0,2,33,2021-07-10,3.07,1,182
4177,68403,Brooklyn,Greenpoint,40.793522,-73.943143,Entire home/apt,191.16,5,20,2024-04-13,2.1,1,125
4178,92901,Queens,Jamaica,40.603293,-73.817399,Private room,85.85,2,1,2024-01-31,0.9,1,339
4179,21721,Manhattan,Upper East Side,40.784353,-73.962221,Private room,281.57,2,23,2024-01-16,1.9,1,71
4180,30554,Manhattan,Harlem,40.777951,-73.991431,Entire home/apt,385.05,14,6,2024-09-01,1.16,1,70
4181,74307,Brooklyn,Bushwick,40.612501,-73.983416,Entire home/apt,317.68,7,5,2024-04-10,2.52,1,192
4182,59893,Brooklyn,Greenpoint,40.644733,-74.012298,Entire home/apt,199.41,3,24,2023-01-17,2.22,1,2
4183,33364,Brooklyn,Bed-Stuy,40.634231,-73.904632,Entire home/apt,139.02,30,24,2023-12-26,5.59,1,37
4184,88704,Manhattan,Lower East Side,40.816068,-73.956091,Private room,140.71,30,10,2024-06-19,0.17,1,357
4185,67214,Manhattan,Midtown,40.809217,-73.951718,Private room,104.37,2,18,2024-06-12,0.62,1,225
4186,15906,Brooklyn,Park Slope,40.728188,-73.964468,Private room,179.05,7,0,,0.0,5,286
4187,51877,Manhattan,Midtown,40.785918,-73.979612,Private room,197.55,14,17,2024-06-28,1.49,5,327
4188,36278,Brooklyn,Williamsburg,40.665054,-73.94011,Entire home/apt,236.44,3,6,2024-03-06,1.64,1,114
4189,80002,Brooklyn,Park Slope,40.721014,-73.918801,Shared room,88.53,7,4,2024-08-14,0.34,1,24
4190,51536,Brooklyn,Greenpoint,40.66849,-73.940868,Private room,42.79,7,29,2024-07-02,0.82,1,283
4191,34762,Queens,Jamaica,40.762877,-73.741508,Shared room,51.24,5,26,2024-04-30,1.38,3,252
4192,97900,Queens,Long Island City,40.60668,-73.881091,Entire home/apt,85.25,14,22,2024-04-17,1.61,1,256
4193,16491,Brooklyn,Park Slope,40.744639,-73.947852,Shared room,53.84,1,7,2024-03-17,0.16,1,335
4194,23195,Brooklyn,Crown Heights,40.652755,-73.96001,Private room,84.75,1,6,2023-11-19,3.81,1,121
4195,49468,Brooklyn,Williamsburg,40.662378,-73.910724,Private room,125.09,7,20,2024-07-31,0.05,2,362
4196,55004,Manhattan,Upper East Side,40.76094,-73.970704,Entire home/apt,315.52,14,46,2024-07-18,5.41,3,47
4197,83259,Manhattan,Tribeca,40.788022,-73.963275,Private room,246.62,14,2,2023-08-28,0.57,1,356
4198,28909,Manhattan,Tribeca,40.787557,-73.960882,Shared room,63.67,1,13,2023-10-17,0.57,1,269
4199,45316,Brooklyn,Crown Heights,40.643838,-74.000708,Private room,127.48,2,32,2023-10-27,0.89,1,141
4200,11855,Brooklyn,Bushwick,40.82562,-73.962276,Private room,102.44,5,19,2024-07-21,1.78,1,169
4201,60970,Queens,Jamaica,40.713444,-73.740673,Shared room,21.06,5,1,2024-08-22,0.26,1,240
4202,85515,Manhattan,Harlem,40.815022,-73.982091,Entire home/apt,199.44,1,21,2024-04-21,0.44,1,118
4203,91148,Manhattan,Hell Kitchen,40.763124,-73.996043,Private room,135.62,30,14,2023-08-31,4.89,10,176
4204,56472,Bronx,Fordham,40.924455,-73.916705,Entire home/apt,169.77,30,5,2024-07-15,3.14,2,167
4205,41024,Manhattan,Lower East Side,40.782549,-73.990746,Shared room,97.51,1,11,2023-07-07,0.36,1,334
4206,25299,Brooklyn,Bushwick,40.591299,-73.961743,Entire home/apt,120.36,5,22,2024-08-05,1.28,10,278
4207,17354,Brooklyn,Greenpoint,40.621933,-73.985698,Entire home/apt,181.52,30,18,2024-06-30,0.34,1,347
4208,13472,Brooklyn,Greenpoint,40.798566,-73.918706,Private room,215.18,30,18,2024-06-30,1.2,1,252
4209,57980,Manhattan,Lower East Side,40.801729,-73.954707,Private room,150.55,30,15,2024-08-03,0.68,1,190
4210,92896,Manhattan,Lower East Side,40.781083,-73.979994,Private room,126.33,7,17,2023-08-27,0.68,2,230
4211,43870,Manhattan,Hell Kitchen,40.788079,-73.967831,Shared room,98.61,14,58,2024-05-29,1.51,1,346
4212,71666,Brooklyn,Bushwick,40.644072,-73.936409,Shared room,73.28,7,16,2024-07-25,0.44,1,149
4213,70989,Brooklyn,Bushwick,40.63582,-73.954487,Entire home/apt,159.98,7,11,2024-08-04,0.78,5,333
4214,4216,Manhattan,Midtown,40.776394,-73.996577,Entire home/apt,352.13,2,36,2024-05-26,3.89,1,16
4215,61220,Brooklyn,Williamsburg,40.537131,-74.000544,Entire home/apt,168.33,7,39,2024-08-29,2.11,1,310
4216,6074,Queens,Flushing,40.872528,-73.819675,Entire home/apt,192.01,7,20,2024-08-09,0.73,1,312
4217,91780,Manhattan,Tribeca,40.798619,-74.013689,Private room,154.11,1,28,2024-09-01,0.39,1,315
4218,75828,Brooklyn,Crown Heights,40.617703,-74.025469,Shared room,65.48,3,17,2024-08-28,1.61,1,157
4219,92492,Brooklyn,Crown Heights,40.666062,-73.798883,Private room,70.86,7,20,2021-09-28,2.47,1,284
4220,13100,Manhattan,Midtown,40.792305,-73.937288,Entire home/apt,207.36,7,21,2024-05-17,2.96,1,102
4221,86554,Manhattan,Lower East Side,40.778011,-73.943903,Entire home/apt,420.38,14,49,2024-01-11,1.25,5,339
4222,39542,Brooklyn,Greenpoint,40.802595,-73.950762,Private room,93.0,3,24,2024-01-05,1.09,1,95
4223,96235,Queens,Jamaica,40.685059,-73.900325,Private room,80.7,30,38,2023-08-16,1.91,2,335
4224,83942,Queens,Jamaica,40.703475,-73.788348,Entire home/apt,127.39,7,13,2024-08-13,0.29,1,268
4225,36266,Brooklyn,Greenpoint,40.800057,-74.021898,Shared room,77.36,30,15,2024-04-20,2.87,2,9
4226,52703,Brooklyn,Bushwick,40.68178,-74.053058,Shared room,42.35,3,0,,0.0,1,351
4227,73348,Manhattan,Midtown,40.774565,-73.964972,Entire home/apt,272.79,14,14,2024-06-24,1.39,1,221
4228,96194,Brooklyn,Bushwick,40.708955,-73.908859,Shared room,73.95,14,41,2024-04-11,1.34,1,197
4229,36957,Brooklyn,Bed-Stuy,40.702044,-73.909375,Entire home/apt,306.95,3,17,2024-06-21,0.56,1,120
4230,13770,Manhattan,Upper East Side,40.784015,-73.992157,Private room,116.78,14,15,2024-07-27,0.05,1,190
4231,84000,Brooklyn,Williamsburg,40.567101,-73.977001,Entire home/apt,420.47,7,0,,0.0,1,337
4232,25964,Brooklyn,Williamsburg,40.670123,-73.868964,Entire home/apt,217.63,2,15,2024-02-13,0.04,1,214
4233,25335,Manhattan,Midtown,40.781088,-73.975131,Shared room,53.37,7,3,2024-08-25,0.3,1,227
4234,36668,Bronx,Mott Haven,40.864076,-73.878301,Entire home/apt,126.11,2,6,2023-07-23,1.18,1,176
4235,13061,Manhattan,Midtown,40.799311,-73.931613,Private room,123.55,30,33,2024-08-04,4.22,3,133
4236,22745,Manhattan,Harlem,40.826916,-73.969259,Entire home/apt,342.61,7,74,2024-03-14,0.1,1,143
4237,57066,Manhattan,Harlem,40.789838,-73.939623,Entire home/apt,283.11,14,36,2023-12-24,1.3,5,11
4238,39308,Queens,Astoria,40.716203,-73.740565,Entire home/apt,148.34,2,13,2024-08-19,0.6,1,251
4239,51534,Brooklyn,Crown Heights,40.61009,-73.96285,Entire home/apt,133.33,7,17,2023-07-09,1.66,1,169
4240,68586,Manhattan,Midtown,40.806222,-73.985564,Private room,213.97,14,11,2024-06-14,4.58,1,284
4241,23201,Brooklyn,Bed-Stuy,40.670517,-74.038653,Entire home/apt,120.91,5,27,2021-11-07,0.47,1,309
4242,85551,Manhattan,Harlem,40.823215,-73.945939,Private room,92.42,5,39,2024-08-20,4.68,1,346
4243,27260,Queens,Jamaica,40.743248,-73.754299,Private room,83.4,3,6,2024-01-18,3.07,1,85
4244,51065,Brooklyn,Crown Heights,40.701954,-73.861141,Private room,182.27,1,4,2024-08-01,1.4,1,275
4245,59899,Brooklyn,Park Slope,40.647072,-73.900264,Entire home/apt,166.74,5,10,2024-06-01,2.13,1,250
4246,45144,Bronx,South Bronx,40.898671,-73.804034,Shared room,40.5,5,33,2024-05-19,3.0,10,288
4247,53252,Manhattan,Hell Kitchen,40.737913,-73.983185,Entire home/apt,442.44,30,4,2024-05-31,2.44,3,198
4248,23128,Manhattan,Hell Kitchen,40.762717,-73.968208,Entire home/apt,398.95,7,7,2024-06-19,0.59,1,227
4249,50501,Brooklyn,Greenpoint,40.557238,-74.066937,Entire home/apt,169.53,1,22,2023-12-14,2.51,1,115
4250,93323,Bronx,Riverdale,40.953305,-73.833916,Entire home/apt,70.32,7,13,2023-10-29,0.56,1,344
4251,34823,Manhattan,Chelsea,40.78552,-73.963927,Entire home/apt,119.1,7,37,2024-06-20,3.03,1,288
4252,39213,Manhattan,Harlem,40.786027,-73.951253,Private room,129.63,30,18,2024-05-06,0.44,1,41
4253,56932,Manhattan,Lower East Side,40.770451,-73.967468,Entire home/apt,461.37,3,3,2024-05-26,1.27,1,339
4254,90438,Brooklyn,Williamsburg,40.691845,-74.007011,Entire home/apt,122.47,7,6,2024-03-23,1.77,1,225
4255,51016,Manhattan,Upper East Side,40.80864,-73.980114,Private room,190.55,7,23,2024-08-03,0.83,1,314
4256,6962,Brooklyn,Park Slope,40.739245,-73.937305,Entire home/apt,131.29,3,23,2023-11-12,2.29,1,186
4257,78765,Staten Island,New Dorp,40.661179,-74.191855,Entire home/apt,103.5,7,1,2023-11-19,3.89,1,24
4258,79987,Brooklyn,Park Slope,40.613114,-73.998542,Entire home/apt,254.83,1,31,2024-03-25,0.31,1,107
4259,19468,Manhattan,Midtown,40.785766,-73.940371,Private room,110.61,30,15,2023-12-30,0.05,1,222
4260,68614,Brooklyn,Park Slope,40.773786,-74.082798,Entire home/apt,205.55,30,9,2022-06-21,1.48,1,142
4261,26219,Manhattan,Lower East Side,40.788094,-74.035459,Entire home/apt,243.94,3,10,2023-05-30,1.38,1,76
4262,81101,Queens,Forest Hills,40.791803,-73.705446,Entire home/apt,190.92,14,20,2024-03-15,0.63,1,40
4263,25236,Brooklyn,Greenpoint,40.675785,-73.939161,Private room,105.48,5,16,2024-04-26,2.31,1,335
4264,31859,Manhattan,Hell Kitchen,40.784573,-73.986889,Private room,147.29,7,1,2024-04-17,2.62,1,221
4265,21041,Brooklyn,Crown Heights,40.704102,-73.958084,Private room,179.05,30,27,2024-05-11,0.61,1,209
4266,12413,Brooklyn,Greenpoint,40.734018,-73.951018,Entire home/apt,250.24,1,44,2024-05-07,1.72,1,351
4267,43813,Brooklyn,Park Slope,40.626539,-74.036352,Entire home/apt,145.67,2,24,2024-01-08,1.54,1,118
4268,92102,Manhattan,Upper East Side,40.745819,-73.94495,Entire home/apt,278.28,3,27,2022-04-14,0.63,1,56
4269,33711,Queens,Flushing,40.691577,-73.767814,Entire home/apt,139.69,3,28,2024-08-24,5.22,1,256
4270,24270,Bronx,Riverdale,40.933961,-73.89294,Entire home/apt,112.35,7,60,2024-07-16,0.64,1,332
4271,58517,Brooklyn,Crown Heights,40.640551,-73.95213,Entire home/apt,527.05,7,4,2024-07-21,1.45,1,199
4272,88485,Bronx,Mott Haven,40.846272,-73.770422,Private room,63.1,3,24,2023-10-15,0.72,2,43
4273,62881,Manhattan,Lower East Side,40.814416,-73.958782,Private room,63.78,30,27,2024-05-27,0.02,1,240
4274,46987,Brooklyn,Bushwick,40.765165,-73.954893,Entire home/apt,154.53,7,10,2024-04-20,0.14,1,249
4275,12138,Brooklyn,Bushwick,40.69615,-73.962291,Private room,44.32,7,7,2024-05-11,0.4,1,333
4276,56324,Brooklyn,Bed-Stuy,40.600778,-73.871968,Entire home/apt,168.27,30,21,2023-09-22,2.51,1,79
4277,97898,Brooklyn,Bushwick,40.710102,-73.943116,Entire home/apt,86.71,14,7,2024-04-30,0.88,2,49
4278,38682,Manhattan,Tribeca,40.783051,-74.001324,Private room,101.61,1,9,2024-02-16,1.33,2,274
4279,67825,Manhattan,Harlem,40.76355,-73.964477,Entire home/apt,156.75,1,17,2024-08-29,4.32,1,73
4280,4629,Manhattan,Midtown,40.772518,-73.975554,Entire home/apt,335.84,1,26,2024-02-24,0.24,1,190
4281,52333,Manhattan,Harlem,40.781007,-73.984849,Entire home/apt,288.06,30,42,2024-07-14,2.97,1,222
4282,29779,Brooklyn,Greenpoint,40.620125,-74.040941,Shared room,60.96,5,7,2023-09-05,0.72,1,129
4283,11911,Manhattan,Midtown,40.78017,-73.958828,Private room,138.1,3,9,2023-12-26,0.62,1,145
4284,69203,Manhattan,Upper East Side,40.750227,-73.971681,Entire home/apt,164.88,3,1,2024-08-12,1.47,2,141
4285,60099,Brooklyn,Park Slope,40.695069,-74.003575,Private room,117.89,7,16,2024-08-13,3.43,2,151
4286,15531,Brooklyn,Williamsburg,40.763529,-73.967343,Private room,207.11,7,6,2024-07-01,0.64,1,317
4287,94033,Queens,Flushing,40.720099,-73.807802,Private room,84.8,14,9,2024-08-08,2.15,1,65
4288,7588,Brooklyn,Crown Heights,40.571954,-73.883675,Private room,80.96,30,21,2024-01-03,0.03,3,23
4289,90067,Manhattan,Hell Kitchen,40.76399,-73.97593,Entire home/apt,162.67,3,17,2022-07-15,1.46,20,183
4290,27832,Queens,Flushing,40.776013,-73.678028,Entire home/apt,100.14,7,5,2024-02-23,1.49,1,256
4291,97063,Brooklyn,Greenpoint,40.613404,-73.970989,Entire home/apt,230.15,1,15,2024-07-12,1.22,1,45
4292,15838,Manhattan,Harlem,40.810748,-73.961926,Private room,221.2,2,28,2024-04-05,4.17,1,116
4293,30631,Brooklyn,Bed-Stuy,40.71847,-74.007268,Private room,106.56,5,16,2023-11-12,4.19,2,74
4294,46787,Bronx,Fordham,40.82584,-73.873192,Private room,74.91,1,24,2023-01-21,0.63,1,14
4295,56846,Manhattan,Lower East Side,40.765942,-74.004691,Shared room,107.5,1,9,2024-09-01,0.91,1,285
4296,57832,Manhattan,Hell Kitchen,40.77289,-73.944114,Shared room,99.19,7,12,2024-04-21,2.36,2,233
4297,12870,Manhattan,Chelsea,40.784283,-73.943714,Private room,110.66,14,5,2024-05-16,2.79,1,344
4298,56007,Manhattan,Upper East Side,40.78668,-73.986494,Private room,154.37,5,24,2024-05-28,0.81,3,322
4299,77179,Brooklyn,Greenpoint,40.754857,-73.93146,Shared room,38.46,14,17,2024-04-28,0.64,1,256
4300,45380,Brooklyn,Williamsburg,40.73591,-74.0083,Entire home/apt,193.34,2,13,2024-05-31,2.58,1,151
4301,4364,Manhattan,Chelsea,40.803875,-73.949822,Entire home/apt,328.75,2,12,2024-06-18,0.71,1,279
4302,35936,Bronx,Fordham,40.859288,-73.905146,Entire home/apt,212.94,14,23,2024-08-11,0.78,1,103
4303,17057,Queens,Jamaica,40.724519,-73.745997,Private room,42.64,30,12,2024-04-30,0.22,1,130
4304,15848,Brooklyn,Bed-Stuy,40.692274,-73.908135,Entire home/apt,232.78,7,17,2023-10-28,1.17,1,56
4305,42525,Queens,Jamaica,40.80918,-73.846776,Private room,130.21,14,39,2024-08-13,0.59,1,326
4306,48100,Manhattan,Midtown,40.759998,-73.971951,Entire home/apt,390.14,14,23,2024-01-04,1.34,1,277
4307,34742,Brooklyn,Crown Heights,40.658415,-73.897049,Entire home/apt,267.92,14,9,2024-07-07,0.89,2,118
4308,63945,Brooklyn,Bed-Stuy,40.61373,-73.882977,Private room,121.44,5,27,2024-06-07,2.07,1,266
4309,35902,Queens,Long Island City,40.836489,-73.794876,Entire home/apt,242.05,14,14,2022-06-27,0.49,1,81
4310,50777,Queens,Flushing,40.733059,-73.856304,Entire home/apt,93.21,1,35,2024-02-12,0.28,1,224
4311,54505,Manhattan,Midtown,40.772247,-73.979367,Entire home/apt,165.44,1,21,2024-01-17,1.82,10,106
4312,64015,Bronx,South Bronx,40.916947,-73.868394,Entire home/apt,108.52,3,49,2024-03-19,0.73,1,104
4313,51682,Manhattan,Midtown,40.756657,-73.966093,Private room,60.66,1,19,2024-06-23,1.24,2,65
4314,24991,Queens,Forest Hills,40.794303,-73.796933,Entire home/apt,235.58,2,6,2024-02-12,4.25,1,214
4315,12588,Staten Island,Stapleton,40.652961,-74.1191,Private room,80.82,2,1,2024-05-14,0.99,1,8
4316,1058,Manhattan,Lower East Side,40.762117,-73.982229,Entire home/apt,242.17,14,14,2023-10-16,0.25,1,19
4317,84214,Brooklyn,Greenpoint,40.691774,-74.044171,Private room,82.77,5,34,2024-04-02,0.83,2,109
4318,60512,Manhattan,Chelsea,40.789827,-74.006432,Entire home/apt,279.79,14,11,2023-12-11,0.98,1,238
4319,54964,Brooklyn,Crown Heights,40.739606,-73.889764,Private room,98.02,1,8,2023-09-28,2.18,3,264
4320,76894,Brooklyn,Greenpoint,40.708487,-73.984753,Private room,101.01,1,28,2023-10-28,0.33,1,188
4321,83584,Brooklyn,Crown Heights,40.688412,-73.975003,Entire home/apt,240.04,30,7,2024-06-01,0.64,5,60
4322,92476,Bronx,Mott Haven,40.793259,-73.881737,Shared room,28.56,1,44,2024-06-11,0.08,1,251
4323,31544,Brooklyn,Crown Heights,40.720096,-73.941571,Private room,140.0,2,21,2023-09-02,1.82,1,127
4324,55243,Brooklyn,Williamsburg,40.765243,-73.898253,Entire home/apt,229.49,2,47,2024-08-05,2.04,1,352
4325,38286,Queens,Jamaica,40.780895,-73.923614,Entire home/apt,112.96,7,32,2024-07-05,0.92,2,235
4326,91145,Bronx,Mott Haven,40.830542,-73.918019,Shared room,52.2,30,20,2024-08-09,1.16,2,149
4327,13776,Manhattan,Harlem,40.77944,-73.985066,Private room,83.64,3,11,2024-08-25,2.08,1,179
4328,59977,Staten Island,New Dorp,40.56062,-74.107753,Entire home/apt,95.61,1,7,2024-03-13,0.47,1,332
4329,34968,Manhattan,Hell Kitchen,40.792605,-73.951058,Entire home/apt,424.0,7,9,2023-07-14,1.4,1,169
4330,76761,Queens,Forest Hills,40.600145,-73.790262,Private room,53.92,5,3,2024-08-08,4.98,3,13
4331,53773,Manhattan,Tribeca,40.802434,-73.941074,Private room,162.98,1,6,2023-11-21,1.61,1,124
4332,50850,Manhattan,Tribeca,40.752138,-73.97823,Private room,178.96,14,1,2024-06-08,0.12,3,105
4333,76237,Brooklyn,Bushwick,40.740254,-73.955737,Entire home/apt,136.09,1,15,2024-03-12,0.51,1,234
4334,68133,Brooklyn,Park Slope,40.623575,-74.0372,Private room,93.26,7,33,2023-12-17,1.1,1,14
4335,39553,Manhattan,Midtown,40.764126,-74.004978,Entire home/apt,270.52,3,13,2024-01-23,0.11,1,32
4336,32297,Manhattan,Chelsea,40.784269,-73.953274,Entire home/apt,230.96,5,22,2024-08-06,1.69,1,262
4337,47945,Brooklyn,Bed-Stuy,40.602542,-73.928736,Private room,241.05,30,14,2024-08-10,1.59,1,301
4338,97357,Bronx,South Bronx,40.887064,-73.864935,Hotel room,60.13,5,26,2023-05-26,3.14,1,40
4339,37584,Manhattan,Upper East Side,40.750886,-73.963476,Entire home/apt,430.49,5,21,2024-08-18,1.04,1,243
4340,32229,Manhattan,Chelsea,40.782007,-73.97433,Entire home/apt,246.13,2,5,2024-07-19,1.77,5,52
4341,85157,Brooklyn,Park Slope,40.64539,-73.938993,Private room,62.16,3,30,2024-05-21,0.3,1,55
4342,13899,Manhattan,Midtown,40.793296,-73.923387,Private room,150.05,30,7,2023-10-28,0.0,1,68
4343,95057,Queens,Jamaica,40.737187,-73.674009,Private room,93.35,1,76,2024-03-19,0.28,1,281
4344,57509,Queens,Forest Hills,40.75682,-73.802862,Private room,104.05,3,34,2024-04-02,0.1,1,257
4345,79700,Brooklyn,Williamsburg,40.687113,-74.017504,Entire home/apt,358.67,30,19,2024-02-03,0.84,1,305
4346,62763,Manhattan,Midtown,40.789217,-74.011041,Hotel room,701.61,3,10,2023-11-15,0.95,1,124
4347,13106,Queens,Astoria,40.659187,-73.786113,Private room,79.59,30,9,2024-07-16,1.55,1,256
4348,26513,Brooklyn,Bushwick,40.749839,-73.858363,Private room,73.63,3,24,2024-08-29,0.23,1,67
4349,74868,Queens,Astoria,40.709276,-73.782443,Private room,86.3,30,29,2024-08-08,0.36,1,105
4350,51790,Brooklyn,Greenpoint,40.737262,-74.02397,Private room,86.3,3,15,2024-07-31,2.4,1,57
4351,75659,Queens,Flushing,40.76058,-73.861131,Entire home/apt,208.55,3,17,2024-08-25,1.29,1,57
4352,94636,Brooklyn,Crown Heights,40.66789,-73.971741,Entire home/apt,114.28,2,20,2023-12-29,0.04,1,137
4353,55554,Brooklyn,Williamsburg,40.704321,-73.911182,Private room,247.57,7,25,2023-08-09,2.83,1,142
4354,62698,Bronx,Mott Haven,40.889354,-73.84739,Entire home/apt,153.23,3,12,2024-01-22,1.49,3,273
4355,58722,Brooklyn,Crown Heights,40.688499,-73.832959,Entire home/apt,97.89,1,4,2024-07-26,0.31,1,237
4356,26004,Brooklyn,Park Slope,40.586738,-73.842463,Private room,72.29,3,5,2024-03-18,0.44,1,190
4357,56259,Manhattan,Lower East Side,40.777304,-73.959782,Private room,199.59,5,8,2024-04-22,1.21,1,139
4358,40202,Brooklyn,Bed-Stuy,40.65866,-73.986352,Entire home/apt,307.36,14,31,2023-10-29,1.23,1,199
4359,10060,Brooklyn,Park Slope,40.707275,-73.881672,Private room,57.71,5,6,2023-04-07,2.45,1,169
4360,45926,Manhattan,Hell Kitchen,40.79256,-73.982042,Private room,191.53,5,5,2024-01-01,0.67,1,64
4361,79397,Manhattan,Chelsea,40.855327,-73.947229,Private room,66.08,5,22,2024-04-25,1.2,1,162
4362,9912,Brooklyn,Park Slope,40.734201,-73.965378,Private room,92.63,3,19,2024-04-26,1.31,1,325
4363,70022,Queens,Astoria,40.678187,-73.817287,Entire home/apt,224.67,5,27,2023-11-10,1.23,1,246
4364,58135,Brooklyn,Park Slope,40.743084,-74.003636,Entire home/apt,153.99,2,32,2024-08-09,0.11,1,45
4365,93854,Manhattan,Tribeca,40.761736,-73.960409,Entire home/apt,157.62,3,30,2024-08-03,0.79,20,143
4366,56799,Brooklyn,Williamsburg,40.697352,-73.990419,Entire home/apt,203.56,30,34,2024-06-18,0.62,1,54
4367,96236,Manhattan,Lower East Side,40.761276,-73.942442,Private room,113.06,7,19,2023-12-29,7.4,1,268
4368,19149,Brooklyn,Park Slope,40.69962,-74.026012,Private room,123.49,5,7,2024-08-20,0.94,1,358
4369,81756,Manhattan,Lower East Side,40.757227,-73.97843,Private room,101.06,3,12,2024-06-18,0.86,1,115
4370,20944,Manhattan,Midtown,40.797757,-73.9593,Private room,105.72,30,22,2024-06-24,0.99,1,129
4371,16098,Manhattan,Lower East Side,40.805734,-74.001007,Private room,64.16,2,18,2024-05-05,3.78,1,304
4372,72035,Manhattan,Lower East Side,40.787577,-73.942682,Entire home/apt,308.26,1,9,2024-05-12,1.42,3,323
4373,78202,Manhattan,Tribeca,40.809756,-73.964022,Entire home/apt,270.05,3,20,2024-01-20,0.74,1,339
4374,61824,Manhattan,Hell Kitchen,40.83006,-73.959014,Private room,89.52,7,8,2024-03-09,3.66,1,48
4375,82584,Brooklyn,Bushwick,40.740765,-73.941533,Entire home/apt,207.48,1,8,2023-07-10,3.99,1,135
4376,68514,Brooklyn,Williamsburg,40.631341,-73.996713,Entire home/apt,289.55,5,34,2024-07-28,0.46,1,181
4377,96111,Manhattan,Hell Kitchen,40.786732,-73.97543,Private room,132.1,3,40,2024-05-23,0.75,1,1
4378,42416,Queens,Flushing,40.586713,-73.876963,Entire home/apt,160.31,30,4,2024-06-02,5.09,1,118
4379,9468,Manhattan,Tribeca,40.776732,-73.956654,Private room,160.64,30,3,2024-08-11,1.17,1,358
4380,58441,Brooklyn,Bed-Stuy,40.677236,-73.948524,Entire home/apt,118.6,30,3,2024-07-31,0.85,1,81
4381,55183,Manhattan,Tribeca,40.763362,-73.970737,Entire home/apt,655.63,5,2,2024-06-20,0.33,1,173
4382,5408,Manhattan,Upper East Side,40.809482,-73.968088,Entire home/apt,238.56,30,25,2024-01-07,0.73,1,32
4383,38109,Brooklyn,Greenpoint,40.587761,-74.019291,Private room,124.81,1,2,2024-08-03,1.5,1,9
4384,66433,Brooklyn,Greenpoint,40.713527,-73.957659,Entire home/apt,261.17,2,18,2024-07-08,0.06,1,316
4385,22161,Queens,Forest Hills,40.722234,-73.843919,Private room,68.09,7,52,2024-02-11,0.13,1,102
4386,19295,Brooklyn,Crown Heights,40.708405,-73.962255,Private room,122.37,3,46,2024-03-22,0.01,20,81
4387,65620,Bronx,Riverdale,40.835469,-73.907361,Shared room,33.76,1,32,2024-08-13,0.37,1,364
4388,82082,Manhattan,Lower East Side,40.801534,-73.975623,Entire home/apt,163.35,14,38,2023-04-03,0.3,3,206
4389,30924,Manhattan,Hell Kitchen,40.795258,-73.995072,Entire home/apt,252.16,1,25,2024-08-04,2.85,3,179
4390,27286,Manhattan,Tribeca,40.817778,-73.945653,Private room,112.71,3,5,2024-08-21,0.31,2,120
4391,99515,Manhattan,Hell Kitchen,40.744904,-73.987239,Shared room,67.34,3,8,2024-06-28,1.62,1,358
4392,34515,Brooklyn,Park Slope,40.706858,-74.023384,Hotel room,85.47,30,12,2024-08-28,0.19,1,225
4393,6391,Brooklyn,Bushwick,40.670304,-73.918602,Entire home/apt,301.29,14,16,2024-08-27,1.35,1,51
4394,41841,Manhattan,Midtown,40.779405,-73.960423,Private room,273.31,5,4,2024-03-30,0.86,1,83
4395,55504,Bronx,Fordham,40.810134,-73.977009,Entire home/apt,160.89,3,27,2023-07-27,0.79,1,31
4396,75483,Queens,Astoria,40.806769,-73.716835,Entire home/apt,239.37,30,33,2024-06-01,2.91,1,125
4397,45642,Manhattan,Harlem,40.833173,-74.015344,Entire home/apt,250.91,30,29,2024-06-29,0.28,2,283
4398,50307,Manhattan,Chelsea,40.798117,-74.010574,Entire home/apt,223.29,3,6,2023-06-17,1.36,1,281
4399,45297,Manhattan,Lower East Side,40.81823,-73.961443,Entire home/apt,210.93,1,11,2024-08-21,2.59,50,109
4400,15028,Manhattan,Upper East Side,40.764061,-73.955596,Entire home/apt,372.63,5,19,2024-05-09,1.88,1,10
4401,29181,Manhattan,Harlem,40.772039,-73.965192,Private room,157.69,5,44,2024-07-11,6.14,1,234
4402,12169,Brooklyn,Bushwick,40.690558,-73.83955,Entire home/apt,186.16,30,17,2024-06-07,0.0,1,73
4403,78779,Manhattan,Hell Kitchen,40.819399,-73.983145,Private room,241.74,7,3,2024-05-29,3.24,1,61
4404,28721,Manhattan,Midtown,40.804262,-73.964103,Entire home/apt,338.64,14,74,2024-04-13,1.43,1,96
4405,18855,Staten Island,St. George,40.508866,-74.178049,Entire home/apt,70.93,7,11,2024-05-16,0.0,20,111
4406,9560,Brooklyn,Greenpoint,40.818369,-73.922729,Entire home/apt,146.22,7,27,2022-06-28,0.94,1,13
4407,74585,Bronx,South Bronx,40.894789,-73.875402,Entire home/apt,142.92,7,15,2024-08-28,2.19,1,136
4408,73051,Manhattan,Hell Kitchen,40.772301,-73.970655,Private room,218.44,5,18,2023-12-21,0.3,1,6
4409,28572,Manhattan,Midtown,40.777778,-74.001065,Entire home/apt,359.11,1,29,2024-08-23,1.7,3,22
4410,74385,Brooklyn,Williamsburg,40.618,-73.901727,Entire home/apt,410.04,7,2,2024-05-23,0.23,1,312
4411,97891,Manhattan,Hell Kitchen,40.775486,-73.970686,Entire home/apt,553.89,7,8,2024-07-23,2.44,1,192
4412,69311,Manhattan,Harlem,40.787798,-73.964939,Private room,171.78,14,8,2023-03-28,1.26,1,147
4413,61161,Brooklyn,Park Slope,40.746995,-74.010122,Private room,68.64,30,19,2024-01-15,0.05,1,56
4414,47881,Brooklyn,Bed-Stuy,40.712415,-73.898898,Entire home/apt,113.69,5,39,2024-05-13,0.14,1,309
4415,56294,Brooklyn,Bushwick,40.737351,-74.028975,Entire home/apt,164.44,2,22,2023-03-04,2.99,1,231
4416,39953,Brooklyn,Williamsburg,40.693489,-73.841235,Entire home/apt,259.51,1,17,2024-01-16,0.05,1,354
4417,14076,Brooklyn,Park Slope,40.672253,-73.91519,Private room,199.34,1,5,2023-03-05,0.53,1,37
4418,82185,Manhattan,Upper East Side,40.798708,-73.991709,Entire home/apt,340.34,1,5,2024-01-26,1.26,1,302
4419,17671,Manhattan,Lower East Side,40.819776,-73.96121,Private room,229.82,2,20,2024-08-18,0.36,1,243
4420,87941,Manhattan,Hell Kitchen,40.79349,-74.004441,Entire home/apt,261.08,7,14,2024-03-13,0.38,1,110
4421,75047,Manhattan,Upper East Side,40.798991,-73.961072,Shared room,103.91,14,7,2022-09-25,2.24,1,7
4422,35637,Bronx,South Bronx,40.92601,-73.880363,Private room,75.62,7,20,2024-07-20,0.52,1,18
4423,66298,Brooklyn,Bed-Stuy,40.618941,-73.985134,Private room,43.49,1,18,2023-11-23,0.06,1,33
4424,81669,Brooklyn,Park Slope,40.647901,-74.011331,Entire home/apt,162.73,14,5,2024-07-27,1.92,1,171
4425,85153,Manhattan,Tribeca,40.808903,-73.944646,Shared room,118.43,14,20,2024-05-16,4.63,1,262
4426,87440,Manhattan,Lower East Side,40.779184,-73.979055,Private room,160.71,2,31,2024-08-17,2.68,1,360
4427,32002,Manhattan,Tribeca,40.74679,-73.957281,Entire home/apt,178.46,2,17,2024-06-19,1.19,1,20
4428,36352,Manhattan,Midtown,40.816169,-73.983944,Private room,54.48,5,13,2023-12-07,0.83,2,43
4429,11357,Manhattan,Tribeca,40.780764,-73.962514,Entire home/apt,248.8,5,29,2024-08-24,3.89,1,280
4430,24383,Queens,Astoria,40.866153,-73.778918,Private room,69.97,7,13,2024-06-24,2.18,1,302
4431,72675,Brooklyn,Williamsburg,40.689926,-73.933441,Private room,67.41,7,25,2024-03-07,1.27,2,129
4432,61348,Brooklyn,Greenpoint,40.592698,-74.031007,Entire home/apt,203.31,30,4,2023-03-17,3.18,1,327
4433,25002,Brooklyn,Park Slope,40.62972,-73.883427,Private room,117.55,7,30,2024-07-13,1.38,1,82
4434,2367,Bronx,Mott Haven,40.828032,-73.89128,Entire home/apt,142.28,1,24,2024-07-29,5.45,1,105
4435,54770,Manhattan,Chelsea,40.772157,-73.973953,Entire home/apt,112.23,1,4,2024-07-23,2.93,1,100
4436,92807,Manhattan,Upper East Side,40.817142,-73.974224,Entire home/apt,170.25,5,7,2024-07-15,1.2,1,338
4437,26942,Manhattan,Midtown,40.767374,-73.970695,Private room,127.48,7,16,2024-03-02,3.84,1,180
4438,62542,Queens,Flushing,40.868607,-73.835126,Entire home/apt,181.03,7,5,2021-05-29,0.63,5,308
4439,66492,Staten Island,St. George,40.52045,-74.17024,Entire home/apt,120.64,30,10,2024-04-21,1.81,1,359
4440,64652,Manhattan,Chelsea,40.785675,-73.957435,Private room,173.91,5,21,2024-07-06,0.28,1,150
4441,98587,Queens,Jamaica,40.808751,-73.878557,Entire home/apt,123.53,14,1,2023-12-29,3.39,5,34
4442,64649,Queens,Astoria,40.652132,-73.820761,Entire home/apt,126.31,1,2,2024-08-01,0.43,1,150
4443,96449,Manhattan,Hell Kitchen,40.79679,-73.9964,Entire home/apt,215.21,1,3,2024-08-27,4.46,1,301
4444,70987,Manhattan,Midtown,40.770953,-73.983055,Entire home/apt,391.6,5,31,2024-03-18,0.03,1,70
4445,31960,Brooklyn,Greenpoint,40.734705,-73.912504,Entire home/apt,132.86,14,30,2024-07-21,1.72,3,1
4446,71065,Staten Island,New Dorp,40.624686,-74.096653,Entire home/apt,139.37,2,0,,0.0,1,210
4447,99810,Manhattan,Harlem,40.776987,-73.994948,Hotel room,234.73,3,28,2024-06-02,2.21,2,91
4448,23433,Queens,Astoria,40.633723,-73.941949,Private room,70.71,3,47,2024-07-16,1.02,1,37
4449,16752,Manhattan,Upper East Side,40.773925,-73.978884,Entire home/apt,221.47,5,40,2023-06-09,3.61,1,35
4450,82873,Brooklyn,Williamsburg,40.725453,-73.943185,Entire home/apt,111.64,30,8,2024-06-19,1.88,1,183
4451,72659,Brooklyn,Williamsburg,40.64878,-73.95116,Entire home/apt,148.18,2,12,2024-05-17,2.19,1,17
4452,93969,Brooklyn,Bed-Stuy,40.615862,-73.882676,Private room,84.13,5,25,2024-07-15,0.19,1,137
4453,15630,Queens,Astoria,40.665327,-73.886095,Entire home/apt,55.82,7,23,2024-08-17,0.15,1,281
4454,6149,Queens,Astoria,40.793631,-73.748967,Entire home/apt,133.07,2,15,2024-04-25,2.85,1,127
4455,44394,Queens,Astoria,40.590305,-73.7265,Private room,104.21,7,12,2023-09-02,0.38,10,206
4456,72799,Manhattan,Upper East Side,40.768268,-73.978682,Entire home/apt,361.35,5,6,2024-06-15,3.03,1,314
4457,80489,Brooklyn,Bed-Stuy,40.689421,-73.909003,Entire home/apt,157.44,14,27,2023-12-03,0.23,1,351
4458,54116,Manhattan,Lower East Side,40.79201,-73.972196,Private room,146.73,14,16,2024-08-27,0.55,1,256
4459,19808,Brooklyn,Park Slope,40.652721,-73.919467,Private room,76.85,14,8,2024-07-15,3.96,1,89
4460,63030,Brooklyn,Park Slope,40.671097,-73.835879,Entire home/apt,203.77,14,20,2024-08-07,2.75,1,117
4461,18896,Brooklyn,Park Slope,40.713385,-73.999605,Private room,177.75,1,14,2024-06-01,0.08,1,323
4462,5034,Brooklyn,Bed-Stuy,40.649544,-73.941308,Entire home/apt,282.84,7,10,2023-07-25,0.89,1,218
4463,8800,Staten Island,St. George,40.644472,-74.093756,Private room,61.09,1,14,2024-06-09,3.61,1,262
4464,57293,Manhattan,Lower East Side,40.775177,-73.989873,Entire home/apt,236.47,1,4,2024-03-19,0.02,1,163
4465,28617,Brooklyn,Williamsburg,40.61451,-73.929054,Private room,129.58,5,13,2023-07-18,0.17,1,236
4466,62072,Manhattan,Tribeca,40.829176,-73.960418,Shared room,41.25,5,4,2024-06-13,1.55,1,115
4467,6822,Manhattan,Tribeca,40.751222,-73.98572,Shared room,73.22,30,39,2024-06-12,0.17,1,220
4468,20074,Manhattan,Lower East Side,40.770622,-73.98764,Shared room,102.3,3,11,2024-08-16,0.89,1,303
4469,16942,Bronx,Fordham,40.825405,-73.84633,Entire home/apt,146.3,14,20,2024-06-16,1.06,1,315
4470,30790,Queens,Astoria,40.782758,-73.707559,Entire home/apt,188.25,7,6,2023-12-30,2.95,1,142
4471,39665,Bronx,Mott Haven,40.87101,-73.962508,Entire home/apt,122.42,1,31,2023-10-02,4.73,1,6
4472,94298,Staten Island,Stapleton,40.526635,-74.156524,Private room,45.86,14,29,2024-01-15,1.08,1,238
4473,8010,Manhattan,Upper East Side,40.786046,-73.953972,Shared room,100.45,14,37,2024-08-31,1.07,1,361
4474,29635,Manhattan,Hell Kitchen,40.783964,-73.970186,Entire home/apt,196.73,14,9,2024-08-10,1.95,1,188
4475,8222,Brooklyn,Bushwick,40.692468,-73.959501,Shared room,38.52,7,38,2024-01-09,0.32,1,8
4476,2782,Brooklyn,Bed-Stuy,40.683413,-73.87665,Private room,98.4,7,9,2023-04-07,4.24,1,180
4477,74363,Brooklyn,Bushwick,40.673165,-73.946013,Hotel room,154.33,5,46,2024-02-01,0.0,1,349
4478,99857,Manhattan,Tribeca,40.782428,-73.945245,Shared room,39.03,7,3,2024-07-17,0.0,1,242
4479,81652,Brooklyn,Williamsburg,40.611717,-73.837649,Entire home/apt,230.34,3,10,2024-08-12,1.47,2,248
4480,23807,Brooklyn,Crown Heights,40.607617,-73.983453,Entire home/apt,261.54,2,36,2023-08-21,0.63,3,223
4481,26050,Manhattan,Harlem,40.797995,-73.950594,Entire home/apt,279.23,1,18,2024-08-14,0.76,1,107
4482,8854,Brooklyn,Park Slope,40.59399,-74.009762,Entire home/apt,496.35,2,13,2024-08-03,0.38,1,204
4483,12808,Brooklyn,Park Slope,40.694871,-73.803535,Private room,73.05,30,8,2024-03-22,0.79,1,173
4484,56099,Brooklyn,Williamsburg,40.752976,-73.959086,Private room,83.09,2,14,2024-07-26,2.64,1,224
4485,69121,Manhattan,Chelsea,40.734717,-73.969567,Shared room,69.16,1,7,2024-07-17,1.8,1,83
4486,25747,Brooklyn,Williamsburg,40.699938,-73.967162,Private room,93.12,2,26,2024-08-05,0.15,1,108
4487,90474,Manhattan,Lower East Side,40.766086,-73.968017,Entire home/apt,252.51,7,5,2023-04-01,0.09,1,290
4488,72645,Manhattan,Upper East Side,40.764255,-73.933751,Entire home/apt,164.06,5,30,2024-08-08,1.06,5,89
4489,47075,Queens,Astoria,40.84954,-73.742267,Entire home/apt,115.72,3,8,2023-05-08,1.96,2,130
4490,91213,Brooklyn,Williamsburg,40.683583,-73.98381,Entire home/apt,184.65,3,35,2024-06-22,1.64,1,306
4491,99953,Manhattan,Chelsea,40.782684,-73.938414,Entire home/apt,470.78,7,13,2023-10-27,2.99,1,20
4492,66413,Brooklyn,Park Slope,40.730319,-73.931978,Entire home/apt,463.31,5,2,2023-03-12,0.21,1,28
4493,58616,Brooklyn,Williamsburg,40.733638,-73.911463,Entire home/apt,327.56,30,23,2024-04-23,1.4,1,242
4494,28834,Queens,Long Island City,40.759902,-73.716455,Entire home/apt,105.6,5,40,2023-12-12,2.18,5,256
4495,55669,Brooklyn,Greenpoint,40.709222,-73.892687,Private room,72.68,2,10,2024-07-08,4.17,1,148
4496,68191,Brooklyn,Bushwick,40.687883,-73.959448,Entire home/apt,180.15,3,4,2024-06-07,0.16,1,110
4497,45960,Brooklyn,Crown Heights,40.64531,-73.984239,Entire home/apt,392.02,3,18,2024-04-10,0.41,3,324
4498,89401,Manhattan,Lower East Side,40.750997,-73.989439,Entire home/apt,269.56,30,27,2023-09-25,0.66,1,234
4499,46509,Manhattan,Upper East Side,40.764283,-73.981347,Shared room,47.63,3,10,2024-03-11,1.17,3,66
4500,39237,Brooklyn,Bed-Stuy,40.771935,-73.953654,Entire home/apt,157.12,1,10,2024-08-28,0.79,1,312
4501,89003,Brooklyn,Greenpoint,40.692706,-73.927801,Entire home/apt,259.91,3,15,2024-06-28,2.96,1,89
4502,65706,Brooklyn,Park Slope,40.773455,-73.978735,Private room,126.51,1,2,2023-09-07,4.51,1,171
4503,74133,Manhattan,Upper East Side,40.77865,-73.973324,Private room,132.92,7,17,2024-07-14,0.11,1,155
4504,64725,Manhattan,Midtown,40.805831,-73.944318,Shared room,106.46,1,16,2024-06-11,1.8,1,355
4505,55130,Brooklyn,Park Slope,40.706675,-73.870225,Entire home/apt,77.34,14,16,2024-06-05,0.18,1,61
4506,75169,Manhattan,Upper East Side,40.786653,-73.974652,Entire home/apt,300.21,14,36,2024-08-02,3.42,20,302
4507,45804,Brooklyn,Williamsburg,40.748923,-73.914943,Entire home/apt,270.91,1,7,2024-06-16,0.23,1,68
4508,53965,Manhattan,Harlem,40.768389,-73.951252,Private room,103.2,5,17,2023-10-31,7.15,1,322
4509,55847,Brooklyn,Greenpoint,40.66569,-73.964049,Entire home/apt,137.41,2,9,2023-09-27,0.84,1,264
4510,94545,Bronx,South Bronx,40.88945,-73.869242,Entire home/apt,51.57,30,19,2024-03-29,0.72,5,55
4511,74420,Manhattan,Lower East Side,40.790879,-73.957961,Private room,271.99,5,1,2024-02-10,1.32,1,40
4512,85090,Brooklyn,Bushwick,40.631223,-73.921109,Private room,71.97,14,36,2024-04-17,0.75,1,341
4513,23016,Manhattan,Harlem,40.810089,-73.990329,Entire home/apt,317.15,3,17,2024-08-24,0.4,2,19
4514,93893,Brooklyn,Bed-Stuy,40.705195,-73.993968,Private room,122.23,5,5,2024-01-31,1.49,5,59
4515,92619,Brooklyn,Bushwick,40.739484,-73.883486,Private room,175.77,2,15,2021-11-16,1.95,1,40
4516,33940,Brooklyn,Bushwick,40.656941,-73.811622,Entire home/apt,180.54,1,5,2024-07-17,4.36,1,291
4517,21581,Brooklyn,Bed-Stuy,40.744598,-73.901784,Entire home/apt,154.74,1,13,2022-09-08,0.79,1,323
4518,7087,Queens,Jamaica,40.780249,-73.716186,Private room,77.16,14,12,2021-08-29,1.84,1,351
4519,48688,Manhattan,Chelsea,40.763187,-73.967308,Private room,240.67,30,5,2024-08-05,2.69,1,206
4520,5029,Manhattan,Hell Kitchen,40.790764,-73.979203,Entire home/apt,269.05,30,6,2023-05-22,2.67,1,142
4521,53269,Queens,Jamaica,40.765384,-73.696364,Entire home/apt,98.28,7,4,2024-02-12,0.05,3,297
4522,30088,Brooklyn,Bed-Stuy,40.652894,-73.947465,Private room,51.83,30,5,2024-05-11,0.66,1,99
4523,22412,Queens,Astoria,40.662553,-73.937859,Shared room,24.85,7,1,2024-06-17,0.02,1,12
4524,83107,Brooklyn,Williamsburg,40.724936,-73.945744,Private room,135.65,2,37,2024-03-07,1.23,1,69
4525,21086,Queens,Jamaica,40.732006,-73.873842,Entire home/apt,126.67,2,22,2023-10-04,3.0,1,286
4526,46360,Brooklyn,Greenpoint,40.66707,-73.878404,Entire home/apt,150.58,5,20,2024-08-26,2.53,1,275
4527,67704,Brooklyn,Greenpoint,40.678249,-73.942449,Shared room,40.55,2,12,2024-04-16,2.5,1,321
4528,96477,Bronx,Riverdale,40.855176,-73.926619,Entire home/apt,112.56,5,62,2024-02-25,0.65,50,143
4529,43774,Brooklyn,Greenpoint,40.715695,-74.019512,Hotel room,130.85,7,26,2024-08-28,0.07,1,290
4530,97932,Manhattan,Tribeca,40.764308,-73.992184,Shared room,72.62,5,13,2023-08-03,0.28,1,189
4531,48589,Manhattan,Tribeca,40.779596,-73.978249,Entire home/apt,494.08,14,26,2023-03-06,1.67,1,252
4532,33510,Manhattan,Harlem,40.783075,-73.989305,Shared room,149.85,5,30,2024-03-15,0.22,10,166
4533,95421,Manhattan,Chelsea,40.80321,-73.954519,Entire home/apt,151.25,30,19,2024-08-10,0.2,5,227
4534,76370,Manhattan,Hell Kitchen,40.779624,-73.980767,Private room,164.16,7,49,2023-05-06,0.65,1,223
4535,98065,Brooklyn,Williamsburg,40.643439,-73.962809,Entire home/apt,140.72,3,50,2023-11-12,0.15,10,98
4536,66902,Brooklyn,Crown Heights,40.594185,-74.001776,Entire home/apt,173.85,2,23,2024-08-27,0.6,2,244
4537,43920,Brooklyn,Williamsburg,40.729807,-73.926091,Private room,108.64,1,31,2024-03-30,5.24,1,259
4538,90254,Brooklyn,Bushwick,40.776256,-73.962152,Private room,88.17,7,14,2024-08-11,0.03,2,288
4539,12435,Manhattan,Tribeca,40.77587,-73.979358,Entire home/apt,315.81,5,7,2024-08-05,2.66,1,197
4540,52143,Manhattan,Tribeca,40.776717,-73.984399,Private room,188.48,1,12,2024-07-25,7.58,1,194
4541,94402,Manhattan,Midtown,40.78852,-73.970618,Entire home/apt,324.02,2,4,2024-06-03,0.86,1,51
4542,73009,Brooklyn,Bed-Stuy,40.647605,-73.869131,Entire home/apt,148.23,1,9,2023-08-22,4.3,1,276
4543,36233,Manhattan,Hell Kitchen,40.821032,-73.947868,Entire home/apt,223.92,1,20,2024-08-27,0.45,1,359
4544,40861,Manhattan,Tribeca,40.794262,-73.955965,Entire home/apt,161.92,14,4,2024-02-04,6.05,1,281
4545,59541,Brooklyn,Greenpoint,40.789585,-73.898581,Entire home/apt,136.45,2,15,2023-01-09,2.97,1,46
4546,45008,Queens,Forest Hills,40.681385,-73.763518,Entire home/apt,315.65,5,11,2024-03-01,3.24,1,358
4547,67287,Manhattan,Chelsea,40.795625,-73.991094,Entire home/apt,209.8,5,7,2023-11-02,0.21,1,100
4548,50316,Brooklyn,Bushwick,40.661104,-73.878176,Entire home/apt,119.12,3,11,2023-07-12,3.06,1,334
4549,30191,Brooklyn,Greenpoint,40.56879,-74.019226,Entire home/apt,218.21,30,6,2024-01-20,4.27,1,259
4550,91131,Queens,Astoria,40.714087,-73.766606,Shared room,38.75,5,6,2024-02-20,2.56,1,208
4551,97960,Bronx,Riverdale,40.776918,-73.871139,Entire home/apt,100.61,3,43,2024-08-29,0.14,1,165
4552,48734,Manhattan,Tribeca,40.806175,-73.969827,Shared room,142.32,7,11,2024-04-23,0.13,1,248
4553,33304,Manhattan,Chelsea,40.801882,-73.983042,Private room,179.37,2,18,2024-05-10,0.66,1,337
4554,38318,Queens,Flushing,40.663407,-73.72699,Private room,58.25,30,7,2024-04-21,1.83,1,208
4555,43809,Brooklyn,Williamsburg,40.700356,-74.015336,Private room,81.01,3,14,2024-05-23,0.02,1,361
4556,47013,Brooklyn,Greenpoint,40.63015,-73.850325,Private room,78.52,2,35,2023-07-03,4.51,1,141
4557,66535,Brooklyn,Bushwick,40.622727,-73.88814,Entire home/apt,272.43,1,28,2023-08-03,1.12,10,51
4558,60526,Brooklyn,Bed-Stuy,40.649509,-73.944391,Entire home/apt,169.73,2,18,2024-08-08,0.67,10,256
4559,66524,Bronx,Riverdale,40.85953,-73.969849,Private room,26.55,2,4,2024-04-17,1.24,1,144
4560,21179,Staten Island,Stapleton,40.506364,-74.146747,Private room,48.65,2,7,2023-02-02,1.89,1,159
4561,95304,Brooklyn,Bed-Stuy,40.634742,-73.884405,Private room,51.91,1,8,2024-03-21,0.48,1,295
4562,36566,Manhattan,Hell Kitchen,40.750978,-73.959895,Entire home/apt,689.97,30,18,2023-11-15,0.52,1,169
4563,98850,Queens,Jamaica,40.618102,-73.823068,Private room,48.93,5,32,2024-06-09,0.95,1,158
4564,37769,Manhattan,Harlem,40.761812,-73.933151,Private room,134.97,3,11,2024-06-08,1.66,1,101
4565,2787,Manhattan,Upper East Side,40.75631,-73.973641,Entire home/apt,319.34,7,17,2024-06-23,1.84,1,294
4566,73150,Queens,Jamaica,40.590053,-73.666934,Entire home/apt,128.3,2,10,2024-08-29,0.59,1,180
4567,90847,Manhattan,Upper East Side,40.791126,-73.968461,Private room,128.23,2,27,2023-05-25,0.58,1,303
4568,5670,Manhattan,Upper East Side,40.812586,-73.968252,Shared room,95.89,3,25,2024-06-16,1.0,1,336
4569,36607,Manhattan,Tribeca,40.787491,-73.968565,Entire home/apt,530.3,3,20,2024-06-11,1.17,1,230
4570,95396,Queens,Astoria,40.773291,-73.834295,Private room,97.87,14,11,2023-12-20,1.57,2,133
4571,34160,Brooklyn,Greenpoint,40.665343,-73.89558,Entire home/apt,346.85,1,21,2024-04-20,1.44,1,202
4572,14206,Brooklyn,Crown Heights,40.694842,-73.951055,Entire home/apt,126.32,3,28,2024-06-13,0.7,1,221
4573,15383,Manhattan,Midtown,40.75509,-73.941239,Entire home/apt,326.98,1,7,2023-08-11,0.53,2,81
4574,13240,Queens,Forest Hills,40.675284,-73.715921,Entire home/apt,153.23,5,8,2023-10-23,0.55,1,296
4575,54303,Queens,Astoria,40.74226,-73.898376,Entire home/apt,165.71,1,7,2022-10-25,1.56,2,8
4576,33609,Manhattan,Chelsea,40.808146,-73.966109,Entire home/apt,499.42,2,28,2024-03-01,0.85,1,66
4577,77418,Brooklyn,Bed-Stuy,40.758321,-73.955145,Private room,87.89,7,17,2024-02-04,0.22,1,26
4578,91740,Manhattan,Chelsea,40.797181,-74.006451,Private room,122.44,2,28,2024-06-23,0.01,1,322
4579,37837,Staten Island,St. George,40.554489,-74.20112,Entire home/apt,122.82,1,14,2024-08-14,0.05,1,45
4580,56589,Brooklyn,Bushwick,40.655713,-73.915891,Entire home/apt,94.27,30,17,2024-08-12,3.03,3,180
4581,79589,Bronx,Riverdale,40.814571,-73.821608,Entire home/apt,98.97,14,30,2024-02-28,0.92,1,183
4582,99439,Manhattan,Chelsea,40.765968,-73.953495,Private room,136.47,2,14,2024-08-11,1.61,1,184
4583,39280,Queens,Astoria,40.832981,-73.713818,Entire home/apt,99.65,14,28,2023-07-03,3.97,1,111
4584,40758,Queens,Long Island City,40.700665,-73.964936,Entire home/apt,219.78,5,32,2024-01-26,0.2,1,135
4585,58053,Brooklyn,Williamsburg,40.71313,-73.951714,Shared room,35.31,14,22,2024-07-17,0.89,1,13
4586,98859,Bronx,South Bronx,40.79588,-73.892614,Private room,51.52,30,41,2024-07-05,1.16,1,356
4587,58820,Manhattan,Chelsea,40.811789,-73.993947,Entire home/apt,323.83,14,14,2024-01-23,2.76,1,312
4588,70497,Manhattan,Midtown,40.792466,-73.966841,Entire home/apt,494.89,5,6,2023-10-25,7.61,1,28
4589,62600,Brooklyn,Park Slope,40.656757,-73.905528,Entire home/apt,191.19,14,10,2023-10-08,1.87,1,356
4590,21101,Brooklyn,Greenpoint,40.776135,-73.961958,Private room,139.6,30,8,2024-03-20,1.54,1,141
4591,59652,Brooklyn,Greenpoint,40.663609,-73.906876,Entire home/apt,254.1,7,1,2024-08-02,3.79,1,359
4592,7674,Manhattan,Hell Kitchen,40.801465,-73.973754,Entire home/apt,302.58,30,11,2023-10-30,2.72,1,266
4593,24268,Brooklyn,Bushwick,40.659878,-74.077259,Private room,62.09,7,15,2023-11-24,3.0,1,281
4594,23938,Manhattan,Chelsea,40.76754,-73.993986,Entire home/apt,162.25,5,2,2023-10-13,0.0,1,192
4595,70322,Brooklyn,Bed-Stuy,40.719277,-73.958834,Entire home/apt,200.36,5,0,,0.0,1,280
4596,66257,Brooklyn,Williamsburg,40.661219,-73.944743,Entire home/apt,154.53,14,11,2024-08-02,2.29,5,61
4597,41968,Brooklyn,Williamsburg,40.625989,-73.851005,Entire home/apt,277.33,2,9,2024-02-07,0.3,1,148
4598,4535,Manhattan,Harlem,40.809064,-73.938838,Entire home/apt,388.12,5,16,2023-01-30,2.09,1,306
4599,84570,Brooklyn,Crown Heights,40.719205,-73.945969,Entire home/apt,178.33,1,6,2024-07-10,0.01,1,97
4600,75487,Manhattan,Chelsea,40.815395,-73.984819,Entire home/apt,181.25,2,3,2024-01-18,1.28,3,66
4601,10612,Manhattan,Tribeca,40.765676,-73.98323,Entire home/apt,353.28,30,23,2024-07-10,2.86,1,262
4602,50222,Queens,Jamaica,40.77003,-73.855868,Private room,47.92,3,32,2024-06-27,0.85,2,10
4603,93752,Bronx,South Bronx,40.837031,-73.944893,Entire home/apt,80.33,30,5,2024-05-05,2.02,1,345
4604,67504,Manhattan,Tribeca,40.792722,-74.001542,Entire home/apt,194.65,7,3,2023-07-24,1.13,1,278
4605,47623,Queens,Forest Hills,40.653627,-73.697527,Private room,68.12,7,4,2024-08-25,1.56,2,241
4606,89857,Queens,Forest Hills,40.822625,-73.764955,Private room,114.98,7,14,2022-06-02,1.09,1,147
4607,65361,Queens,Astoria,40.750253,-73.837377,Private room,71.85,2,13,2023-12-10,0.97,1,118
4608,23677,Manhattan,Tribeca,40.767642,-73.978445,Entire home/apt,241.21,5,43,2024-06-13,2.76,1,329
4609,58324,Bronx,Riverdale,40.769117,-73.852178,Entire home/apt,59.1,1,21,2024-06-15,0.15,1,299
4610,97667,Manhattan,Harlem,40.784077,-73.989868,Private room,179.59,3,16,2024-05-06,1.32,1,119
4611,93086,Manhattan,Lower East Side,40.814474,-73.959062,Private room,105.39,7,5,2023-08-24,0.18,1,184
4612,64479,Manhattan,Chelsea,40.796937,-73.980947,Entire home/apt,301.86,30,28,2024-08-29,1.24,1,109
4613,67127,Brooklyn,Williamsburg,40.67812,-73.906558,Shared room,46.87,2,13,2024-04-11,4.97,1,21
4614,74187,Manhattan,Hell Kitchen,40.786156,-73.939162,Entire home/apt,402.72,1,21,2024-08-22,0.09,3,263
4615,18880,Manhattan,Hell Kitchen,40.779024,-73.981291,Hotel room,202.83,5,21,2024-08-10,0.82,1,102
4616,83715,Manhattan,Chelsea,40.795785,-73.996493,Private room,140.65,3,26,2024-02-03,2.43,1,12
4617,47441,Queens,Flushing,40.802144,-73.898957,Private room,87.44,30,20,2024-07-15,0.69,5,332
4618,95016,Queens,Forest Hills,40.779287,-73.846762,Shared room,94.07,7,40,2024-08-25,1.1,1,284
4619,22150,Manhattan,Chelsea,40.792632,-73.953053,Private room,205.45,5,10,2024-07-31,0.18,1,264
4620,65103,Queens,Flushing,40.740474,-73.89087,Entire home/apt,138.99,2,8,2024-07-21,0.38,1,345
4621,35840,Queens,Flushing,40.656458,-73.853193,Entire home/apt,144.18,7,5,2023-12-12,1.74,1,133
4622,98342,Queens,Flushing,40.576599,-73.704702,Entire home/apt,116.73,2,17,2024-03-09,2.65,1,32
4623,92891,Manhattan,Chelsea,40.785302,-73.99391,Entire home/apt,196.95,5,27,2024-01-06,1.56,1,284
4624,24441,Brooklyn,Bushwick,40.76554,-73.98628,Private room,76.96,3,7,2024-06-10,2.72,1,338
4625,49618,Bronx,South Bronx,40.857329,-73.906064,Entire home/apt,79.89,7,20,2024-08-11,1.4,1,287
4626,62362,Brooklyn,Crown Heights,40.557104,-74.026066,Entire home/apt,249.35,7,31,2023-11-12,2.49,1,184
4627,60748,Manhattan,Chelsea,40.77413,-73.953234,Private room,93.82,30,7,2024-08-05,6.1,1,272
4628,77676,Brooklyn,Greenpoint,40.698992,-73.935788,Private room,163.63,14,24,2024-06-07,0.13,1,97
4629,55838,Brooklyn,Williamsburg,40.557598,-73.867995,Entire home/apt,259.39,1,9,2024-07-09,0.98,1,316
4630,67475,Brooklyn,Greenpoint,40.691621,-73.951365,Entire home/apt,193.58,7,11,2024-06-30,0.32,1,330
4631,49584,Manhattan,Tribeca,40.805748,-73.94625,Entire home/apt,288.04,1,20,2024-03-20,0.94,1,59
4632,44620,Manhattan,Lower East Side,40.806192,-73.976142,Private room,115.23,5,40,2024-07-31,1.04,1,163
4633,34801,Queens,Astoria,40.647922,-73.715786,Entire home/apt,160.43,14,23,2024-05-18,1.46,5,150
4634,11008,Queens,Astoria,40.618996,-73.639119,Private room,111.26,5,11,2024-03-02,0.87,1,254
4635,61988,Manhattan,Hell Kitchen,40.78366,-73.992418,Entire home/apt,217.39,30,35,2023-09-02,0.59,3,342
4636,52199,Bronx,Mott Haven,40.783207,-73.92868,Entire home/apt,58.92,3,24,2024-06-10,0.07,1,353
4637,36510,Manhattan,Hell Kitchen,40.785907,-73.971328,Shared room,107.31,5,3,2024-06-24,0.05,1,268
4638,15821,Brooklyn,Bushwick,40.604045,-73.965587,Entire home/apt,218.6,3,12,2024-06-11,0.29,1,223
4639,37709,Queens,Jamaica,40.618765,-73.747756,Entire home/apt,91.99,2,7,2024-04-29,0.89,1,336
4640,92027,Queens,Jamaica,40.723833,-73.825172,Entire home/apt,107.39,14,20,2024-06-26,0.81,1,261
4641,30865,Bronx,South Bronx,40.780394,-73.879808,Entire home/apt,77.16,30,21,2024-07-12,0.32,1,243
4642,5158,Manhattan,Tribeca,40.774805,-73.964845,Entire home/apt,215.54,1,7,2024-06-09,2.59,2,190
4643,12208,Queens,Jamaica,40.741561,-73.731535,Entire home/apt,126.51,2,11,2023-12-06,1.73,3,170
4644,36320,Manhattan,Lower East Side,40.773408,-74.008408,Entire home/apt,258.87,30,16,2024-07-11,0.63,2,170
4645,39146,Brooklyn,Crown Heights,40.737666,-74.000362,Entire home/apt,147.99,3,22,2023-10-02,2.39,3,152
4646,47506,Brooklyn,Park Slope,40.611785,-73.946787,Private room,70.89,7,14,2024-07-03,6.8,20,311
4647,98738,Brooklyn,Bed-Stuy,40.696336,-73.97605,Private room,87.6,1,24,2024-03-19,0.42,1,66
4648,52203,Manhattan,Harlem,40.772326,-73.979021,Private room,153.99,2,18,2022-12-04,0.68,1,55
4649,70872,Queens,Flushing,40.841523,-73.795114,Private room,63.44,2,23,2023-03-06,7.42,1,110
4650,72166,Manhattan,Upper East Side,40.763741,-73.990356,Entire home/apt,457.8,30,11,2024-05-22,0.22,1,190
4651,5618,Manhattan,Hell Kitchen,40.778082,-73.966443,Entire home/apt,352.9,2,18,2024-08-20,0.12,1,14
4652,36570,Brooklyn,Bed-Stuy,40.707239,-73.93675,Entire home/apt,101.61,5,6,2023-07-10,1.1,1,301
4653,23943,Brooklyn,Williamsburg,40.627688,-73.969636,Entire home/apt,236.75,7,17,2024-08-08,0.95,1,252
4654,55865,Queens,Jamaica,40.786913,-73.886587,Entire home/apt,183.47,2,13,2023-05-28,0.12,1,17
4655,3869,Manhattan,Midtown,40.773785,-73.959251,Entire home/apt,242.03,2,10,2024-01-08,0.51,1,9
4656,99285,Manhattan,Hell Kitchen,40.800606,-73.975058,Private room,79.18,2,28,2023-05-01,0.81,1,132
4657,21178,Queens,Long Island City,40.695303,-73.900669,Shared room,40.63,14,7,2024-02-17,2.59,1,171
4658,70327,Brooklyn,Bed-Stuy,40.709738,-73.865073,Entire home/apt,191.41,7,6,2022-01-18,1.85,1,128
4659,23412,Manhattan,Hell Kitchen,40.834403,-73.963471,Private room,91.94,2,3,2024-05-11,3.69,1,52
4660,20511,Brooklyn,Bushwick,40.675147,-73.999389,Private room,53.72,1,5,2024-06-22,0.61,1,299
4661,28442,Brooklyn,Williamsburg,40.565469,-73.933582,Private room,92.7,14,5,2024-06-04,0.56,1,280
4662,7820,Brooklyn,Park Slope,40.81922,-73.867951,Entire home/apt,174.91,30,11,2024-06-16,0.93,5,42
4663,46679,Brooklyn,Bed-Stuy,40.745194,-73.929464,Entire home/apt,162.49,5,9,2024-06-01,0.01,2,156
4664,4677,Queens,Flushing,40.756962,-73.9888,Entire home/apt,139.27,5,50,2023-08-09,0.35,3,110
4665,14837,Queens,Flushing,40.789201,-73.841247,Entire home/apt,92.64,2,28,2024-03-24,0.36,5,82
4666,68959,Brooklyn,Bushwick,40.636096,-73.963595,Private room,80.67,7,15,2024-01-13,0.09,1,181
4667,29402,Manhattan,Tribeca,40.77596,-73.985553,Entire home/apt,356.48,7,47,2024-07-02,0.91,1,50
4668,39259,Queens,Forest Hills,40.72931,-73.839562,Entire home/apt,125.19,3,18,2022-05-29,3.54,1,171
4669,25483,Brooklyn,Crown Heights,40.684219,-74.033431,Private room,49.18,3,3,2024-07-04,0.01,1,309
4670,73261,Brooklyn,Crown Heights,40.665357,-74.009978,Private room,79.46,1,2,2024-08-01,1.48,1,274
4671,88327,Manhattan,Chelsea,40.770271,-73.968332,Entire home/apt,187.71,1,2,2023-12-05,3.17,1,255
4672,28816,Queens,Flushing,40.59988,-73.860693,Private room,80.12,14,1,2023-10-09,0.17,1,252
4673,57615,Brooklyn,Williamsburg,40.712338,-74.028991,Entire home/apt,218.12,7,28,2024-06-03,3.74,1,188
4674,39303,Manhattan,Upper East Side,40.818657,-73.947112,Entire home/apt,148.33,1,10,2024-04-14,2.56,1,11
4675,16243,Brooklyn,Greenpoint,40.648528,-73.991433,Entire home/apt,260.11,3,11,2024-05-28,0.36,1,287
4676,72402,Queens,Flushing,40.744355,-73.910697,Private room,46.15,7,24,2024-07-01,3.54,3,213
4677,99150,Manhattan,Chelsea,40.743057,-73.980387,Shared room,151.13,3,4,2023-11-04,2.44,1,128
4678,71965,Bronx,Mott Haven,40.838098,-73.860079,Entire home/apt,106.7,2,32,2023-12-22,0.18,1,256
4679,85664,Brooklyn,Greenpoint,40.641316,-73.867763,Entire home/apt,116.62,30,10,2024-05-05,2.66,1,228
4680,22127,Brooklyn,Williamsburg,40.588492,-74.012496,Entire home/apt,121.6,14,10,2024-05-15,1.17,3,279
4681,38545,Manhattan,Hell Kitchen,40.792833,-73.994433,Entire home/apt,331.03,30,6,2024-07-28,2.54,1,332
4682,43309,Manhattan,Harlem,40.759094,-73.968733,Entire home/apt,246.27,30,22,2024-03-03,1.44,1,240
4683,56018,Bronx,Fordham,40.792124,-73.871454,Entire home/apt,104.67,2,30,2023-05-27,0.75,1,304
4684,75691,Manhattan,Upper East Side,40.769103,-73.988433,Private room,274.49,1,15,2024-01-17,1.38,2,91
4685,17811,Queens,Long Island City,40.560016,-73.783735,Private room,54.43,3,9,2024-04-27,1.52,1,89
4686,47297,Manhattan,Harlem,40.758156,-73.974565,Entire home/apt,294.99,7,11,2024-08-25,2.18,1,272
4687,99334,Manhattan,Midtown,40.772858,-73.97533,Entire home/apt,508.21,7,12,2023-05-11,2.66,1,280
4688,26940,Manhattan,Tribeca,40.780106,-73.967327,Entire home/apt,320.91,1,3,2024-06-27,1.63,3,62
4689,59998,Brooklyn,Park Slope,40.634534,-73.869638,Entire home/apt,100.97,14,13,2024-06-29,6.86,1,1
4690,37681,Staten Island,Stapleton,40.48713,-74.159264,Private room,60.71,3,33,2024-05-10,2.26,1,362
4691,17774,Manhattan,Tribeca,40.799825,-73.961665,Shared room,50.87,30,14,2024-05-24,3.62,1,285
4692,52609,Manhattan,Upper East Side,40.763603,-73.987365,Entire home/apt,505.57,1,10,2023-01-20,0.58,1,113
4693,55427,Manhattan,Midtown,40.762964,-73.959215,Entire home/apt,207.23,30,9,2024-07-31,0.57,1,205
4694,70883,Brooklyn,Bed-Stuy,40.633805,-73.928893,Private room,314.87,7,25,2024-02-04,0.67,1,76
4695,14355,Brooklyn,Bed-Stuy,40.694058,-73.802096,Entire home/apt,345.31,2,28,2024-08-12,0.87,1,164
4696,92213,Queens,Astoria,40.75326,-73.859792,Private room,52.35,14,15,2024-07-05,4.88,1,244
4697,93486,Brooklyn,Bed-Stuy,40.590591,-73.960751,Entire home/apt,193.54,3,7,2024-01-15,0.11,5,74
4698,95352,Brooklyn,Bed-Stuy,40.671055,-74.076842,Private room,129.78,1,15,2023-11-13,1.04,1,58
4699,1469,Manhattan,Upper East Side,40.768823,-73.965253,Private room,197.01,2,2,2024-05-11,0.26,1,172
4700,41095,Staten Island,New Dorp,40.552882,-74.111455,Private room,59.2,5,7,2023-11-26,2.5,2,72
4701,38849,Manhattan,Harlem,40.751933,-73.957662,Private room,237.62,3,31,2023-04-28,0.05,1,227
4702,45697,Manhattan,Harlem,40.801378,-73.95207,Entire home/apt,274.18,7,9,2023-04-26,0.91,50,21
4703,22439,Brooklyn,Crown Heights,40.584249,-73.925327,Private room,82.9,7,28,2024-06-18,0.75,1,323
4704,61913,Brooklyn,Williamsburg,40.638075,-74.028569,Private room,83.56,5,15,2024-06-26,0.15,1,170
4705,43295,Brooklyn,Bushwick,40.653368,-73.998499,Entire home/apt,270.65,3,31,2024-01-12,0.71,1,229
4706,51263,Brooklyn,Williamsburg,40.733445,-73.913416,Entire home/apt,222.2,1,9,2024-02-23,2.48,1,242
4707,11325,Queens,Jamaica,40.636004,-73.852838,Entire home/apt,161.79,3,6,2024-06-04,0.22,1,192
4708,82526,Manhattan,Upper East Side,40.775486,-73.972648,Entire home/apt,395.86,3,9,2024-07-17,6.16,1,182
4709,39052,Queens,Forest Hills,40.80871,-73.739637,Entire home/apt,63.4,14,24,2024-03-12,0.09,1,146
4710,77714,Brooklyn,Crown Heights,40.681284,-73.959839,Private room,108.68,14,35,2024-05-23,0.51,1,63
4711,65653,Brooklyn,Greenpoint,40.571799,-73.86668,Entire home/apt,209.54,5,16,2024-08-07,2.24,1,8
4712,35173,Brooklyn,Greenpoint,40.651374,-73.85091,Private room,187.14,30,47,2024-03-02,0.66,2,203
4713,18729,Manhattan,Chelsea,40.787022,-73.930694,Entire home/apt,156.26,7,22,2024-01-30,0.98,1,170
4714,69806,Queens,Flushing,40.776706,-73.909462,Entire home/apt,268.46,2,23,2024-06-12,0.31,1,161
4715,41131,Brooklyn,Crown Heights,40.641335,-73.954348,Entire home/apt,197.88,7,66,2023-10-16,1.89,1,228
4716,86050,Manhattan,Harlem,40.765624,-73.978741,Entire home/apt,350.22,3,4,2024-08-19,0.3,1,318
4717,80369,Brooklyn,Greenpoint,40.596184,-73.943857,Entire home/apt,375.35,30,7,2024-05-01,2.83,1,174
4718,71125,Staten Island,St. George,40.591371,-74.190364,Entire home/apt,124.14,7,8,2023-02-16,1.16,1,208
4719,47382,Brooklyn,Bed-Stuy,40.794615,-73.940389,Entire home/apt,225.35,5,20,2024-07-25,1.19,2,207
4720,52337,Bronx,Mott Haven,40.803963,-73.946277,Private room,59.94,14,23,2024-07-29,4.07,1,43
4721,61674,Manhattan,Harlem,40.784299,-73.97641,Private room,118.68,14,9,2024-06-08,2.22,1,362
4722,12926,Manhattan,Harlem,40.798761,-73.974067,Entire home/apt,284.74,2,53,2024-07-07,2.04,3,295
4723,34281,Manhattan,Upper East Side,40.759226,-73.937786,Private room,108.16,2,17,2024-07-18,2.93,10,359
4724,47144,Brooklyn,Crown Heights,40.704337,-73.959447,Private room,94.3,1,4,2023-03-13,0.14,1,11
4725,96946,Manhattan,Upper East Side,40.786393,-73.961719,Entire home/apt,113.14,14,20,2024-06-17,1.94,1,214
4726,55895,Manhattan,Chelsea,40.754523,-73.968046,Shared room,96.16,7,5,2024-08-21,0.4,1,306
4727,50470,Bronx,Mott Haven,40.822294,-73.839435,Private room,51.81,14,9,2023-07-15,0.49,1,210
4728,64289,Queens,Jamaica,40.668985,-73.843276,Entire home/apt,125.88,14,24,2024-05-17,0.02,1,305
4729,96211,Brooklyn,Bushwick,40.777972,-73.870345,Entire home/apt,209.64,7,9,2024-01-06,3.36,1,192
4730,71180,Manhattan,Hell Kitchen,40.717189,-73.948065,Entire home/apt,162.31,5,9,2024-06-11,2.02,1,78
4731,76067,Manhattan,Hell Kitchen,40.781627,-73.985364,Entire home/apt,623.08,7,30,2023-04-28,0.22,1,23
4732,8956,Manhattan,Tribeca,40.762957,-73.990182,Private room,138.2,5,31,2024-07-02,0.6,1,188
4733,64101,Brooklyn,Park Slope,40.637404,-74.011828,Entire home/apt,181.12,1,25,2024-02-19,0.98,1,53
4734,91461,Bronx,Riverdale,40.77707,-73.916819,Private room,36.97,3,3,2023-10-24,1.02,1,52
4735,20864,Brooklyn,Park Slope,40.697604,-73.941195,Private room,96.92,7,20,2024-07-15,1.36,1,304
4736,21526,Manhattan,Tribeca,40.794217,-73.972527,Private room,250.79,3,12,2023-11-15,0.96,1,123
4737,2872,Brooklyn,Greenpoint,40.599799,-73.914534,Private room,145.29,1,7,2023-11-24,1.57,1,345
4738,4623,Manhattan,Tribeca,40.763006,-73.958268,Entire home/apt,405.34,7,15,2023-01-11,3.23,1,167
4739,73114,Manhattan,Hell Kitchen,40.759782,-73.98495,Entire home/apt,358.35,7,14,2023-05-29,0.76,1,33
4740,47422,Brooklyn,Crown Heights,40.656517,-73.903736,Private room,83.17,30,3,2024-06-05,3.14,2,343
4741,34746,Brooklyn,Bed-Stuy,40.68876,-73.943,Entire home/apt,107.49,3,10,2024-03-25,0.37,3,151
4742,61651,Manhattan,Hell Kitchen,40.820813,-74.00794,Entire home/apt,265.75,30,74,2023-05-24,0.19,1,71
4743,91374,Manhattan,Midtown,40.762332,-73.992824,Private room,131.04,1,13,2024-09-01,0.41,5,128
4744,16237,Staten Island,Stapleton,40.490967,-74.178981,Private room,75.45,1,8,2024-03-08,0.35,1,172
4745,5801,Manhattan,Harlem,40.796855,-73.983033,Entire home/apt,325.94,3,17,2024-07-20,6.31,1,9
4746,28394,Manhattan,Hell Kitchen,40.77644,-74.005651,Private room,274.44,3,8,2024-01-04,0.72,1,99
4747,94608,Manhattan,Lower East Side,40.767169,-73.980434,Private room,232.48,7,6,2023-11-20,1.58,1,296
4748,82546,Manhattan,Lower East Side,40.795948,-74.004698,Entire home/apt,239.93,14,24,2024-01-21,1.79,1,6
4749,57251,Manhattan,Tribeca,40.774,-73.949464,Entire home/apt,140.46,30,8,2021-12-09,0.88,5,306
4750,40061,Queens,Jamaica,40.692593,-73.964145,Shared room,70.49,1,20,2024-05-07,0.38,1,92
4751,88473,Manhattan,Upper East Side,40.808684,-73.956502,Entire home/apt,496.07,14,14,2024-04-06,0.86,1,281
4752,32023,Brooklyn,Crown Heights,40.730364,-74.048827,Entire home/apt,111.16,2,12,2024-05-30,0.96,1,226
4753,12433,Brooklyn,Bushwick,40.768947,-73.990597,Entire home/apt,351.14,30,3,2022-11-15,4.62,1,159
4754,89915,Brooklyn,Park Slope,40.647634,-73.986367,Private room,111.85,1,13,2023-05-30,1.26,10,177
4755,20953,Queens,Jamaica,40.803955,-73.809284,Entire home/apt,153.56,7,11,2022-07-18,5.25,1,118
4756,18214,Queens,Forest Hills,40.766739,-73.788828,Entire home/apt,274.71,3,6,2022-08-09,1.29,1,295
4757,24897,Manhattan,Chelsea,40.781199,-73.990136,Entire home/apt,493.16,30,12,2023-07-23,0.23,3,95
4758,95963,Queens,Astoria,40.873171,-73.911971,Hotel room,140.14,7,14,2023-05-10,0.73,1,288
4759,16126,Brooklyn,Bushwick,40.702935,-73.921601,Entire home/apt,232.01,2,28,2024-08-10,2.36,5,337
4760,69173,Staten Island,New Dorp,40.637218,-74.094676,Private room,63.47,30,19,2024-07-29,0.82,1,358
4761,12732,Brooklyn,Bed-Stuy,40.669957,-73.912376,Shared room,46.01,1,71,2023-08-09,0.16,1,85
4762,83774,Staten Island,Stapleton,40.667744,-74.152807,Entire home/apt,97.04,14,19,2024-01-12,0.15,1,270
4763,92211,Queens,Astoria,40.642885,-73.825657,Hotel room,75.28,2,5,2023-08-24,0.41,1,232
4764,43499,Manhattan,Hell Kitchen,40.757007,-73.963764,Shared room,70.9,14,6,2023-12-12,1.25,1,104
4765,38840,Brooklyn,Greenpoint,40.742067,-73.951462,Shared room,46.63,14,27,2024-08-05,2.66,3,140
4766,65734,Staten Island,St. George,40.498452,-74.109334,Entire home/apt,76.94,14,38,2023-06-12,1.14,1,21
4767,61467,Queens,Long Island City,40.586096,-73.918576,Private room,76.05,1,33,2023-12-11,2.06,1,85
4768,1820,Manhattan,Hell Kitchen,40.779533,-73.966164,Private room,126.5,7,35,2024-04-02,1.56,1,319
4769,23837,Brooklyn,Bed-Stuy,40.703535,-73.948168,Hotel room,176.04,2,43,2024-04-18,1.11,1,348
4770,82203,Manhattan,Harlem,40.818301,-73.969897,Entire home/apt,150.51,7,24,2024-04-01,0.36,1,130
4771,86798,Manhattan,Harlem,40.803793,-73.955461,Private room,137.62,7,28,2024-06-04,3.22,3,18
4772,90723,Brooklyn,Crown Heights,40.600628,-73.954384,Entire home/apt,202.37,7,8,2023-11-14,0.48,1,235
4773,82262,Manhattan,Lower East Side,40.825566,-73.981287,Entire home/apt,254.35,30,0,,0.0,1,304
4774,97638,Queens,Forest Hills,40.67423,-73.781254,Entire home/apt,134.4,14,14,2023-06-28,0.45,1,99
4775,97333,Manhattan,Chelsea,40.77373,-73.987074,Private room,76.38,2,8,2024-07-11,0.15,5,166
4776,67931,Queens,Flushing,40.689537,-73.680339,Entire home/apt,166.07,1,10,2024-08-26,1.04,1,197
4777,25053,Manhattan,Midtown,40.780368,-73.997762,Private room,186.58,7,21,2024-07-23,0.6,1,269
4778,81800,Manhattan,Hell Kitchen,40.752865,-73.927064,Hotel room,263.14,7,13,2023-12-22,1.11,1,155
4779,46475,Manhattan,Harlem,40.778633,-73.962508,Entire home/apt,436.35,30,19,2023-09-02,0.91,1,184
4780,29253,Manhattan,Chelsea,40.767672,-73.96478,Private room,156.09,3,27,2024-06-16,1.1,50,172
4781,38384,Manhattan,Harlem,40.812287,-73.984245,Entire home/apt,348.78,14,0,,0.0,3,114
4782,42800,Manhattan,Upper East Side,40.792272,-73.999315,Entire home/apt,306.55,14,10,2024-08-03,2.53,1,297
4783,34781,Brooklyn,Crown Heights,40.799572,-73.928088,Private room,126.39,30,29,2023-09-15,1.15,1,2
4784,37159,Manhattan,Hell Kitchen,40.774844,-73.977157,Shared room,43.1,3,10,2024-07-20,0.35,1,258
4785,41075,Brooklyn,Greenpoint,40.647598,-73.971734,Private room,67.15,30,13,2024-07-14,3.48,1,80
4786,19651,Manhattan,Midtown,40.73415,-73.973159,Private room,271.67,2,3,2024-08-15,0.17,1,282
4787,51319,Queens,Jamaica,40.71701,-73.755807,Entire home/apt,53.82,14,27,2023-06-25,1.98,1,50
4788,92492,Bronx,Riverdale,40.818643,-73.903352,Entire home/apt,102.87,14,13,2024-06-22,1.7,1,13
4789,61656,Brooklyn,Bed-Stuy,40.677734,-74.040942,Entire home/apt,306.86,5,28,2024-07-30,0.11,1,356
4790,75232,Manhattan,Midtown,40.785968,-74.008436,Entire home/apt,277.45,7,9,2023-02-27,3.48,1,238
4791,66288,Manhattan,Chelsea,40.805516,-73.957515,Entire home/apt,244.93,2,16,2024-06-20,0.57,1,176
4792,64466,Bronx,Riverdale,40.798491,-73.831743,Entire home/apt,114.58,1,14,2023-12-29,2.03,2,259
4793,98953,Manhattan,Chelsea,40.78533,-73.99138,Entire home/apt,250.06,14,40,2024-07-16,0.49,1,233
4794,35822,Manhattan,Harlem,40.742642,-73.964871,Entire home/apt,291.58,14,9,2024-01-12,1.12,1,175
4795,32850,Manhattan,Chelsea,40.767214,-73.949301,Entire home/apt,219.12,2,5,2024-07-16,5.38,1,199
4796,38975,Manhattan,Hell Kitchen,40.783381,-73.985192,Private room,224.37,7,19,2024-03-03,1.42,1,316
4797,36805,Manhattan,Harlem,40.819057,-73.959671,Shared room,143.13,30,10,2024-05-20,0.53,3,85
4798,5009,Queens,Flushing,40.435793,-73.833811,Private room,68.26,1,27,2023-11-18,0.92,1,32
4799,97857,Manhattan,Hell Kitchen,40.755418,-73.987196,Entire home/apt,165.4,14,15,2024-01-10,1.69,1,361
4800,9928,Brooklyn,Williamsburg,40.669516,-73.922957,Shared room,43.79,3,32,2023-04-27,0.88,1,171
4801,11194,Manhattan,Midtown,40.788327,-73.949643,Private room,133.78,7,16,2024-06-08,3.62,1,287
4802,34523,Manhattan,Hell Kitchen,40.795832,-73.959705,Entire home/apt,352.54,3,22,2023-12-24,3.03,2,215
4803,55035,Bronx,South Bronx,40.854875,-73.80046,Entire home/apt,72.7,7,24,2022-12-17,0.24,1,257
4804,93581,Manhattan,Midtown,40.776774,-73.977006,Private room,105.86,30,7,2024-06-20,2.31,1,350
4805,73047,Queens,Flushing,40.575754,-73.710407,Private room,88.32,14,19,2024-07-02,4.28,1,134
4806,22515,Brooklyn,Crown Heights,40.673584,-73.768184,Private room,139.76,1,7,2023-12-13,0.57,10,212
4807,8866,Manhattan,Chelsea,40.774989,-73.969428,Private room,112.3,7,32,2024-05-18,0.41,1,317
4808,4818,Bronx,Mott Haven,40.872125,-73.919895,Private room,31.92,7,69,2024-06-02,0.01,1,267
4809,34237,Manhattan,Lower East Side,40.790271,-73.970507,Hotel room,803.46,30,12,2024-04-13,0.18,1,322
4810,28441,Queens,Flushing,40.703905,-73.701092,Private room,98.49,2,10,2023-04-27,4.86,1,239
4811,99934,Manhattan,Lower East Side,40.765025,-73.965702,Entire home/apt,258.83,5,2,2024-08-17,0.74,1,79
4812,38638,Queens,Flushing,40.844573,-73.85143,Private room,101.93,2,32,2024-05-12,0.73,2,277
4813,57474,Manhattan,Midtown,40.777162,-73.924294,Entire home/apt,274.01,5,23,2024-08-11,0.47,3,141
4814,64053,Brooklyn,Bed-Stuy,40.706663,-73.974572,Private room,135.8,5,42,2023-08-11,0.27,1,233
4815,70900,Queens,Forest Hills,40.79241,-73.840347,Shared room,43.17,14,38,2024-08-06,1.07,1,76
4816,79739,Bronx,Fordham,40.766554,-73.796182,Private room,56.42,1,20,2024-08-16,1.93,1,271
4817,80175,Bronx,Fordham,40.789647,-73.742214,Private room,51.98,7,11,2023-01-13,1.2,1,347
4818,3413,Queens,Flushing,40.689053,-73.624239,Entire home/apt,80.71,3,55,2024-04-05,0.05,1,70
4819,98553,Queens,Astoria,40.618706,-73.712861,Entire home/apt,312.64,7,28,2023-10-23,2.44,1,273
4820,83105,Manhattan,Upper East Side,40.793095,-73.954445,Entire home/apt,197.62,5,10,2024-05-10,4.02,1,334
4821,18219,Manhattan,Midtown,40.80246,-73.981155,Private room,83.58,5,21,2024-05-22,0.87,1,209
4822,70590,Manhattan,Midtown,40.756923,-73.972218,Private room,132.25,14,20,2023-06-23,0.68,1,46
4823,69886,Manhattan,Harlem,40.787561,-73.980637,Private room,98.03,1,31,2022-05-29,0.39,1,202
4824,92203,Manhattan,Midtown,40.788651,-73.964607,Entire home/apt,282.1,2,1,2024-03-12,0.54,1,50
4825,65232,Brooklyn,Park Slope,40.623598,-73.920502,Entire home/apt,252.8,5,32,2023-06-09,1.55,1,38
4826,43881,Manhattan,Upper East Side,40.777756,-73.9852,Private room,214.42,5,47,2023-09-10,2.21,1,144
4827,94165,Brooklyn,Williamsburg,40.725443,-73.990819,Entire home/apt,265.97,2,43,2024-04-13,0.61,2,103
4828,20883,Manhattan,Hell Kitchen,40.773967,-73.969759,Private room,127.43,3,12,2023-04-11,0.62,1,59
4829,78909,Manhattan,Hell Kitchen,40.810586,-73.967344,Private room,146.89,2,55,2024-07-21,0.9,1,261
4830,26074,Brooklyn,Williamsburg,40.709897,-73.962059,Private room,113.01,2,13,2023-08-09,0.28,1,45
4831,39577,Queens,Jamaica,40.721921,-73.79881,Entire home/apt,71.29,30,14,2024-06-27,3.93,1,324
4832,29474,Brooklyn,Bed-Stuy,40.695798,-73.961958,Shared room,67.84,2,46,2024-08-27,1.83,1,288
4833,94227,Brooklyn,Park Slope,40.7586,-73.96659,Entire home/apt,107.19,5,4,2023-11-28,0.85,1,340
4834,37928,Manhattan,Hell Kitchen,40.748955,-73.916344,Hotel room,488.54,3,27,2023-05-12,0.2,1,116
4835,75697,Brooklyn,Bed-Stuy,40.658558,-73.86541,Entire home/apt,163.32,1,14,2024-07-20,2.83,1,182
4836,45449,Manhattan,Midtown,40.811196,-73.952296,Entire home/apt,267.47,1,7,2024-04-17,0.99,1,120
4837,25990,Manhattan,Hell Kitchen,40.779139,-73.965466,Shared room,59.54,1,9,2023-12-27,2.39,1,200
4838,13941,Brooklyn,Williamsburg,40.601729,-73.824791,Entire home/apt,149.23,14,5,2024-06-21,0.05,3,160
4839,44315,Manhattan,Upper East Side,40.766064,-73.976278,Private room,357.61,7,48,2024-08-04,0.48,1,196
4840,21335,Manhattan,Hell Kitchen,40.78508,-73.973349,Private room,209.76,7,68,2024-06-04,1.46,1,275
4841,30037,Bronx,Mott Haven,40.811956,-73.795083,Private room,29.27,1,3,2024-05-15,1.0,1,150
4842,49156,Bronx,Riverdale,40.892314,-73.848698,Hotel room,148.94,3,5,2024-01-01,0.52,10,292
4843,54495,Manhattan,Chelsea,40.775109,-73.949914,Entire home/apt,464.17,2,25,2024-07-24,0.34,1,255
4844,65621,Manhattan,Midtown,40.773811,-73.939792,Private room,128.68,2,17,2023-11-03,0.54,5,173
4845,58142,Manhattan,Upper East Side,40.785324,-73.946604,Entire home/apt,325.59,5,25,2024-04-29,2.03,1,282
4846,71941,Manhattan,Chelsea,40.780824,-73.969769,Entire home/apt,286.28,30,11,2023-07-08,0.3,1,318
4847,65970,Bronx,Fordham,40.906071,-73.755104,Private room,119.75,5,23,2024-04-04,1.35,20,313
4848,44093,Manhattan,Chelsea,40.814307,-73.953657,Entire home/apt,209.44,5,9,2024-05-18,0.83,1,270
4849,95529,Queens,Forest Hills,40.775343,-73.835456,Private room,76.33,2,49,2024-07-03,2.16,1,339
4850,87310,Manhattan,Midtown,40.789005,-73.989461,Entire home/apt,242.67,14,45,2024-08-12,0.34,1,313
4851,42496,Staten Island,St. George,40.598289,-74.132598,Private room,27.96,7,9,2024-06-10,0.47,1,234
4852,6639,Manhattan,Harlem,40.743883,-73.970425,Hotel room,519.02,7,18,2024-05-28,0.76,1,59
4853,37703,Queens,Astoria,40.76139,-73.801597,Entire home/apt,89.76,14,45,2024-04-03,0.27,1,196
4854,37459,Manhattan,Harlem,40.790261,-73.998034,Private room,157.25,30,19,2023-09-14,0.93,1,231
4855,38062,Brooklyn,Williamsburg,40.631648,-73.882104,Private room,47.85,30,22,2024-05-12,0.81,1,79
4856,87613,Manhattan,Tribeca,40.783111,-73.964402,Entire home/apt,245.51,1,21,2024-06-26,6.92,1,110
4857,5828,Manhattan,Chelsea,40.77217,-73.97081,Entire home/apt,340.95,5,20,2023-08-27,1.35,1,346
4858,94562,Bronx,Mott Haven,40.729699,-73.822499,Private room,39.11,7,11,2024-01-07,0.11,2,193
4859,90089,Bronx,Mott Haven,40.935197,-73.918051,Entire home/apt,137.58,5,17,2024-06-27,0.92,5,248
4860,41176,Queens,Jamaica,40.652973,-73.75963,Entire home/apt,129.31,2,12,2024-07-31,3.16,1,156
4861,3958,Brooklyn,Park Slope,40.766633,-73.944326,Private room,152.69,3,18,2024-07-02,3.02,1,4
4862,97502,Queens,Jamaica,40.629855,-73.811589,Private room,124.14,5,8,2024-08-09,4.9,1,91
4863,33040,Manhattan,Tribeca,40.762501,-73.984577,Shared room,64.06,30,28,2023-07-09,3.37,1,1
4864,12760,Manhattan,Upper East Side,40.777019,-73.989786,Private room,148.49,1,5,2024-03-15,0.29,3,225
4865,4571,Manhattan,Tribeca,40.767542,-73.969709,Private room,154.96,3,26,2023-09-09,0.01,1,258
4866,8235,Brooklyn,Bed-Stuy,40.691102,-74.029639,Entire home/apt,245.98,3,5,2023-10-28,1.44,1,40
4867,68887,Manhattan,Harlem,40.791028,-73.978839,Entire home/apt,289.66,7,24,2024-08-03,1.82,1,149
4868,78568,Manhattan,Hell Kitchen,40.797505,-73.95559,Entire home/apt,310.77,3,7,2024-05-19,0.21,1,61
4869,96447,Brooklyn,Park Slope,40.645528,-73.907351,Shared room,48.99,1,5,2022-11-27,0.27,1,303
4870,75044,Queens,Long Island City,40.661244,-73.688999,Entire home/apt,150.79,30,30,2024-07-16,4.95,5,131
4871,31874,Manhattan,Tribeca,40.767117,-73.964145,Entire home/apt,484.02,7,35,2024-08-23,4.32,1,288
4872,50734,Manhattan,Upper East Side,40.779348,-73.991538,Entire home/apt,372.93,14,6,2024-06-17,0.26,2,80
4873,3081,Manhattan,Midtown,40.801118,-73.983483,Entire home/apt,381.25,3,40,2024-04-26,0.43,1,49
4874,12971,Manhattan,Tribeca,40.749099,-74.02884,Entire home/apt,384.59,3,33,2024-08-22,3.34,1,114
4875,31209,Manhattan,Harlem,40.765599,-73.943682,Private room,135.41,14,3,2024-05-24,0.86,1,263
4876,63358,Brooklyn,Greenpoint,40.753664,-73.987316,Entire home/apt,218.12,30,25,2024-07-11,2.4,1,281
4877,72535,Brooklyn,Bed-Stuy,40.655733,-73.972095,Entire home/apt,124.39,1,4,2024-07-21,0.76,1,290
4878,31499,Brooklyn,Bed-Stuy,40.598194,-74.00113,Entire home/apt,318.94,30,3,2024-07-08,2.0,1,174
4879,47326,Manhattan,Tribeca,40.802723,-73.961122,Private room,47.31,14,28,2024-08-12,0.76,3,235
4880,17873,Queens,Astoria,40.750047,-73.901712,Private room,69.53,7,18,2024-08-18,3.44,1,238
4881,44752,Manhattan,Chelsea,40.785114,-74.017277,Entire home/apt,454.55,7,26,2024-03-22,0.59,1,104
4882,20162,Brooklyn,Bushwick,40.728768,-73.928686,Private room,55.63,30,1,2023-03-20,1.11,1,282
4883,98623,Queens,Jamaica,40.620581,-73.665586,Entire home/apt,168.97,14,18,2023-11-12,1.11,50,301
4884,54702,Manhattan,Hell Kitchen,40.747177,-73.960594,Shared room,61.69,30,10,2023-10-14,1.57,1,289
4885,97050,Manhattan,Chelsea,40.794203,-73.995993,Entire home/apt,248.5,30,50,2024-01-06,0.55,1,190
4886,75132,Queens,Long Island City,40.725172,-73.925846,Private room,105.11,3,14,2023-02-17,1.54,10,247
4887,84834,Manhattan,Harlem,40.726173,-73.992558,Shared room,87.68,14,30,2023-03-10,0.23,1,93
4888,63151,Brooklyn,Greenpoint,40.641203,-73.905545,Private room,42.55,1,33,2023-12-05,3.36,1,218
4889,79321,Manhattan,Harlem,40.784448,-73.969329,Entire home/apt,194.88,14,10,2024-01-19,0.23,1,220
4890,67531,Brooklyn,Bushwick,40.617335,-73.976001,Entire home/apt,283.62,2,19,2024-06-28,2.75,1,118
4891,62380,Manhattan,Upper East Side,40.764501,-73.995699,Private room,172.33,1,19,2024-08-15,1.77,1,151
4892,67127,Manhattan,Hell Kitchen,40.771226,-73.96971,Entire home/apt,579.53,3,19,2024-08-15,0.63,1,16
4893,62841,Brooklyn,Park Slope,40.643842,-73.96361,Private room,188.18,3,41,2024-01-06,0.59,1,251
4894,38142,Manhattan,Lower East Side,40.796998,-73.981215,Private room,125.58,2,42,2024-08-27,5.07,3,299
4895,65951,Manhattan,Chelsea,40.756421,-73.959931,Private room,391.94,2,42,2023-11-01,0.33,1,193
4896,54163,Manhattan,Hell Kitchen,40.788417,-73.964627,Entire home/apt,290.83,7,16,2024-06-11,1.93,1,316
4897,45979,Manhattan,Hell Kitchen,40.795617,-73.962067,Private room,97.98,14,4,2024-07-25,0.3,1,207
4898,59212,Manhattan,Tribeca,40.783675,-73.923371,Private room,111.76,3,23,2024-05-30,3.54,1,258
4899,47194,Manhattan,Tribeca,40.757401,-73.982928,Private room,58.39,7,23,2024-01-27,2.03,1,278
4900,97660,Bronx,Mott Haven,40.893167,-73.857671,Entire home/apt,206.92,30,17,2024-07-06,4.05,20,134
4901,83668,Manhattan,Lower East Side,40.798258,-73.967805,Entire home/apt,545.04,3,33,2024-07-29,3.17,1,343
4902,96765,Brooklyn,Bed-Stuy,40.760643,-74.004651,Entire home/apt,127.91,1,20,2024-01-04,1.2,1,189
4903,51316,Manhattan,Harlem,40.809949,-73.94778,Entire home/apt,262.91,5,13,2023-08-16,0.25,1,248
4904,72395,Manhattan,Harlem,40.758894,-73.958587,Private room,149.61,7,6,2024-03-27,0.38,1,298
4905,39218,Bronx,Riverdale,40.842648,-73.895129,Shared room,20.84,30,20,2024-04-21,0.34,1,331
4906,86437,Manhattan,Midtown,40.745328,-73.991416,Entire home/apt,142.72,7,5,2023-12-23,0.37,1,216
4907,14715,Bronx,South Bronx,40.880206,-73.824108,Private room,50.01,7,43,2024-01-08,0.97,1,309
4908,40356,Manhattan,Harlem,40.778886,-73.95486,Entire home/apt,253.29,14,16,2024-08-31,3.04,3,248
4909,64229,Brooklyn,Williamsburg,40.734916,-73.934922,Entire home/apt,164.37,5,12,2024-07-04,0.04,1,294
4910,82766,Brooklyn,Bushwick,40.63486,-73.917737,Entire home/apt,209.89,5,25,2023-05-07,0.41,1,243
4911,1459,Queens,Flushing,40.767159,-73.740984,Entire home/apt,255.09,2,24,2023-01-30,1.36,1,350
4912,56586,Brooklyn,Williamsburg,40.730124,-74.02593,Shared room,47.83,3,4,2024-04-26,3.01,1,169
4913,24206,Brooklyn,Bed-Stuy,40.647604,-74.058117,Entire home/apt,205.55,30,3,2024-04-07,0.53,1,29
4914,30272,Manhattan,Tribeca,40.79804,-73.975446,Private room,192.59,1,3,2024-09-01,0.72,1,169
4915,87234,Manhattan,Hell Kitchen,40.791716,-74.000714,Entire home/apt,359.47,7,55,2024-02-14,0.7,1,48
4916,80529,Bronx,South Bronx,40.914849,-73.924517,Shared room,23.93,2,11,2024-07-21,0.52,1,104
4917,13096,Manhattan,Harlem,40.798591,-73.968841,Entire home/apt,299.32,7,5,2024-08-08,1.8,2,341
4918,83699,Manhattan,Chelsea,40.779311,-73.976603,Entire home/apt,358.52,3,11,2024-06-28,1.6,1,142
4919,2228,Queens,Jamaica,40.677155,-73.691284,Entire home/apt,91.7,5,20,2024-02-18,2.78,1,342
4920,14990,Manhattan,Midtown,40.783352,-73.996584,Entire home/apt,477.41,14,35,2024-05-21,3.74,10,353
4921,21465,Bronx,Riverdale,40.825602,-73.858383,Entire home/apt,192.9,3,18,2024-06-16,3.46,2,42
4922,40207,Brooklyn,Williamsburg,40.732068,-73.980477,Private room,71.9,3,8,2024-01-12,1.17,1,83
4923,34413,Brooklyn,Crown Heights,40.645933,-73.942794,Private room,103.73,30,21,2023-11-04,0.31,1,41
4924,76932,Queens,Jamaica,40.798074,-73.9044,Private room,93.09,30,24,2023-09-01,0.38,2,348
4925,71062,Manhattan,Lower East Side,40.793207,-73.980481,Private room,115.77,3,6,2024-05-19,1.34,1,91
4926,55961,Manhattan,Tribeca,40.776611,-73.931168,Entire home/apt,349.19,2,18,2024-01-18,3.76,1,71
4927,65067,Brooklyn,Williamsburg,40.666412,-73.898918,Entire home/apt,204.96,3,5,2023-08-09,1.13,1,47
4928,53203,Manhattan,Lower East Side,40.797478,-73.9948,Hotel room,120.07,3,33,2023-06-28,4.12,2,353
4929,50764,Brooklyn,Park Slope,40.567476,-73.894941,Private room,115.35,30,10,2024-05-03,0.46,1,238
4930,7657,Bronx,Riverdale,40.790623,-73.948009,Shared room,19.71,3,51,2024-06-14,0.14,3,152
4931,5355,Brooklyn,Bed-Stuy,40.73977,-74.005366,Private room,139.77,1,25,2023-07-15,2.39,1,202
4932,98074,Manhattan,Harlem,40.76765,-73.931713,Entire home/apt,220.19,2,4,2024-07-09,3.17,3,255
4933,50110,Bronx,South Bronx,40.761813,-73.927614,Entire home/apt,102.0,2,16,2023-11-20,0.89,1,23
4934,35452,Brooklyn,Crown Heights,40.650618,-73.958615,Entire home/apt,332.42,1,22,2023-06-29,0.16,2,290
4935,57116,Brooklyn,Williamsburg,40.624575,-74.013719,Entire home/apt,234.17,30,11,2024-01-03,0.06,5,193
4936,76289,Manhattan,Chelsea,40.8133,-73.96594,Entire home/apt,187.01,2,7,2024-02-09,0.1,2,221
4937,33487,Bronx,Fordham,40.874058,-73.871661,Entire home/apt,72.5,30,9,2024-08-23,0.87,1,167
4938,8069,Brooklyn,Bed-Stuy,40.695567,-73.888226,Private room,75.54,7,55,2024-07-23,0.4,5,197
4939,7816,Queens,Long Island City,40.648496,-73.773713,Private room,84.31,2,16,2024-02-17,0.93,1,233
4940,66173,Queens,Astoria,40.783883,-73.671316,Private room,83.1,2,13,2023-11-30,1.01,1,112
4941,19949,Manhattan,Harlem,40.822058,-73.969803,Shared room,57.81,3,21,2024-08-21,0.92,10,262
4942,67131,Brooklyn,Williamsburg,40.746518,-74.10441,Entire home/apt,120.37,1,6,2024-08-29,1.45,1,51
4943,15790,Queens,Jamaica,40.852383,-73.852971,Entire home/apt,161.17,5,26,2024-06-26,1.71,1,332
4944,17669,Manhattan,Upper East Side,40.778278,-73.962378,Private room,133.9,14,15,2024-02-28,0.76,1,298
4945,66642,Queens,Long Island City,40.715925,-73.779184,Entire home/apt,341.28,30,20,2024-04-25,0.62,1,211
4946,95952,Bronx,Mott Haven,40.924185,-73.884011,Entire home/apt,110.4,30,17,2024-08-31,0.69,1,250
4947,82720,Brooklyn,Bed-Stuy,40.612985,-73.835392,Entire home/apt,396.71,30,35,2024-08-03,0.11,1,41
4948,36847,Brooklyn,Williamsburg,40.709806,-73.828866,Entire home/apt,120.22,3,9,2023-12-25,0.58,1,33
4949,15224,Queens,Forest Hills,40.79729,-73.900788,Entire home/apt,76.75,7,24,2024-06-30,0.33,2,328
4950,84306,Queens,Long Island City,40.779831,-73.873616,Entire home/apt,92.0,2,5,2024-08-10,0.52,10,281
4951,49219,Manhattan,Chelsea,40.783249,-73.972714,Entire home/apt,463.41,3,26,2024-08-23,1.88,1,217
4952,26903,Manhattan,Tribeca,40.750747,-73.987456,Private room,290.69,5,27,2023-09-25,6.7,1,337
4953,12784,Brooklyn,Williamsburg,40.810511,-73.929897,Entire home/apt,140.42,7,38,2024-05-10,3.86,1,272
4954,94227,Brooklyn,Park Slope,40.667664,-73.835427,Entire home/apt,159.7,2,15,2024-04-28,2.59,1,254
4955,59626,Brooklyn,Crown Heights,40.654426,-73.949685,Entire home/apt,120.29,2,5,2024-08-21,2.0,1,196
4956,38675,Brooklyn,Bed-Stuy,40.737648,-73.968244,Entire home/apt,93.02,30,16,2024-05-04,4.35,1,5
4957,40139,Manhattan,Lower East Side,40.76817,-74.016275,Private room,191.94,5,30,2024-02-28,2.09,1,33
4958,25879,Brooklyn,Crown Heights,40.62201,-74.000962,Private room,104.96,14,40,2024-08-09,0.96,1,308
4959,53998,Manhattan,Tribeca,40.786271,-73.983409,Private room,144.61,30,6,2023-07-10,1.38,1,94
4960,4081,Brooklyn,Greenpoint,40.807681,-74.007658,Entire home/apt,109.67,5,21,2023-12-01,0.55,10,164
4961,39221,Brooklyn,Crown Heights,40.762239,-73.931015,Private room,185.0,5,12,2023-11-15,0.0,1,147
4962,1032,Manhattan,Tribeca,40.799235,-73.95628,Private room,117.74,7,29,2024-04-16,0.65,1,203
4963,8669,Manhattan,Midtown,40.738735,-73.971431,Entire home/apt,356.53,14,10,2024-06-20,0.78,1,186
4964,66113,Brooklyn,Bushwick,40.662466,-74.012179,Private room,53.65,30,36,2024-03-01,1.98,1,138
4965,74254,Brooklyn,Bed-Stuy,40.705778,-73.841208,Entire home/apt,177.91,7,27,2024-07-18,2.94,1,93
4966,38375,Manhattan,Lower East Side,40.72964,-73.981889,Private room,161.8,3,28,2024-08-06,4.93,1,113
4967,72863,Bronx,Fordham,40.782512,-73.861211,Private room,62.0,5,17,2024-04-15,0.65,1,39
4968,73113,Brooklyn,Greenpoint,40.658663,-73.980541,Entire home/apt,204.25,2,19,2024-05-07,4.73,2,205
4969,60984,Bronx,Riverdale,40.879275,-73.782991,Private room,66.3,1,5,2024-08-03,2.41,1,311
4970,11858,Brooklyn,Greenpoint,40.837879,-73.988578,Entire home/apt,122.15,2,49,2024-04-18,0.05,1,109
4971,1411,Brooklyn,Bushwick,40.568947,-73.910648,Entire home/apt,207.77,5,21,2024-04-12,1.36,1,276
4972,52265,Queens,Flushing,40.857039,-73.729805,Hotel room,113.03,2,16,2023-08-29,0.68,1,214
4973,70479,Brooklyn,Bed-Stuy,40.774581,-73.957729,Shared room,59.24,3,3,2023-12-20,0.05,1,99
4974,14412,Brooklyn,Bed-Stuy,40.641626,-73.937274,Entire home/apt,197.64,5,7,2024-07-19,1.14,1,196
4975,46151,Manhattan,Hell Kitchen,40.776489,-73.957938,Entire home/apt,173.07,30,5,2023-10-31,1.32,2,301
4976,99266,Brooklyn,Williamsburg,40.736386,-73.881315,Entire home/apt,113.34,7,61,2022-12-16,0.44,1,322
4977,59782,Manhattan,Chelsea,40.793312,-73.966284,Entire home/apt,118.78,30,15,2024-01-19,4.22,1,347
4978,16171,Manhattan,Chelsea,40.798989,-74.01046,Private room,199.7,1,21,2023-11-28,1.41,1,3
4979,80202,Manhattan,Chelsea,40.787311,-73.97015,Shared room,112.79,5,7,2024-07-08,0.29,1,121
4980,87367,Manhattan,Upper East Side,40.787362,-73.972952,Private room,201.79,2,14,2022-04-19,1.92,2,286
4981,75506,Staten Island,St. George,40.601093,-74.173184,Entire home/apt,112.15,14,16,2024-07-29,1.04,1,329
4982,57824,Manhattan,Lower East Side,40.80569,-73.961727,Private room,61.35,2,36,2023-12-26,0.96,2,203
4983,32092,Brooklyn,Greenpoint,40.687241,-73.986051,Entire home/apt,127.33,5,35,2024-06-03,2.7,1,188
4984,46590,Queens,Jamaica,40.793425,-73.778367,Shared room,43.36,14,11,2024-06-14,0.22,1,144
4985,9878,Brooklyn,Park Slope,40.632871,-73.9476,Private room,101.35,7,4,2024-07-03,1.01,1,52
4986,33827,Manhattan,Hell Kitchen,40.795682,-73.960169,Private room,131.72,7,3,2024-05-20,2.28,1,7
4987,97662,Brooklyn,Bed-Stuy,40.707421,-73.938648,Entire home/apt,222.53,5,12,2023-11-25,1.62,1,327
4988,30542,Brooklyn,Park Slope,40.739749,-73.869932,Entire home/apt,192.9,2,17,2023-04-11,0.01,1,157
4989,56415,Brooklyn,Park Slope,40.722439,-73.979447,Entire home/apt,201.5,30,14,2024-05-28,2.32,1,82
4990,72586,Queens,Flushing,40.643555,-73.838415,Private room,55.76,2,10,2024-02-25,4.34,1,312
4991,38328,Staten Island,Stapleton,40.677183,-74.138932,Entire home/apt,146.93,7,22,2023-11-27,1.83,1,7
4992,1816,Brooklyn,Bushwick,40.805787,-73.951412,Entire home/apt,161.61,30,10,2024-08-14,3.13,1,25
4993,81753,Manhattan,Harlem,40.777924,-73.972681,Entire home/apt,169.14,14,45,2023-01-29,0.67,2,148
4994,79879,Brooklyn,Crown Heights,40.67267,-73.990619,Private room,70.52,2,16,2024-07-21,0.65,1,47
4995,56031,Manhattan,Lower East Side,40.760123,-73.961173,Entire home/apt,250.53,1,7,2023-06-16,0.58,1,361
4996,9357,Queens,Astoria,40.812592,-73.599301,Private room,107.15,1,6,2022-07-18,1.99,10,50
4997,17836,Manhattan,Midtown,40.774426,-73.978253,Shared room,79.64,1,3,2024-08-13,4.27,2,326
4998,92709,Manhattan,Tribeca,40.767675,-73.948685,Shared room,75.19,1,8,2023-07-28,3.25,1,42
4999,34439,Queens,Long Island City,40.793399,-73.865055,Entire home/apt,87.39,30,10,2024-03-01,0.24,1,129
5000,54273,Brooklyn,Bed-Stuy,40.624068,-73.887049,Entire home/apt,262.88,3,14,2023-10-31,1.48,2,61
